--------- beginning of main
09-07 19:55:59.984  3867  9218 W Settings: Setting airplane_mode_on has moved from android.provider.Settings.System to android.provider.Settings.Global, returning read-only value.
09-07 19:55:59.994  3867 14964 W SystemServiceRegistry: No service published for: wifirtt
09-07 19:56:07.450  8145  4985 I IPCThreadState: oneway function results for code 2 on binder at 0xb400007555e70f00 will be dropped but finished with status UNKNOWN_TRANSACTION
09-07 19:56:33.766  3867  3867 I NearbyDiscovery: (REDACTED) FastPairDisplayObserver: %s -> %s
09-07 19:56:34.444  8005  8005 I PkModeUpdater: PkModeUpdater.refreshDevices():206 refreshing devices
09-07 19:56:34.445  3867  3867 I NearbyDiscovery: (REDACTED) FastPairDisplayObserver: %s -> %s
09-07 19:56:34.449  8005  8005 I PkModeUpdater: PkModeUpdater.refreshDevices():206 refreshing devices
09-07 19:56:34.460  8005  8005 I PkModeUpdater: PkModeUpdater.refreshDevices():206 refreshing devices
09-07 19:56:34.513  8145 14139 I ewrk    : (REDACTED) HDM. appOpsListener %s %s
09-07 19:56:34.515  8145 14139 I ewrk    : (REDACTED) HDM. Ignoring irrelevant audio permission changes for package %s
09-07 19:56:34.589  8145  8145 I ewwm    : (REDACTED) received broadcast: %s
09-07 19:56:34.594  8145  8901 I ewwo    : (REDACTED) received broadcast: %s
09-07 19:56:34.595  8145  8901 I ewow    : HDM. #onScreenStatusUpdate
09-07 19:56:34.601  8145  8901 I ewra    : (REDACTED) HDM. #onConfigUpdate. requester: %s
09-07 19:56:34.621  8145  8901 I ewra    : HDM. #onConfigUpdate inside sequencer
09-07 19:56:34.621  8145  8901 I ewra    : (REDACTED) HDM. getAllConfigAndTakeAction called because of %s
09-07 19:56:34.627  8145  8901 I ewsf    : (REDACTED) Operational mode passed in HotwordConfig is %s
09-07 19:56:34.648  8005 14956 I DeviceStatusMonitor: DeviceStatusMonitor.handleBroadcast():184 onReceive() : Action = android.intent.action.SCREEN_ON
--------- beginning of system
09-07 19:56:34.653  8145  8708 W KeyphraseEnrollmentInfo: No enrollment application supports the given keyphrase/locale: 'X Google'/en_IN
09-07 19:56:34.653  8145  8708 W KeyphraseEnrollmentInfo: No enrollment application supports the given keyphrase/locale: 'X Google'/en_US
09-07 19:56:34.654  8145  8708 W KeyphraseEnrollmentInfo: No enrollment application supports the given keyphrase/locale: 'X Google'/ar_EG
09-07 19:56:34.654  8145  8708 W KeyphraseEnrollmentInfo: No enrollment application supports the given keyphrase/locale: 'X Google'/en_US
09-07 19:56:34.654  8145  8708 W ewty    : (REDACTED) #getDspEnrollmentFallbackLocale cannot find a fallback locale for %s.
09-07 19:56:34.654  8145  8708 W KeyphraseEnrollmentInfo: No enrollment application supports the given keyphrase/locale: 'Ok Google'/en_US
09-07 19:56:34.654  8145  8708 W KeyphraseEnrollmentInfo: No enrollment application supports the given keyphrase/locale: 'Ok Google'/ar_EG
09-07 19:56:34.654  8145  8708 W KeyphraseEnrollmentInfo: No enrollment application supports the given keyphrase/locale: 'Ok Google'/en_US
09-07 19:56:34.654  8145  8708 W ewty    : (REDACTED) #getDspEnrollmentFallbackLocale cannot find a fallback locale for %s.
09-07 19:56:34.655  8145  8708 I ewue    : (REDACTED) #getDspAvailableResult locale : %s, dsp locale : %s, keyphrase : %s, DSP keyphrase : %s, isKeyphraseAndLocaleSupported : %b, canUseDownloadDspModel : %b. forceUniversalDspHotwordModel : %b
09-07 19:56:34.655  8145  8708 W KeyphraseEnrollmentInfo: No enrollment application supports the given keyphrase/locale: 'Y Google'/en_IN
09-07 19:56:34.657  8005  8005 I InputBundle: InputBundle.switchToKeyboardDirectly():531 switchToKeyboardDirectly(): KeyboardTypeAndPayload(keyboardType=prime, payload=null)
09-07 19:56:34.657  8145  8708 I ewue    : (REDACTED) isDspHotwordSupportedByPlatform = %s, isDspHotwordModelAvailable = %s
09-07 19:56:34.657  8005  8005 I InputBundle: InputBundle.switchToKeyboardDirectly():531 switchToKeyboardDirectly(): KeyboardTypeAndPayload(keyboardType=prime, payload=null)
09-07 19:56:34.657  8005  8005 I InputBundle: InputBundle.switchToKeyboardDirectly():531 switchToKeyboardDirectly(): KeyboardTypeAndPayload(keyboardType=prime, payload=null)
09-07 19:56:34.657  8005  8005 I InputBundle: InputBundle.switchToKeyboardDirectly():531 switchToKeyboardDirectly(): KeyboardTypeAndPayload(keyboardType=prime, payload=null)
09-07 19:56:34.657  8005  8005 I InputBundle: InputBundle.switchToKeyboardDirectly():531 switchToKeyboardDirectly(): KeyboardTypeAndPayload(keyboardType=prime, payload=null)
09-07 19:56:34.657  8005  8005 I InputBundle: InputBundle.switchToKeyboardDirectly():531 switchToKeyboardDirectly(): KeyboardTypeAndPayload(keyboardType=prime, payload=null)
09-07 19:56:34.659  8005 14956 I DeviceStatusMonitor: DeviceStatusMonitor.updateCountryInfo():200 updateCountryInfo(), notifyAnyway = false
09-07 19:56:34.659  8145  8905 I exad    : (REDACTED) HDM. hotword running %s
09-07 19:56:34.662  8145  8708 I ewra    : (REDACTED) HDM. getAllConfigAndTakeAction dspAvailable: %b, disableDspInTest: %b
09-07 19:56:34.663  8145  8708 I ewpb    : (REDACTED) HDM. hotword enrollment state is enrolled:  %s, speakerId model exist: %s.
09-07 19:56:34.669  8145  8708 I ewpb    : (REDACTED) HDM. Hotword enrollment state : %s.
09-07 19:56:34.670  8145  8708 I ewra    : HDM. Registering for screen on/off intent ...
09-07 19:56:34.673  8145  8708 I ewpb    : (REDACTED) HDM. Hotword enrollment state : %s.
09-07 19:56:34.702 14782 14782 I fzuj    : (REDACTED) Created gRPC endpoint for service %s
09-07 19:56:34.762  8145  9038 I ewsf    : (REDACTED) Operational mode passed in HotwordConfig is %s
09-07 19:56:34.763  8145  9038 I ewpb    : (REDACTED) HDM. Hotword enrollment state : %s.
09-07 19:56:34.763  8145  9038 I ewrx    : (REDACTED) HDM. DefaultPersonalDecisionMaker#getNextAction. Voice match enabled: %b. incomplete enrollment state: %b, screen on: %b, screen locked: %b dsp available: %b
09-07 19:56:34.763  8145  9038 I ewsh    : (REDACTED) HDM. SharedDecisionMaker#getNextAction for requester %s, mode %s 
09-07 19:56:34.764  8145  9038 I ewsh    : HDM. #SharedDecisionMaker. NextAction.START
09-07 19:56:34.765  8145  9038 I ewps    : HDM. Reconfig not needed.
09-07 19:56:34.765  8145  9038 I ewra    : (REDACTED) HDM. currentReconfigCheckerResult %s
09-07 19:56:34.766  8145  9038 I ewyl    : (REDACTED) #setSpeakerIdRequired: %s
09-07 19:56:34.766  8145  9038 I ewra    : (REDACTED) HDM. Get the next action %s for requester %s.
09-07 19:56:34.767  8145  9038 I ewra    : HDM. getDspTriggerNotificationRequirement
09-07 19:56:34.767  8145  9038 I ewra    : (REDACTED) HDM. dspTriggerNotificationRequirement: %s
09-07 19:56:34.767  8145  9038 I exai    : HDM. Trusted hotword enabled for flag
09-07 19:56:34.768  8145  9038 I ewpp    : Starting trusted software hotword detection
09-07 19:56:34.768  8145  9038 I exad    : HDM. #startHotwordRecognition
09-07 19:56:34.770  8145  9038 I ewra    : HDM. #handleStartHotwordDetectionResult
09-07 19:56:34.772  8145  8491 I exad    : HDM. #setSpeakerIdRequired inside sequencer
09-07 19:56:34.787  8145  8491 I exad    : HDM. No change in speaker-id requirement, so no need to update.
09-07 19:56:34.823  8145  8470 I exad    : HDM. #createHotwordDetectorIfNecessary
09-07 19:56:34.824  8145  8470 I exad    : HDM. hotwordDetector already created and first onHotwordDetectionServiceInitialized called.
09-07 19:56:34.838  3867  3867 I CastMediaRouteProvider: Published 0 routes
09-07 19:56:34.849  8145  9199 I exad    : HDM. Start hotword detection successfully.
09-07 19:56:34.849  3867 11398 I NullBinder: NullBinder for android.net.action.RECOMMEND_NETWORKS triggering remote TransactionTooLargeException due to Service without Chimera impl, calling uid: 1000, calling pid: 0
09-07 19:56:34.849  3867 11398 W .gms.persistent: Large reply transaction of 1056768 bytes, interface descriptor , code 1
09-07 19:56:34.861  3867 10181 I NearbyDiscovery: (REDACTED) PureOffloadFastPairScanner: eventType=%s, isInternalReq=%s, isScanning=%s, isScanningAllowed=%s
09-07 19:56:34.864  8145  8708 I ewra    : HDM. Hotword started successfully.
09-07 19:56:34.865  8145  8708 I egtf    : (REDACTED) HDM event received: %s
09-07 19:56:34.865  8145  8708 I ewra    : HDM. after notify apa
09-07 19:56:34.871 12456 12466 W ProxyAndroidLoggerBackend: Too many Flogger logs received before configuration. Dropping old logs.
09-07 19:56:34.871 12456 12466 W ProxyAndroidLoggerBackend: Too many Flogger logs received before configuration. Dropping old logs.
09-07 19:56:34.871 12456 12466 W ProxyAndroidLoggerBackend: Too many Flogger logs received before configuration. Dropping old logs.
09-07 19:56:34.871 12456 12466 W ProxyAndroidLoggerBackend: Too many Flogger logs received before configuration. Dropping old logs.
09-07 19:56:34.871 12456 12466 W ProxyAndroidLoggerBackend: Too many Flogger logs received before configuration. Dropping old logs.
09-07 19:56:34.872 12456 12466 E VivoAudioPolicyProxyNative: VivoAudioPolicyProxy getInstanceInter: binding to vivoaudiopolicy service failed, service up?
09-07 19:56:34.872 12456 12466 I AudioRecord: set(): 0xb4000074c5e27830, inputSource 1999, sampleRate 16000, format 0x1, channelMask 0x10, frameCount 128000, notificationFrames 0, sessionId 0, transferType 0, flags 0, attributionSource AttributionSourceState{pid: 12456, uid: 99003, deviceId: 0, packageName: com.google.android.googlequicksearchbox, attributionTag: (null), token: binder:0xb400007545e36870, renouncedPermissions: [], next: []} uid -1, pid -1, packageName com.google.android.googlequicksearchbox
09-07 19:56:34.872 12456 12466 I AudioRecord: set final client name com.google.android.googlequicksearchbox(0)
09-07 19:56:34.874 12456 12466 E word_detector_0: RecordingActivityTracker(): binding to audio service failed, service up?
09-07 19:56:34.876 12456 12466 I AudioRecord: set(): getPolicyInputSourceForVoip mAttributes inputsource=1999, input source= 1999,flags:0
09-07 19:56:34.911  3867 10181 I NearbyDiscovery: (REDACTED) ApFastPairScanner: isScreenOn=%s, isLocationEnabled=%s, disableLocationRequirement=%s, isDiscoveryScanningEnabled=%s, during24GhzWifiWarmingUpPeriod=%s
09-07 19:56:34.917  3867 10181 I NearbyDiscovery: (REDACTED) ApFastPairScanner: eventType=%s, intReq=%s, scanning=%s, scanAllowed=%s, bleEnabled=%s, lockScanRate=%s, startScanningByLowPowerMode=%s
09-07 19:56:34.926  3867  3867 I BatchScanningManager: Batch scanner stopped/cancelled (if it was running/scheduled). [CONTEXT service_id=284 ]
09-07 19:56:34.946  3867  3867 I RCNService: updateRcnState to isRcnSettingsEnabled: true, isScreenOn: true
09-07 19:56:34.946  3867 15144 I NearbyMediums: Wifi changed new SSID: "Mr Balichak"
09-07 19:56:34.946  3867 15144 I NearbyMediums: WifiLanConnectivityInfo is not changed, skip notify.
09-07 19:56:34.954  3867  3867 W DiscoveryManager: BroadcastReceiver is already registered
09-07 19:56:34.960 12456 12466 W ProxyAndroidLoggerBackend: Too many Flogger logs received before configuration. Dropping old logs.
09-07 19:56:34.962 12456 12466 I native  : I0000 00:00:1788791194.962525   12466 soda_client.cc:385] Starting capture.
09-07 19:56:34.963 12456 12545 W ProxyAndroidLoggerBackend: Too many Flogger logs received before configuration. Dropping old logs.
09-07 19:56:34.963 12456 12545 W ProxyAndroidLoggerBackend: Too many Flogger logs received before configuration. Dropping old logs.
09-07 19:56:34.963 12456 12545 I AudioRecord: start(462) uid:1000,pid:0,sessionId 2769,source:1999,pkgName:com.google.android.googlequicksearchbox
09-07 19:56:34.964 12456 12466 I native  : I0000 00:00:1788791194.963003   12466 soda_async_impl.cc:652] SODA session starting (require_hotword:1, hotword_timeout_in_millis:0, trigger_type:TRIGGER_TYPE_UNSPECIFIED, hybrid_asr_config.mode:MODE_DEFAULT)
09-07 19:56:34.966 12456 12549 W ProxyAndroidLoggerBackend: Too many Flogger logs received before configuration. Dropping old logs.
09-07 19:56:34.964 12456 12545 E VivoAudioPolicyProxyNative: VivoAudioPolicyProxy getInstanceInter: binding to vivoaudiopolicy service failed, service up?
09-07 19:56:34.979  3867 10181 I NearbyDiscovery: (REDACTED) ApFastPairScanner: isScreenOn=%s, isLocationEnabled=%s, disableLocationRequirement=%s, isDiscoveryScanningEnabled=%s, during24GhzWifiWarmingUpPeriod=%s
09-07 19:56:34.984  3867 10181 I NearbyDiscovery: (REDACTED) ApFastPairScanner: Start scanning internally, %s
09-07 19:56:34.993 12456 12545 W ProxyAndroidLoggerBackend: Too many Flogger logs received before configuration. Dropping old logs.
09-07 19:56:35.048  3867 10181 I NearbyDiscovery: (REDACTED) ApFastPairScanner: Start scanning, mode=%s
09-07 19:56:35.050  3867 10181 I NearbyDiscovery: (REDACTED) FastPairHandler: Received action %s
09-07 19:56:35.053 10398 10402 I cebook.services: Background young concurrent copying GC freed 2536KB AllocSpace bytes, 0(0B) LOS objects, 18% free, 8149KB/10032KB, paused 254us,92us total 100.322ms
09-07 19:56:35.064  3867 10181 I NearbyDiscovery: (REDACTED) PureOffloadFastPairScanner: eventType=%s, isInternalReq=%s, isScanning=%s, isScanningAllowed=%s
09-07 19:56:35.073  3867 10181 I NearbyDiscovery: (REDACTED) ApFastPairScanner: isScreenOn=%s, isLocationEnabled=%s, disableLocationRequirement=%s, isDiscoveryScanningEnabled=%s, during24GhzWifiWarmingUpPeriod=%s
09-07 19:56:35.075  3867 10181 I NearbyDiscovery: (REDACTED) ApFastPairScanner: eventType=%s, intReq=%s, scanning=%s, scanAllowed=%s, bleEnabled=%s, lockScanRate=%s, startScanningByLowPowerMode=%s
09-07 19:56:35.075  3867 10181 I NearbyDiscovery: FastPairController: onSystemStateChanged: skip due to flag disabled [CONTEXT service_id=265 ]
09-07 19:56:35.082  3867  4305 I MdnsServiceBrowser: (REDACTED) registering %s
09-07 19:56:35.083  3867 14478 I DiscoveryManager: Discovery state (DiscoveryState{filterCriteria=[%urn:x-cast:com.google.cast.media, CFE7FEDA, 674A0243, 8E6C866D], categoryToCriteria={com.google.android.gms.cast.CATEGORY_CAST//urn:x-cast:com.google.cast.media//ALLOW_IPV6=[%urn:x-cast:com.google.cast.media], com.google.android.gms.cast.CATEGORY_CAST/CFE7FEDA/urn:x-cast:com.google.cast.media//ALLOW_IPV6=[CFE7FEDA, %urn:x-cast:com.google.cast.media], com.google.android.gms.cast.CATEGORY_CAST/8E6C866D///ALLOW_IPV6=[8E6C866D], com.google.android.gms.cast.CATEGORY_CAST/674A0243///ALLOW_IPV6=[674A0243]}, activeScan=false, activeScanWithScreenOff=false, discoveryRequestSupportsDynamicSession=false, eventFlowId=160})
09-07 19:56:35.095  3867  3867 I CastMediaRouteProvider: Published 0 routes
09-07 19:56:35.110 12456 12545 W ProxyAndroidLoggerBackend: Too many Flogger logs received before configuration. Dropping old logs.
09-07 19:56:35.116 12456 12496 I native  : I0000 00:00:1788791195.116215   12496 soda_async_impl.cc:1394] SODA received first mic audio buffer, size in bytes: 320, format: 1, channels: 1, sample rate: 16000
09-07 19:56:35.159  3867 14478 I DeviceScanner: [MDNS] Received response from "F12V" (903320416f099bed25aaaa6c7dc1d2d9) [cast connect] with result "1 New device"
09-07 19:56:35.176  3867  4305 I MdnsServiceBrowser: (REDACTED) registering %s
09-07 19:56:35.346 10398 10402 I cebook.services: Background concurrent copying GC freed 4697KB AllocSpace bytes, 0(0B) LOS objects, 60% free, 3946KB/10090KB, paused 798us,79us total 199.299ms
09-07 19:56:35.378  3867  3867 I CastMediaRouteProvider: Published 1 routes
09-07 19:56:35.432  3867 15144 I NearbySharing: Network state changed: NetworkState(isRestricted=false, isOnline=true, isCongested=false, isMetered=false, isWifiConnected=true)
09-07 19:56:35.434  3867 15362 I DeviceScanner: [MDNS] Received response from "F12V" (903320416f099bed25aaaa6c7dc1d2d9) [cast connect] with result "2 Updated device"
09-07 19:56:35.438  3867 12572 I NearbySharing: Network state changed: NetworkState(isRestricted=false, isOnline=true, isCongested=false, isMetered=false, isWifiConnected=true)
09-07 19:56:35.464  3867 15362 I CastSocketMultiplexer: Stopping multiplexer...
09-07 19:56:35.500 12456 12496 I native  : I0000 00:00:1788791195.499729   12496 soda_async_impl.cc:1150] Not receiving any loopback audio in 500ms. Last audio received time: 1970-01-01T05:30:00+05:30, Current time: 2026-09-07T19:56:35.499669705+05:30
09-07 19:56:35.663  8145  4985 W ratelimit: Single process limit 50/s drop 6 lines.
09-07 19:56:35.663  8145  4985 I ewrk    : (REDACTED) HDM. appOpsListener %s %s
09-07 19:56:35.666  8145  4985 I ewrk    : (REDACTED) HDM. Ignoring irrelevant audio permission changes for package %s
09-07 19:56:37.848  3867 10181 I NearbyDiscovery: (REDACTED) FastPairHandler: Received action %s
09-07 19:56:37.848  3867 10181 I NearbyDiscovery: FastPairController: onSystemStateChanged: skip due to flag disabled [CONTEXT service_id=265 ]
09-07 19:56:37.851  3867 15144 I NearbySharing: Screen is unlocked
09-07 19:56:37.851  3867 15144 I NearbySharing: Uwb feature is off.
09-07 19:56:37.851  3867 15144 I NearbySharing: Uwb feature is off.
09-07 19:56:37.858  3867 15144 I NearbySharing: NearbySharing Internal event ReceiveVisibilityChange(visibility=1)
09-07 19:56:37.859  3867 15144 I NearbySharing: SendProvider: Starting discovery with options: SendManagerOptions(mode=BACKGROUND, flowId=7239567970066373031, uwbSenderInfo=null, deviceType=1, dataUsage=2, vendorId=0).
09-07 19:56:37.859  3867 15144 I NearbySharing: NearbySharing Internal event SendManagerStart(mode=BACKGROUND, useCase=0, sendSurfaceState=0, sendSurfaceStartTimeMillis=-1, useQrCode=false, success=true)
09-07 19:56:37.859  3867 15144 I NearbySharing: Scanning has started in the BACKGROUND
09-07 19:56:37.862  3867 15144 I NearbySharing: Stopping Fast Init advertisement because we're not scanning in the foreground.
09-07 19:56:37.871  3867 15144 I NearbySharing: Start advertising with mode BACKGROUND certificate visibility ALL_CONTACTS data usage preference ONLINE, bt advertising false, vendorId 0, deviceName included: false
09-07 19:56:37.871  3867 15144 I NearbySharing: Uwb feature is off.
09-07 19:56:37.872  3867 15144 I NearbySharing: Updating advertising options for [ealr@8d0835d, effr@9bce27f] providers
09-07 19:56:37.872  3867  4305 I NearbyConnections: Client 9838674 requested discovery to start.
09-07 19:56:37.872  3867 15144 I NearbySharing: Updating advertising options: AdvertisingOptions{mode=BACKGROUND, dataUsage=2, flowId=0, uwbSenderInfo=[], deviceType=1, bluetoothClassicEnabled=false, useStableIdentifiers=false, allowGattConnections=false, allowBleL2capConnections=false, vendorId=0, advertisePlaintextDeviceName=false, isPinCodeEnabled=false, listenOnly=false}
09-07 19:56:37.872  3867 15144 I NearbySharing: Updating advertising options: AdvertisingOptions{mode=BACKGROUND, dataUsage=2, flowId=0, uwbSenderInfo=[], deviceType=1, bluetoothClassicEnabled=false, useStableIdentifiers=false, allowGattConnections=false, allowBleL2capConnections=false, vendorId=0, advertisePlaintextDeviceName=false, isPinCodeEnabled=false, listenOnly=false}
09-07 19:56:37.872  3867 15144 I NearbySharing: ReceiveProvider: Received request to update advertising.
09-07 19:56:37.892  3867 15437 I NearbyConnections: 9838674 0p:com.google.android.gms.nearby.sharing startDiscovery in nc mode.
09-07 19:56:37.913  3867 15336 I Nearby  : (REDACTED) Note nearby client %s for operation %s
09-07 19:56:37.915  3867 15336 I NearbyConnections: Get local endpoint id from the existing localEndpointId:ONET (last:RYQO) for client 9838674(0p:com.google.android.gms.nearby.sharing)
09-07 19:56:37.916  3867 15336 I NearbyConnections: In startNfcDiscovery(), client 9838674 couldn't start scanning on NFC for serviceId NearbySharing.
09-07 19:56:37.918  3867 15336 I NearbyMediums: In ScanningCancellationFlag, service-id=NearbySharing has become the first scanner. The flag has been reset.
09-07 19:56:37.928  3867 15144 I NearbySharing: Advertising has started with mode BACKGROUND, Bt enabled : false
09-07 19:56:37.987 14328 15448 I SystemUpdate: [Phone,PhoneModuleInitIntentOperation] Enabling the system update activity since the user is allowed to update.
09-07 19:56:38.009  3867 15444 I NearbyMediums: ModuleInitializer handles incoming intent android.intent.action.USER_PRESENT
09-07 19:56:38.013  3867 12572 I Nearby  : (REDACTED) Beginning attempt #%d out of %d for %s...
09-07 19:56:38.018 14328 15446 I PersonalSafety: ConnectivityProtectionLockingIntentOperation: cancelled task [CONTEXT service_id=310 ]
09-07 19:56:38.020  3867 12572 I NearbyMediums: BluetoothAdapter's name was not set by Nearby Connections, ignoring call to restore default scan mode.
09-07 19:56:38.020  3867 12572 I NearbyMediums: BluetoothAdapter's name was not set by Nearby Connections, ignoring call to restore device name
09-07 19:56:38.024  3867 15336 I NearbyMediums: Started BLE scanning, service-id=NearbySharing, is-extended-advert=true, power-level=2, scan-mode=3
09-07 19:56:38.031  3867 15336 I NearbyConnections: Listening to visibility changes for client 9838674
09-07 19:56:38.055  3867  3867 I RCNService: updateRcnState to isRcnSettingsEnabled: true, isScreenOn: true
09-07 19:56:38.056  8005  8005 I GoogleInputMethodService: GoogleInputMethodService.onStartInput():1532 onStartInput(EditorInfo{EditorInfo{packageName=com.android.settings, inputType=0, inputTypeString=NULL, enableLearning=false, autoCorrection=false, autoComplete=false, imeOptions=0, privateImeOptions=null, actionName=UNSPECIFIED, actionLabel=null, initialSelStart=-1, initialSelEnd=-1, initialCapsMode=0, label=null, fieldId=0, fieldName=null, extras=null, hintText=null, hintLocales=[]}}, false)
09-07 19:56:38.057  8005  8005 I LatinIMEBase: LatinIMEBase.updateInputViewCoverNavigation():316 Update input view padding, isNavbarOverInputWindow=true, bottom inset=132
09-07 19:56:38.058  8005 14633 I Module  : DeviceLockedStatusModuleProvider$Module.updateDeviceLockedStatusInternal():119 repeatCheckTimes = 1, locked = false
09-07 19:56:38.078  3867 15144 I NearbySharing: Starting scanning for Fast Initiation.
09-07 19:56:38.102  3867 15144 I NearbySharing: Started scanning for FastInitiation with mode: SCAN_MODE_BALANCED
09-07 19:56:38.139  3867 15144 I NearbySharing: Fast Initiation Scanning has started
09-07 19:56:38.140  3867 15144 I NearbySharing: Dismissing HUN as there's no device nearby.
09-07 19:56:38.152  3867 15335 I NearbySharing: Loading certificates with visibility ALL_CONTACTS
09-07 19:56:38.153  3867 15335 I NearbySharing: Saving the private certificate to file nearby_sharing_private_certificate_file_for_all_contacts.
09-07 19:56:38.179  3867 15335 I NearbySharing: Network state changed: NetworkState(isRestricted=false, isOnline=true, isCongested=false, isMetered=false, isWifiConnected=true)
09-07 19:56:38.180  3867 15335 I NearbySharing: Network state changed: NetworkState(isRestricted=false, isOnline=true, isCongested=false, isMetered=false, isWifiConnected=true)
09-07 19:56:38.180  3867  4305 I NearbyConnections: ClientProxy(0p:com.google.android.gms.nearby.sharing) allow WebRtc to use mobile data.
09-07 19:56:38.180  3867  4305 I NearbyConnections: Client 9838674 requested to update advertising options.
09-07 19:56:38.182  3867 15336 I Nearby  : (REDACTED) Note nearby client %s for operation %s
09-07 19:56:38.187  3867 15336 I NearbyConnections: [InstantConnectionPcpMgr] In invalidateTxAdvertisementScanning(by pre_updateAdvertising) tx advertisement scanning skipped or stopped for endpointId: serviceId:NearbySharing isScreenUnlocked:true isAdvertising:true powerLevel:LOW isTxScanning:false
09-07 19:56:38.188  3867 15336 I NearbyConnections: [PcpManager] In updateAdvertisingOptions() advertisingMediums:[WIFI_DIRECT, WIFI_HOTSPOT, WIFI_AWARE, WIFI_LAN, BLE] upgradeMediums:[USB, WIFI_LAN, WIFI_DIRECT, WIFI_AWARE, WIFI_HOTSPOT, WEB_RTC, BLE_L2CAP, BLUETOOTH, BLE, NFC] requireRegisterWifiStatusChangedCallback:true
09-07 19:56:38.195  3867 15336 I NearbyConnections: Instant Connection Security key rotated.
09-07 19:56:38.195  3867 15336 I NearbyConnections: Scheduled invalidation of the HPKE key alarm (delayMillis:8000) for client 9838674
09-07 19:56:38.196  3867 15336 I NearbyConnections: Get local endpoint id from random generation BIXQ (last:ONET) for client 9838674
09-07 19:56:38.198  3867 15336 I NearbyMediums: [DeviceCapabilities] Get wifi usable channels from cache for mode WFD_GC (tryToRefreshCache:false channels:[2412..2472, 5180..5240, 5745..5825])
09-07 19:56:38.199  3867 15336 I NearbyMediums: [DeviceCapabilities] Get wifi usable channels from cache for mode WFD_GO (tryToRefreshCache:false channels:[2412..2472, 5180..5240, 5745..5825])
09-07 19:56:38.200  3867 15336 I NearbyMediums: [DeviceCapabilities] Get wifi usable channels from cache for mode STA (tryToRefreshCache:false channels:[2412..2472, 5180..5240, 5745..5825])
09-07 19:56:38.200  3867 15336 I NearbyMediums: [DeviceCapabilities] Get wifi usable channels from cache for mode AWARE (tryToRefreshCache:false channels:[2412..2472, 5180..5240, 5745..5825])
09-07 19:56:38.201  3867 15336 I NearbyConnections: In generateRxInstantConnectionAdvBytes() advertisingMediums:[WIFI_DIRECT, WIFI_HOTSPOT, WIFI_AWARE, WIFI_LAN, BLE] capabilitiesSize:4 apFreq:5180 wfdGcUsableOrAvailableChs:[2412..2472, 5180..5240, 5745..5825] wfdGoUsableOrAvailableChs:[2412..2472, 5180..5240, 5745..5825] hsStaUsableOrAvailableChs:[2412..2472, 5180..5240, 5745..5825] awareUsableOrAvailableChs:[2412..2472, 5180..5240, 5745..5825] rxAdvertisement(size:57):A0:17:4A:F3:5A:FB:D4:0D:C7:17:75:66:8E:82:DB:3E:18:4F:48:20:55:97:E9:41:7D:33:60:FB:94:F0:DF:4C:B2:56:84:15:05:61:00:00:84:15:06:61:00:00:84:15:04:61:00:00:83:15:01:14:3C
09-07 19:56:38.206  3867 15336 I NearbyMediums: Device token rotated, old deviceToken : [ 0x2b 0xb9 ].
09-07 19:56:38.228  3867  3867 I NearbyMediums: [InstantOnLostManager] Start instant onLost extended advertising, hashes = [ 0xd3 0xd0 0xf6 0x20 ].
09-07 19:56:38.229  3867 15336 I NearbyMediums: Successfully stopped BLE advertising for service NearbySharing
09-07 19:56:38.240  3867 15144 W NearbyPresence: TidepoolIdentityProvider: Main Tidepool status toggle not enabled! Returned empty shared credentials. [CONTEXT service_id=317 ]
09-07 19:56:38.240  3867 15144 W NearbyPresence: TidepoolIdentityProvider: Main Tidepool status toggle not enabled! Returned empty broadcast credentials. [CONTEXT service_id=317 ]
09-07 19:56:38.240  3867 15144 W NearbyPresence: TidepoolIdentityProvider: Main Tidepool status toggle not enabled! Returned empty shared credentials. [CONTEXT service_id=317 ]
09-07 19:56:38.240  3867 15144 W NearbyPresence: TidepoolIdentityProvider: Main Tidepool status toggle not enabled! Returned empty broadcast credentials. [CONTEXT service_id=317 ]
09-07 19:56:38.263  3867 15336 I NearbyMediums: Started BLE extended advertising. Regular Advertised : false, Fast Advertised : true, AdvertisingSetting : BleAdvertisingSetting{powerLevel= BALANCED_POWER, isConnectable= false, isPrivateGatt= true}.
09-07 19:56:38.269  3867 15144 W NearbyPresence: TidepoolIdentityProvider: Main Tidepool status toggle not enabled! Returned empty broadcast credentials. [CONTEXT service_id=317 ]
09-07 19:56:38.270  3867 15144 W NearbyPresence: TidepoolIdentityProvider: Main Tidepool status toggle not enabled! Returned empty shared credentials. [CONTEXT service_id=317 ]
09-07 19:56:38.286  3867 15336 I NearbyMediums: Started BLE Legacy advertising. Regular Header Advertised : false, Fast Advertised : true, AdvertisingSettings : BleAdvertisingSetting{powerLevel= BALANCED_POWER, isConnectable= false, isPrivateGatt= true}, isAcceptingConnection : false
09-07 19:56:38.286  3867 15336 I NearbyMediums: Successfully started BLE advertising of size 23 for service NearbySharing, deviceToken : [ 0x80 0x77 ].
09-07 19:56:38.295  3867 15336 I NearbyMediums: Successfully bound ServerSocket for service NearbySharing to the stable port 53601.
09-07 19:56:38.295  3867 15336 I NearbyMediums: Successfully started listening for incoming Wifi Lan connections.
09-07 19:56:38.306  3867 15336 I NearbyPresence: (REDACTED) isApfV6Mandated: result=%b (hardware=%b [vendorApiLevel=%d, isPixel9=%b], software=%b [version=%d, min=%d])
09-07 19:56:38.308  3867 15336 I Nearby  : (REDACTED) NsdManagerCompat acquired multicast lock %d.
09-07 19:56:38.682  9706 10981 W BLASTBufferQueue: Unable to open /proc/vivo_rsc/frame_set_priority: No such file or directory
09-07 19:56:38.682  9706 10981 I BLASTBufferQueue: QoSAllocBuff Successful. Ret 0 
09-07 19:56:38.737  9706  9706 I cgno    : onStart
09-07 19:56:38.756  9706  9706 I cgfa    : onStart
09-07 19:56:38.777  9706  9706 I ceco    : (REDACTED) [%s] onStart()
09-07 19:56:38.780  9706  9706 I cefc    : Reloading theme data
09-07 19:56:38.853  9706  9706 I cgno    : onResume
09-07 19:56:38.855  9706  9706 W dytk    : missing event name
09-07 19:56:38.857  9706  9706 I cgfa    : onResume
09-07 19:56:39.101  3867  5550 I NearbyMediums: WIFI_LAN registered service name:I0JJWFH8n14AAA type:null at ip:null port:0
09-07 19:56:39.101  3867 15336 I NearbyMediums: Successfully advertised I0JJWFH8n14AAA on serviceID NearbySharing over Wifi LAN.
09-07 19:56:39.106  3867 15336 I NearbyMediums: [WifiNetworkV2] WifiStatusChangedCallback registered for NearbySharing (wifiStatusChangedCallbacks.size:1)
09-07 19:56:39.110  3867 15336 I NearbyConnections: Get local endpoint id from the existing localEndpointId:BIXQ (last:ONET) for client 9838674(0p:com.google.android.gms.nearby.sharing)
09-07 19:56:39.112  3867 15336 I NearbyMediums: Started BLE scanning, service-id=NearbyConnections.TxAdvertisement, is-extended-advert=true, power-level=2, scan-mode=3
09-07 19:56:39.112  3867 15336 I NearbyConnections: [InstantConnectionPcpMgr] In invalidateTxAdvertisementScanning(by final_updateAdvertising) tx advertisement scanning successfully started for enpointId:BIXQ serviceId:NearbySharing isScreenUnlocked:true powerLevel:BALANCED
09-07 19:56:39.114  3867 15336 I NearbySharing: [broadcast provider] advertising options updated (BroadcastProviderOptions(powerLevel=2, flowId=4846853261641251877, uwbSenderInfo=[], deviceType=1, advertisingMediums=[8, 3, 6, 5, 4], upgradeMediums=[11, 5, 8, 6, 3, 9, 10, 2, 4, 7], useStableIdentifiers=false, allowBluetoothRadioToggling=false, allowWifiRadioToggling=false, enableBleL2capListening=false, allowGattConnections=false, enableFastAdvertisement=true, listenOnly=false)).
09-07 19:56:39.115  3867 15336 I NearbySharing: NearbySharing Internal event ReceiveManagerUpdate(mode=2, isEveryoneMode=false, dataUsage=2, useQrCode=false, success=true)
09-07 19:56:39.116  3867 15145 I NearbySharing: [ClearcutLog] ADVERTISE_DEVICE_PRESENCE_START sessionId=0 flowId=4846853261641251877 sessionStatus: 1, visibility: 1
09-07 19:56:39.781  8005  8005 I SubtypeOperator: SubtypeOperator$1.onUnbindInput():43 
09-07 19:56:39.782  8005  8005 I SubtypeOperator: SubtypeOperator$1.onBindInput():33 
09-07 19:56:39.785  8005  8005 I GoogleInputMethodService: GoogleInputMethodService.onFinishInput():2361 
09-07 19:56:39.787  8005 14942 I Module  : DeviceLockedStatusModuleProvider$Module.updateDeviceLockedStatusInternal():119 repeatCheckTimes = 0, locked = false
09-07 19:56:39.787  8005 15131 I SystemSettingsModule: SystemSettingsModule$inputSessionListener$<anonymous>.onFinishInput():34 Settings app closed, reloading all system settings
09-07 19:56:39.788  8005  8005 I GoogleInputMethodService: GoogleInputMethodService.onStartInput():1532 onStartInput(EditorInfo{EditorInfo{packageName=com.android.launcher3, inputType=0, inputTypeString=NULL, enableLearning=false, autoCorrection=false, autoComplete=false, imeOptions=0, privateImeOptions=null, actionName=UNSPECIFIED, actionLabel=null, initialSelStart=-1, initialSelEnd=-1, initialCapsMode=0, label=null, fieldId=0, fieldName=null, extras=null, hintText=null, hintLocales=[]}}, false)
09-07 19:56:39.788  8005  8005 I LatinIMEBase: LatinIMEBase.updateInputViewCoverNavigation():316 Update input view padding, isNavbarOverInputWindow=true, bottom inset=132
09-07 19:56:39.789  8005 15131 I SystemSettings: SystemSettings.reloadAllSettings():322 Reload all system settings
09-07 19:56:39.789  8005 14954 I Module  : DeviceLockedStatusModuleProvider$Module.updateDeviceLockedStatusInternal():119 repeatCheckTimes = 1, locked = false
09-07 19:56:39.789  8005 15131 I SystemSettings: SystemSettings.updateFlagValue():372 Update flag: system_setting_secure_high_text_contrast_enabled = false
09-07 19:56:39.790  8005 15131 I SystemSettings: SystemSettings.updateFlagValue():372 Update flag: system_setting_secure_accessibility_display_magnification_enabled = false
09-07 19:56:39.790  8005 15131 I SystemSettings: SystemSettings.updateFlagValue():372 Update flag: system_setting_secure_user_setup_complete = true
09-07 19:56:39.790  8005 15131 I SystemSettings: SystemSettings.updateFlagValue():372 Update flag: system_setting_secure_navigation_mode = 2
09-07 19:56:39.790  8005 15131 I SystemSettings: SystemSettings.updateFlagValue():372 Update flag: system_setting_global_device_provisioned = true
09-07 19:56:39.790  8005 15131 I SystemSettings: SystemSettings.updateFlagValue():372 Update flag: system_setting_secure_stylus_handwriting_enabled = true
09-07 19:56:39.790  8005 15131 I SystemSettings: SystemSettings.updateFlagValue():372 Update flag: system_setting_system_device_font_scale = 1.0
09-07 19:56:39.790  8005 15131 I SystemSettings: SystemSettings.updateFlagValue():372 Update flag: system_setting_system_haptic_feedback_enabled = false
09-07 19:56:39.790  8005 15131 I SystemSettings: SystemSettings.updateFlagValue():372 Update flag: system_setting_system_font_scale = 1.0
09-07 19:56:39.790  8005 15131 I SystemSettings: SystemSettings.updateFlagValue():372 Update flag: system_setting_secure_accessibility_shortcut_target_service = 
09-07 19:56:39.790  8005 15131 I SystemSettings: SystemSettings.updateFlagValue():372 Update flag: system_setting_secure_ime_switcher_in_navbar_enabled = true
09-07 19:56:39.790  8005 15131 I SystemSettings: SystemSettings.updateFlagValue():372 Update flag: system_setting_system_keyboard_vibration_enabled = true
09-07 19:56:39.790  8005 15131 I SystemSettings: SystemSettings.updateFlagValue():372 Update flag: system_setting_secure_accessibility_button_targets = 
09-07 19:56:39.791  8005 15131 I SystemSettings: SystemSettings.updateFlagValue():372 Update flag: system_setting_system_vibrate_on = true
09-07 19:56:40.590 12456 12496 I native  : I0000 00:00:1788791200.590358   12496 soda_impl.cc:1990] Adding hotword timeout event
09-07 19:56:40.591 12456 12558 W ProxyAndroidLoggerBackend: Too many Flogger logs received before configuration. Dropping old logs.
09-07 19:56:40.592 12456 12558 W ProxyAndroidLoggerBackend: Too many Flogger logs received before configuration. Dropping old logs.
09-07 19:56:40.592 12456 12558 W ProxyAndroidLoggerBackend: Too many Flogger logs received before configuration. Dropping old logs.
09-07 19:56:42.550  8005  8005 I GoogleInputMethodService: GoogleInputMethodService.onFinishInput():2361 
09-07 19:56:42.552  8005  8005 I GoogleInputMethodService: GoogleInputMethodService.onStartInput():1532 onStartInput(EditorInfo{EditorInfo{packageName=com.android.launcher3, inputType=1, inputTypeString=Normal[], enableLearning=true, autoCorrection=true, autoComplete=true, imeOptions=10000003, privateImeOptions=null, actionName=SEARCH, actionLabel=null, initialSelStart=0, initialSelEnd=0, initialCapsMode=0, label=null, fieldId=2131297904, fieldName=null, extras=Bundle[mParcelledData.dataSize=168], hintText=non-empty, hintLocales=[]}}, false)
09-07 19:56:42.552  8005  8005 I LatinIMEBase: LatinIMEBase.updateInputViewCoverNavigation():316 Update input view padding, isNavbarOverInputWindow=true, bottom inset=132
09-07 19:56:42.554  8005 14956 I Module  : DeviceLockedStatusModuleProvider$Module.updateDeviceLockedStatusInternal():119 repeatCheckTimes = 0, locked = false
09-07 19:56:42.556  8005 14633 I Module  : DeviceLockedStatusModuleProvider$Module.updateDeviceLockedStatusInternal():119 repeatCheckTimes = 1, locked = false
09-07 19:56:42.559  8005  8005 W ModuleManager: ModuleManager.loadModule():641 Module qsh is not available
09-07 19:56:42.571  8005  8005 I GoogleInputMethodService: GoogleInputMethodService.onStartInputView():1618 onStartInputView(EditorInfo{EditorInfo{packageName=com.android.launcher3, inputType=1, inputTypeString=Normal[], enableLearning=true, autoCorrection=true, autoComplete=true, imeOptions=10000003, privateImeOptions=null, actionName=SEARCH, actionLabel=null, initialSelStart=0, initialSelEnd=0, initialCapsMode=0, label=null, fieldId=2131297904, fieldName=null, extras=Bundle[{androidx.core.view.inputmethod.EditorInfoCompat.STYLUS_HANDWRITING_ENABLED=true}], hintText=non-empty, hintLocales=[]}}, false)
09-07 19:56:42.572  8005  8005 W ModuleManager: ModuleManager.loadModule():641 Module qsh is not available
09-07 19:56:42.576  8145 14139 I ewrk    : (REDACTED) HDM. appOpsListener %s %s
09-07 19:56:42.576  8145 14139 I ewrk    : (REDACTED) HDM. Ignoring irrelevant audio permission changes for package %s
09-07 19:56:42.581  8005  8005 I KeyboardHeightUtil: KeyboardHeightUtil.getOemKeyboardHeightRatio():81 systemKeyboardHeightRatio:1.000000.
09-07 19:56:42.583  8005  8005 I InputBundleManager: InputBundleManager.startInput():356 startInput2 restarting=false
09-07 19:56:42.584  8005  8005 I InputBundleManager: InputBundleManager.loadActiveInputBundleId():552 loadActiveInputBundleId: en-IN, ime_english_india
09-07 19:56:42.584  8005  8005 I InputBundle: InputBundle.activateIme():599 activateIme: INACTIVE, keyboardType=prime
09-07 19:56:42.585  8005  8005 I AbstractIme: AbstractIme.onActivate():111 LatinIme.onActivate() : EditorInfo = EditorInfo{packageName=com.android.launcher3, inputType=1, inputTypeString=Normal[], enableLearning=true, autoCorrection=true, autoComplete=true, imeOptions=10000003, privateImeOptions=null, actionName=SEARCH, actionLabel=null, initialSelStart=0, initialSelEnd=0, initialCapsMode=0, label=null, fieldId=2131297904, fieldName=null, extras=Bundle[{androidx.core.view.inputmethod.EditorInfoCompat.STYLUS_HANDWRITING_ENABLED=true}], hintText=non-empty, hintLocales=[]}, IncognitoMode = false, DeviceLocked = false
09-07 19:56:42.591  8005  8005 I InputBundle: InputBundle.consumeEvent():1062 Skip consuming an event as keyboard status is INACTIVE
09-07 19:56:42.594  8005  8005 I Delight5Facilitator: Delight5Facilitator.initializeForIme():743 initializeForIme() : Locale = [en_IN], layout = qwerty
09-07 19:56:42.610  8005  8005 I LatinIme: LatinIme.updateEnableInlineSuggestionsOnDecoderSideFlags():1309 inline flag updated to:false
09-07 19:56:42.614  8005  8005 I LatinIme: LatinIme.updateEnableInlineSuggestionsOnDecoderSideFlags():1309 inline flag updated to:false
09-07 19:56:42.649  8005  8055 W ModuleManager: ModuleManager.loadModule():641 Module rph is not available
09-07 19:56:42.651  8005  8005 I InputBundle: InputBundle.consumeEvent():1062 Skip consuming an event as keyboard status is INACTIVE
09-07 19:56:42.653  8005  8005 I LatinIme: LatinIme.resetInputContext():2397 resetInputContext(): reason=1, externalEditsInfo=ExternalEditsInfo{action=0, offset=-1, textLength=0, originalTextLength=0, hasEdits=false}
09-07 19:56:42.653  8005  8005 I InputBundle: InputBundle.consumeEvent():1062 Skip consuming an event as keyboard status is INACTIVE
09-07 19:56:42.655  8005  8005 I InputBundle: InputBundle.activateKeyboard():662 activateKeyboard: ACTIVE, type=KeyboardTypeAndPayload(keyboardType=prime, payload=null)
09-07 19:56:42.656  8005  8005 I KeyboardWrapper: KeyboardWrapper.activateKeyboard():592 activateKeyboard(): type=prime, status=INACTIVE, imeDef=ImeDef{stringId=ime_english_india, language=en-IN, languageTag=en-IN, processedConditions={enable_pk_simulator=false, enable_number_row=true, device=phone, true=true, writing_helper_enable_by_word_revert=false}, className=com.google.android.apps.inputmethod.libs.latin5.LatinIme, label=0, keyEventInterpreter=com.google.android.libraries.inputmethod.keyevent.interpreters.EnglishIndiaKeyEventInterpreter, inlineComposing=true, autoCapital=true, announceAutoSelectedCandidate=true, statusIcon=0, indicatorIcon=0, indicatorLabel=null, displayAppCompletions=true, extraValues=pnx{#0x7f0b02f3=TypedValue{t=0x3/d=0x0 "com.google.android.apps.inputmethod.libs.latin5.LatinIme"}}, processors=com.google.android.libraries.inputmethod.metadata.ProcessorsDef@724ebc4, unacceptableMetaKeys=4098, languageSpecificSettings=0, asciiCapable=true, alwaysShowSuggestions=false, useAsciiPasswordKeyboard=false, keyboardGroupDef=KeyboardGroupDef(variant=qwerty, variantLabel=0, pkLanguageTag=en-Latn-IN, pkLayoutType=qwerty, dynamicLayout=null, layoutSpecificSettings=[], layoutSpecificTheme=2132083613, order=0, supportsSplitMode=true, supportsOneHandedMode=true, isVariantNameMandatory=false, keyboardDefInfos={prime=KeyboardDefInfo(kbType=prime, initialStates=0, keyboardSources=[Xml(resId=2132215150), Xml(resId=2132215812)], extraValues=pnx{}), digit=KeyboardDefInfo(kbType=digit, initialStates=0, keyboardSources=[Xml(resId=2132215773)], extraValues=pnx{}), symbol=KeyboardDefInfo(kbType=symbol, initialStates=0, keyboardSources=[Xml(resId=2132215954)], extraValues=pnx{})}, overrideKeyboardXmlConditions=com.google.android.libraries.inputmethod.metadata.OverrideKeyboardXmlConditionsDef@1), phenotypeFlagId=0, localizationLanguageTag=null, supportsInlineSuggestion=true}
09-07 19:56:42.656  8005  8005 I KeyboardManager: KeyboardManager.requestKeyboard():250 Creating keyboard prime, imeId=ime_english_india, cacheKey=theme,!gsf,!pgsans,!pgsf,!use_system_font,BORDER,FLAVOR_DPI=XXHDPI,IS_LIGHT,KEYBOARD_WIDTH_CATEGORY=NORMAL,KEY_BORDER_SHAPE=1,LIGHT_THEME=true,PHYSICAL_DIAGONAL=5.793396,POPUP,SCREEN_SHORTEST_WIDTH=393,SCREEN_SHORTEST_WIDTH_NO_SCALE=393,XXHDPI,bottom4dp,enable_popup_on_keypress=true,keyboard_redesign_google_sans=true,non_linear_scale,noshadow,overlay_builtin_dynamic_color_light_base.binarypb:gm3-light-fffaf8ff-ff475d92-87d434d32166529e119fd721558bc641,silkpopup
09-07 19:56:42.658  8005  8005 I KeyboardDefManager: KeyboardDefManager.requestKeyboardDef():127 requestKeyboardDef(): type=prime, info=ppk{defIds=[#0x7f17056e, #0x7f170804], defIdsCacheKey=2132215150,2132215812}
09-07 19:56:42.658  8005  8005 I KeyboardDefManager: KeyboardDefManager.requestKeyboardDef():194 requestKeyboardDef(): getOrCreate from cache, info=ppk{defIds=[#0x7f17056e, #0x7f170804], defIdsCacheKey=2132215150,2132215812}
09-07 19:56:42.659  8005  8005 I KeyboardDefManager: KeyboardDefManager$Companion$addFutureCallbackForKeyboardDefReceiver$<anonymous>.onSuccess():443 requestKeyboardDef onSuccess(): info=ppk{defIds=[#0x7f17056e, #0x7f170804], defIdsCacheKey=2132215150,2132215812}
09-07 19:56:42.659  8005  8005 I KeyboardWrapper: KeyboardWrapper.onKeyboardReady():226 onKeyboardReady(): type=prime(prime), kb=com.google.android.apps.inputmethod.latin.keyboard.LatinPrimeKeyboard@b835c3a
09-07 19:56:42.659  8005  8005 I KeyboardWrapper: KeyboardWrapper.doActivateKeyboard():624 doActivateKeyboard(): prime
09-07 19:56:42.662  8005  8055 I NebulaeTrainingCacheMetricsProcessor: NebulaeTrainingCacheMetricsProcessor.processBeginSession():267 Begin training cache session: /
09-07 19:56:42.689  8005  8005 I BaseKeyboardSizeHelper: BaseKeyboardSizeHelper.calculateMaxKeyboardBodyHeight():79 leave 267 height for app when ime window height:2177, header height:121 and isFullscreenMode:false, so the max keyboard body height is:1789
09-07 19:56:42.691  8005  8005 W Keyboard: Keyboard.getKeyboardViewHelper():624 null helper is returned: keyboardDef=KeyboardDef{processedConditions={device=phone, enable_pk_simulator=false, android_software_xr_api_spatial=false, free_cursor=false, enable_free_cursor_by_long_press_space=true, enable_scrub_move=true, layout_9key_split=false, expressions=normal, language=en-IN, variant=qwerty, free_cursor_in_split_keyboard_gap=false, show_comma_key=true, show_period_key=true, keyboard_mode=normal, pref_enable_flick_symbols=false, show_secondary_digits=false, enable_secondary_symbols=false, enable_number_row=true}, globalConditions={global_theme_key=theme,!gsf,!pgsans,!pgsf,!use_system_font,BORDER,FLAVOR_DPI=XXHDPI,IS_LIGHT,KEYBOARD_WIDTH_CATEGORY=NORMAL,KEY_BORDER_SHAPE=1,LIGHT_THEME=true,PHYSICAL_DIAGONAL=5.793396,POPUP,SCREEN_SHORTEST_WIDTH=393,SCREEN_SHORTEST_WIDTH_NO_SCALE=393,XXHDPI,bottom4dp,enable_popup_on_keypress=true,keyboard_redesign_google_sans=true,non_linear_scale,noshadow,overlay_builtin_dynamic_color_light_base.binarypb:gm3-light-fffaf8ff-ff475d92-87d434d32166529e119fd721558bc641,silkpopup, global_locale=en_IN, global_density_dpi=440, global_orientation=1}, className=.latin.keyboard.LatinPrimeKeyboard, sources=[Xml(resId=2132215150), Xml(resId=2132215812)], initialStates=0, keyboardViewDefs=[KeyboardViewDef{direction=null, id=#0x7f0b0224, isScalable=true, layoutId=#0x7f0e02d6, type=BODY, touchable=true, defaultShow=true}, KeyboardViewDef{direction=null, id=#0x7f0b0224, isScalable=false, layoutId=#0x7f0e0230, type=FLOATING_CANDIDATES, touchable=false, defaultShow=false}, KeyboardViewDef{direction=LOCALE, id=#0x7f0b0224, isScalable=false, layoutId=#0x7f0e053b, type=HEADER, touchable=true, defaultShow=true}], persistentStates=0, persistentStatesPrefKey=null, popupBubbleLayoutId=#0x7f0e062b, recentKeyLayoutId=#0x0, recentKeyPopupLayoutId=#0x0, recentKeyType=null, rememberRecentKey=NONE, sessionStates=6597069766656}, type=WIDGET, helpersCreated={HEADER=ozp@fdd9e4a, BODY=ozp@ed321bb, FLOATING_CANDIDATES=ozp@5ce86d8}, context.getResources().getConfiguration(): {1.0 405mcc854mnc [en_IN] ldltr sw393dp w393dp h876dp 440dpi nrml long port finger -keyb/v/h -nav/h winConfig={ mBounds=Rect(0, 0 - 1080, 2408) mAppBounds=Rect(0, 0 - 1080, 2408) mMaxBounds=Rect(0, 0 - 1080, 2408) mDisplayRotation=ROTATION_0 mWindowingMode=fullscreen mActivityType=undefined mAlwaysOnTop=undefined mRotation=ROTATION_0 isEmbedding:false} s.12 fontWeightAdjustment=0 themeId=2 themeParameter=0 nightModeLevel = -1 typefaceChanged=0.0 ?spacesystem eaMode=1}
09-07 19:56:42.693  8005  8005 I BaseKeyboardSizeHelper: BaseKeyboardSizeHelper.calculateMaxKeyboardBodyHeight():79 leave 267 height for app when ime window height:2177, header height:121 and isFullscreenMode:false, so the max keyboard body height is:1789
09-07 19:56:42.711  8005  8005 I InputBundleManager: InputBundleManager.startInput():371 startInput() with KeyboardTypeAndPayload(keyboardType=prime, payload=null)
09-07 19:56:42.713  8005  8005 I PkModeUpdater: PkModeUpdater.onActivate():95 End PK mode: disablePkMode=false, entry=ost{languageTag=en-IN, variant=qwerty, hasLocalizedResources=true, conditionCacheKey=_android_software_xr_api_spatial=false_device=phone_device_size=default_enable_free_cursor_by_long_press_space=true_enable_number_row=true_enable_number_row_in_password=true_enable_pk_simulator=false_enable_pk_simulator_setting=false_enable_scrub_move=true_enable_secondary_digits=true_enable_secondary_symbols=false_enable_simplified_expression_keyboard=false_expressions=normal_four_or_more_letter_rows=false_free_cursor=false_free_cursor_in_split_keyboard_gap=false_keyboard_font_size_setting=_keyboard_mode=normal_language=en-IN_layout_9key_split=false_orientation=portrait_physical_keyboard=nokeys_pk_simulator_vk_ready=false_pref_enable_flick_symbols=false_rtl_layout=false_show_comma_key=true_show_period_key=true_show_secondary_digits=false_show_suggestion_strip=true_show_suggestions=true_split_with_duplicate_keys=true_true=true_variant=qwerty_writing_helper_enable_by_word_revert=false, imeDef.stringId=ime_english_india, imeDef.className=com.google.android.apps.inputmethod.libs.latin5.LatinIme, imeDef.languageTag=en-IN}, editorInfo=android.view.inputmethod.EditorInfo@7309051
09-07 19:56:42.713  8005  8005 I AccessoryInputModeManager: AccessoryInputModeManager.onModeStarted():331 Accessory input mode started: null
09-07 19:56:42.713  8005  8005 W SupplementaryKeyboardsWrapper: SupplementaryKeyboardsWrapper.deactivateKeyboard():162 keyboard accessory_candidates_consumer is not activated before!
09-07 19:56:42.714  8005  8005 I EmojiAndGlobeKeyExtension: EmojiAndGlobeKeyExtension.onActivate():146 
09-07 19:56:42.716  8005  8005 I KeyboardModeUtils: KeyboardModeUtils.getKeyboardBottomOffset():435 inch: 0.000000 ydpi: 390.020996 adjustKeyboardBottomByDisplaySize: false currentDensityDpi: 440 defaultDensityDpi: 440 keyboardBottomToScreenPx: 0 keyboardBottomToNavBarPx: -132 navBarHeight: 132
09-07 19:56:42.716  8005  8005 I BaseKeyboardSizeHelper: BaseKeyboardSizeHelper.calculateMaxKeyboardBodyHeight():79 leave 267 height for app when ime window height:2177, header height:121 and isFullscreenMode:false, so the max keyboard body height is:1789
09-07 19:56:42.717  8005  8005 I BaseKeyboardSizeHelper: BaseKeyboardSizeHelper.calculateMaxKeyboardBodyHeight():79 leave 267 height for app when ime window height:2177, header height:121 and isFullscreenMode:false, so the max keyboard body height is:1789
09-07 19:56:42.717  8005  8005 I KeyboardViewManager: KeyboardViewManager.updateKeyboardBottomFrame():518 Set bottomFrameHeight = 5 while holderPaddingBottom = 5; navigationHeight = 132
09-07 19:56:42.717  8005  8005 I BaseKeyboardSizeHelper: BaseKeyboardSizeHelper.calculateMaxKeyboardBodyHeight():79 leave 267 height for app when ime window height:2177, header height:121 and isFullscreenMode:false, so the max keyboard body height is:1789
09-07 19:56:42.717  8005  8005 I BaseKeyboardSizeHelper: BaseKeyboardSizeHelper.calculateMaxKeyboardBodyHeight():79 leave 267 height for app when ime window height:2177, header height:121 and isFullscreenMode:false, so the max keyboard body height is:1789
09-07 19:56:42.717  8005  8005 I BaseKeyboardSizeHelper: BaseKeyboardSizeHelper.calculateMaxKeyboardBodyHeight():79 leave 267 height for app when ime window height:2177, header height:121 and isFullscreenMode:false, so the max keyboard body height is:1789
09-07 19:56:42.717  8005  8005 I BaseKeyboardSizeHelper: BaseKeyboardSizeHelper.calculateMaxKeyboardBodyHeight():79 leave 267 height for app when ime window height:2177, header height:121 and isFullscreenMode:false, so the max keyboard body height is:1789
09-07 19:56:42.717  8005  8005 W ExtensionWrapper: ExtensionWrapper.setExtensionViewVisibility():909 interface pdn is not activate
09-07 19:56:42.720  8005  8005 I LanguagePromoExtension: LanguagePromoExtension.checkDisplayPreconditions():171 Not show language promo: exceeds the max display times.
09-07 19:56:42.724  8005  8005 I VoiceInputManagerWrapper: VoiceInputManagerWrapper.cancelShutdown():110 cancelShutdown() [RD]
09-07 19:56:42.724  8005  8005 I VoiceInputManagerWrapper: VoiceInputManagerWrapper.syncLanguagePacks():122 syncLanguagePacks() [RD]
09-07 19:56:42.726  8005 19623 I SpeechFactory: SpeechRecognitionFactory.maybeScheduleAutoPackDownloadForFallback():286 maybeScheduleAutoPackDownloadForFallback()
09-07 19:56:42.726  8005 19623 I FallbackOnDeviceRecognitionProvider: FallbackOnDeviceRecognitionProvider.maybeScheduleAutoPackDownload():208 maybeScheduleAutoPackDownload() for language tag en-IN
09-07 19:56:42.726  8005  8005 I VoiceInputManager: VoiceInputManager.onKeyboardActivated():1238 onKeyboardActivated() [UD]
09-07 19:56:42.726  8005  8005 I UniversalDictationUiProvider: UniversalDictationUiProvider.onActivate():63 onActivate() [UD]
09-07 19:56:42.730  8005 14660 I Module  : DeviceLockedStatusModuleProvider$Module.updateDeviceLockedStatusInternal():119 repeatCheckTimes = 1, locked = false
09-07 19:56:42.730  8005  8005 I VoiceImeUtils: VoiceImeUtils.shouldStartVoiceInputAutomaticallyInCurrentInputBox():158 No private IME option set to start voice input. [RD]
09-07 19:56:42.731  8005  8005 I GoogleInputMethodService: GoogleInputMethodService.onWindowShown():2503 
09-07 19:56:42.754  8005  8089 W BLASTBufferQueue: Unable to open /proc/vivo_rsc/frame_set_priority: No such file or directory
09-07 19:56:42.754  8005  8089 I BLASTBufferQueue: QoSAllocBuff Successful. Ret 0 
09-07 19:56:42.789  8005  8005 W AccessPointsManager: AccessPointsManager.addAccessPoint():1137 The holder controller #0x7f0b29b7 is not registered
09-07 19:56:42.792  8005  8005 I GoogleInputMethodService: GoogleInputMethodService$1.onKeyboardViewShown():356 onKeyboardViewShown: keyboardType=prime, keyboardViewType=HEADER keyboardView=com.google.android.libraries.inputmethod.widgets.SoftKeyboardView{d182e43 V.E...... ........ 0,0-1080,121}
09-07 19:56:42.793  8005  8005 I BaseKeyboardSizeHelper: BaseKeyboardSizeHelper.calculateMaxKeyboardBodyHeight():79 leave 267 height for app when ime window height:2177, header height:121 and isFullscreenMode:false, so the max keyboard body height is:1789
09-07 19:56:42.793  8005  8005 I GoogleInputMethodService: GoogleInputMethodService$1.onKeyboardViewShown():356 onKeyboardViewShown: keyboardType=prime, keyboardViewType=BODY keyboardView=com.google.android.libraries.inputmethod.widgets.SoftKeyboardView{d69c0e6 V.E...... ........ 0,0-1080,660}
09-07 19:56:42.793  8005  8005 I BaseKeyboardSizeHelper: BaseKeyboardSizeHelper.calculateMaxKeyboardBodyHeight():79 leave 267 height for app when ime window height:2177, header height:121 and isFullscreenMode:false, so the max keyboard body height is:1789
09-07 19:56:42.794  8005  8005 I NewLanguagePromptExtension: NewLanguagePromptExtension$1.onKeyboardViewShown():98 Not show new language banner: no change in enabled input method entries
09-07 19:56:42.796  8005  8642 I Delight5Decoder: Delight5DecoderWrapper.setKeyboardLayout():609 setKeyboardLayout()
09-07 19:56:42.797  8005  8055 I PerfettoTriggerMetricsProcessor: PerfettoTriggerMetricsProcessor.processOpenKeyboardLatency():71 Triggering Perfetto trace for com.google.android.inputmethod.latin.slow-open-keyboard-hot
09-07 19:56:42.798  8005  8005 I KeyboardModeUtils: KeyboardModeUtils.getKeyboardBottomOffset():435 inch: 0.000000 ydpi: 390.020996 adjustKeyboardBottomByDisplaySize: false currentDensityDpi: 440 defaultDensityDpi: 440 keyboardBottomToScreenPx: 0 keyboardBottomToNavBarPx: -132 navBarHeight: 132
09-07 19:56:42.798  8005  8005 I BaseKeyboardSizeHelper: BaseKeyboardSizeHelper.calculateMaxKeyboardBodyHeight():79 leave 267 height for app when ime window height:2177, header height:121 and isFullscreenMode:false, so the max keyboard body height is:1789
09-07 19:56:42.798  8005  8005 I BaseKeyboardSizeHelper: BaseKeyboardSizeHelper.calculateMaxKeyboardBodyHeight():79 leave 267 height for app when ime window height:2177, header height:121 and isFullscreenMode:false, so the max keyboard body height is:1789
09-07 19:56:42.799  8005  8005 I KeyboardViewManager: KeyboardViewManager.updateKeyboardBottomFrame():518 Set bottomFrameHeight = 5 while holderPaddingBottom = 5; navigationHeight = 132
09-07 19:56:42.854  8005  8005 W TooltipLifecycleManager: TooltipLifecycleManager.dismissTooltips():152 Tooltip with id spell_check_add_to_dictionary not found in tooltipManager.
09-07 19:56:43.735  8005  8005 I KeyboardModeUtils: KeyboardModeUtils.getKeyboardBottomOffset():435 inch: 0.000000 ydpi: 390.020996 adjustKeyboardBottomByDisplaySize: false currentDensityDpi: 440 defaultDensityDpi: 440 keyboardBottomToScreenPx: 0 keyboardBottomToNavBarPx: -132 navBarHeight: 132
09-07 19:56:43.735  8005  8005 I BaseKeyboardSizeHelper: BaseKeyboardSizeHelper.calculateMaxKeyboardBodyHeight():79 leave 267 height for app when ime window height:2177, header height:121 and isFullscreenMode:false, so the max keyboard body height is:1789
09-07 19:56:43.735  8005  8005 I BaseKeyboardSizeHelper: BaseKeyboardSizeHelper.calculateMaxKeyboardBodyHeight():79 leave 267 height for app when ime window height:2177, header height:121 and isFullscreenMode:false, so the max keyboard body height is:1789
09-07 19:56:43.736  8005  8005 I KeyboardViewManager: KeyboardViewManager.updateKeyboardBottomFrame():518 Set bottomFrameHeight = 5 while holderPaddingBottom = 5; navigationHeight = 132
09-07 19:56:43.881  8005  8005 I KeyboardModeUtils: KeyboardModeUtils.getKeyboardBottomOffset():435 inch: 0.000000 ydpi: 390.020996 adjustKeyboardBottomByDisplaySize: false currentDensityDpi: 440 defaultDensityDpi: 440 keyboardBottomToScreenPx: 0 keyboardBottomToNavBarPx: -132 navBarHeight: 132
09-07 19:56:43.881  8005  8005 I BaseKeyboardSizeHelper: BaseKeyboardSizeHelper.calculateMaxKeyboardBodyHeight():79 leave 267 height for app when ime window height:2177, header height:121 and isFullscreenMode:false, so the max keyboard body height is:1789
09-07 19:56:43.882  8005  8005 I BaseKeyboardSizeHelper: BaseKeyboardSizeHelper.calculateMaxKeyboardBodyHeight():79 leave 267 height for app when ime window height:2177, header height:121 and isFullscreenMode:false, so the max keyboard body height is:1789
09-07 19:56:43.882  8005  8005 I KeyboardViewManager: KeyboardViewManager.updateKeyboardBottomFrame():518 Set bottomFrameHeight = 5 while holderPaddingBottom = 5; navigationHeight = 132
09-07 19:56:44.081  8005  8005 I KeyboardModeUtils: KeyboardModeUtils.getKeyboardBottomOffset():435 inch: 0.000000 ydpi: 390.020996 adjustKeyboardBottomByDisplaySize: false currentDensityDpi: 440 defaultDensityDpi: 440 keyboardBottomToScreenPx: 0 keyboardBottomToNavBarPx: -132 navBarHeight: 132
09-07 19:56:44.081  8005  8005 I BaseKeyboardSizeHelper: BaseKeyboardSizeHelper.calculateMaxKeyboardBodyHeight():79 leave 267 height for app when ime window height:2177, header height:121 and isFullscreenMode:false, so the max keyboard body height is:1789
09-07 19:56:44.082  8005  8005 I BaseKeyboardSizeHelper: BaseKeyboardSizeHelper.calculateMaxKeyboardBodyHeight():79 leave 267 height for app when ime window height:2177, header height:121 and isFullscreenMode:false, so the max keyboard body height is:1789
09-07 19:56:44.082  8005  8005 I KeyboardViewManager: KeyboardViewManager.updateKeyboardBottomFrame():518 Set bottomFrameHeight = 5 while holderPaddingBottom = 5; navigationHeight = 132
09-07 19:56:44.166  3867 15437 I NearbySharing: Started scanning for FastInitiation with mode: SCAN_MODE_AMBIENT_DISCOVERY
09-07 19:56:44.166  3867 15437 I NearbySharing: FastInitiation warming period has ended
09-07 19:56:44.594  8005  8005 I KeyboardModeUtils: KeyboardModeUtils.getKeyboardBottomOffset():435 inch: 0.000000 ydpi: 390.020996 adjustKeyboardBottomByDisplaySize: false currentDensityDpi: 440 defaultDensityDpi: 440 keyboardBottomToScreenPx: 0 keyboardBottomToNavBarPx: -132 navBarHeight: 132
09-07 19:56:44.594  8005  8005 I BaseKeyboardSizeHelper: BaseKeyboardSizeHelper.calculateMaxKeyboardBodyHeight():79 leave 267 height for app when ime window height:2177, header height:121 and isFullscreenMode:false, so the max keyboard body height is:1789
09-07 19:56:44.594  8005  8005 I BaseKeyboardSizeHelper: BaseKeyboardSizeHelper.calculateMaxKeyboardBodyHeight():79 leave 267 height for app when ime window height:2177, header height:121 and isFullscreenMode:false, so the max keyboard body height is:1789
09-07 19:56:44.594  8005  8005 I KeyboardViewManager: KeyboardViewManager.updateKeyboardBottomFrame():518 Set bottomFrameHeight = 5 while holderPaddingBottom = 5; navigationHeight = 132
09-07 19:56:44.922  3867 15437 I NearbyPresence: (REDACTED) %s verified [==] new request %s equals to the old request
09-07 19:56:46.197  3867 15437 I NearbyConnections: Invalidate cached hpkeKey for client 9838674
09-07 19:56:46.537  8005  8005 I GoogleInputMethodService: GoogleInputMethodService.onFinishInputView():1757 onFinishInputView(false)
09-07 19:56:46.537  8005  8005 I EmojiAndGlobeKeyExtension: EmojiAndGlobeKeyExtension.onDeactivate():153 
09-07 19:56:46.538  8005  8005 W TooltipLifecycleManager: TooltipLifecycleManager.dismissTooltips():152 Tooltip with id spell_check_add_to_dictionary not found in tooltipManager.
09-07 19:56:46.538  8005  8005 I VoiceInputManagerWrapper: VoiceInputManagerWrapper.shutdown():136 shutdown() : SHUTDOWN_UNIVERSAL_EXTENSION_ON_DEACTIVATE [RD]
09-07 19:56:46.538  8005  8005 I VoiceInputManagerWrapper: VoiceInputManagerWrapper.cancelShutdown():110 cancelShutdown() [RD]
09-07 19:56:46.538  8005  8005 I UniversalDictationUiProvider: UniversalDictationUiProvider.onDeactivate():69 onDeactivate() [UD]
09-07 19:56:46.542  8005  8005 I InputBundle: InputBundle.consumeEvent():1062 Skip consuming an event as keyboard status is INACTIVE
09-07 19:56:46.544  8005  8005 I AbstractIme: AbstractIme.onDeactivate():229 LatinIme.onDeactivate()
09-07 19:56:46.546  8005  8005 I PrimesLoggerHolder: FrameMetricServiceImpl.stopAsFuture():213 Measurement not found: OnConfigurationChanged
09-07 19:56:46.546  8005  8005 W TooltipLifecycleManager: TooltipLifecycleManager.dismissTooltips():152 Tooltip with id undo_access_point_promotion_banner not found in tooltipManager.
09-07 19:56:46.546  8005  8005 I GoogleInputMethodService: GoogleInputMethodService.onWindowHidden():2495 
09-07 19:56:46.551  8005  8005 I ImeTracker: com.android.launcher3:b2715ac8: onHidden
09-07 19:56:46.555  8005  8055 I NebulaeTrainingCacheMetricsProcessor: NebulaeTrainingCacheMetricsProcessor.processEndSession():633 End training cache session: /
09-07 19:56:46.559  8005  8055 I NebulaeTrainingCacheMetricsProcessor: NebulaeTrainingCacheMetricsProcessor.logInputActionCollection():838 logInputActionCollection: 11
09-07 19:56:46.565  8005  8055 I NebulaeTrainingCacheMetricsProcessor: NebulaeTrainingCacheMetricsProcessor.processEndSession():741 Use dominating conversation id:  with count 11 / 11, all conversation ids: []
09-07 19:56:46.581  8005  8055 I OnDeviceWmrCalculator: OnDeviceWmrCalculator.calculateWmr():94 WMR: 0.0000 (0 / 1)
09-07 19:56:46.965  8005  8005 I GoogleInputMethodService: GoogleInputMethodService.onStartInput():1532 onStartInput(EditorInfo{EditorInfo{packageName=com.android.launcher3, inputType=1, inputTypeString=Normal[], enableLearning=true, autoCorrection=true, autoComplete=true, imeOptions=10000003, privateImeOptions=null, actionName=SEARCH, actionLabel=null, initialSelStart=0, initialSelEnd=0, initialCapsMode=3000, label=null, fieldId=2131297904, fieldName=null, extras=Bundle[mParcelledData.dataSize=168], hintText=non-empty, hintLocales=[]}}, true)
09-07 19:56:46.965  8005  8005 W SessionManager: SessionManager.beginSession():73 Try to begin an already begun session [INPUT_SESSION], end it first
09-07 19:56:46.965  8005  8005 I LatinIMEBase: LatinIMEBase.updateInputViewCoverNavigation():316 Update input view padding, isNavbarOverInputWindow=true, bottom inset=132
09-07 19:56:46.966  8005 14942 I Module  : DeviceLockedStatusModuleProvider$Module.updateDeviceLockedStatusInternal():119 repeatCheckTimes = 1, locked = false
09-07 19:56:47.055  8005  8005 W TooltipLifecycleManager: TooltipLifecycleManager.dismissTooltips():152 Tooltip with id undo_access_point_promotion_banner not found in tooltipManager.
09-07 19:56:47.057  8005  8089 I HWUI    : [destroy] CanvasContext will be destroyed.
09-07 19:56:47.568  8145 14139 I ewrk    : (REDACTED) HDM. appOpsListener %s %s
09-07 19:56:47.568  8145 14139 I ewrk    : (REDACTED) HDM. Ignoring irrelevant audio permission changes for package %s
09-07 19:56:48.025  3867 15437 I NearbyMediums: No BLE Fast/GATT advertisements found in the latest cycle.
09-07 19:56:48.025  3867 15437 I NearbyMediums: Current Tracked Scanning Clients are : {NearbyConnections.EnvironmentMonitor, NearbySharing, NearbyConnections.TxAdvertisement}
09-07 19:56:48.591  8145 14139 I ewrk    : (REDACTED) HDM. appOpsListener %s %s
09-07 19:56:48.593  8145 14139 I ewrk    : (REDACTED) HDM. Ignoring irrelevant audio permission changes for package %s
09-07 19:56:48.602  9706  9706 I cgno    : onPause
09-07 19:56:48.605  8910 11452 E msys    : E[N WA]_WAJMNSStreamImplOnMNSFailure(298)=>[LogLevel:I] WAJMNSStream/impl/callback/onMNSFailure/p=0xb4000073e5ef66e0 (error=MNSTCPSocketReceive(): Software caused connection abort)
09-07 19:56:48.607  8910 11452 E msys    : E[N WA]_WAJMNSStreamImplCreateConnectionReport(202)=>[LogLevel:I] WAJMNSStream/impl/report port=5222, connectedIPVersion=4, resolvedIPAddressCount=1, dnsResolutionStartTimeMS=9590241, dnsResolutionEndTimeMS=9590242, dnsCacheHit=Yes, connectStartTimeMS=9590242, connectEndTimeMS=9590246, proxyConnectStartTimeMS=0, proxyConnectEndTimeMS=0
09-07 19:56:48.608  8910 11452 E msys    : E[N WA]_WAJMNSStreamImplUpdateStreamState(238)=>[LogLevel:I] WAJMNSStream/impl/state-changed/p=0xb4000073e5ef66e0 (connected=>disconnected)
09-07 19:56:48.611  9706  9706 I cgfa    : onPause
09-07 19:56:48.612  9706  9706 W dytk    : measuring already stopped.
09-07 19:56:48.620  8910 11384 E msys    : E[N WCIHTTPImplNetworkSession]WCIHTTPTaskImplCreateRegular(556)=>[I] http/task/regular/create/start
09-07 19:56:48.621  8910 11384 E msys    : E[N WCIHTTPImplNetworkSession]WCIHTTPTaskImplCreateRegular(591)=>[I] http/task/regular/create/execute
09-07 19:56:48.622  8910 11384 E msys    : E[N WCIHTTPImplNetworkSession]WCIHTTPTaskImplCreateRegular(614)=>[I] http/task/regular/create/success
09-07 19:56:48.641  8910 10067 E msys    : E[N WA]WAJMNSStreamImplDisconnectSync(569)=>[LogLevel:W] WAJMNSStream/impl/disconnect/p=0xb4000073e5ef66e0 (bytesSent=1922)(bytesRecv=2809)
09-07 19:56:48.701  8910 10067 E msys    : E[N WA]_WAJMNSStreamImplMNSTCPStreamCreate(410)=>[LogLevel:I] WAJMNSStream/impl/tcpStreamCreate/MNSStreamRaw/p=0xb4000073e5f1e0d0
09-07 19:56:48.701  8910 10067 E msys    : E[N WA]WAJMNSStreamImplCreate(485)=>[LogLevel:I] WAJMNSStream/impl/create/p=0xb4000073e5f1e0d0 (mnsConn=0xb4000074e5f05be0)
09-07 19:56:48.702  8910 10067 E msys    : E[N WA]_WAJMNSStreamCreateMnsIpsFromIpAddressStrings(98)=>[LogLevel:I] no ip addresses provided, using DNS resolution
09-07 19:56:48.702  8910 10067 E msys    : E[N WA]WAJMNSStreamImplConnect(513)=>[LogLevel:I] WAJMNSStream/impl/connect/p=0xb4000073e5f1e0d0 (endpoint=g.whatsapp.net:5222)(ipAddressCount=0)
09-07 19:56:48.703  8910 10067 E msys    : E[N WA]_WAJMNSStreamImplUpdateStreamState(238)=>[LogLevel:I] WAJMNSStream/impl/state-changed/p=0xb4000073e5f1e0d0 (initial=>connecting)
09-07 19:56:48.711  8910 11452 E msys    : E[N WA]_WAJMNSStreamImplOnMNSReady(269)=>[LogLevel:I] WAJMNSStream/impl/callback/onMNSReady/p=0xb4000073e5f1e0d0
09-07 19:56:48.712  8910 11452 E msys    : E[N WA]_WAJMNSStreamImplCreateConnectionReport(202)=>[LogLevel:I] WAJMNSStream/impl/report port=5222, connectedIPVersion=4, resolvedIPAddressCount=1, dnsResolutionStartTimeMS=10149630, dnsResolutionEndTimeMS=10149632, dnsCacheHit=Yes, connectStartTimeMS=10149632, connectEndTimeMS=10149639, proxyConnectStartTimeMS=0, proxyConnectEndTimeMS=0
09-07 19:56:48.712  8910 11452 E msys    : E[N WA]_WAJMNSStreamImplUpdateStreamState(238)=>[LogLevel:I] WAJMNSStream/impl/state-changed/p=0xb4000073e5f1e0d0 (connecting=>connected)
09-07 19:56:48.712  8910 11452 E msys    : E[N mns]_OnResolverSuccess(384)=>Cache refresh succeeded with system DNS resolver. IP count: 1
09-07 19:56:48.718  8910 10067 I com.whatsapp: AssetManager2(0xb400007395fa6158) locale list changing from [] to [en-IN]
09-07 19:56:48.765  8910 15661 W HWUI    : Image decoding logging dropped!
09-07 19:56:48.776  8910 17667 W BLASTBufferQueue: Unable to open /proc/vivo_rsc/frame_set_priority: No such file or directory
09-07 19:56:48.776  8910 17667 I BLASTBufferQueue: QoSAllocBuff Successful. Ret 0 
09-07 19:56:48.863  8131  8893 I AiAiConversations: [MessageActivityBroadcaster][component=ComponentInfo{com.whatsapp/com.whatsapp.Conversation}][sessionId=1899589163][taskLocusId=] Enter Conversation
09-07 19:56:48.893  8910  8910 W HWUI    : Image decoding logging dropped!
09-07 19:56:48.894  8131  8862 I AiAiPeople: [1] fragments remain to process, dispatched event [32]
09-07 19:56:48.896  8910 11339 W HWUI    : Image decoding logging dropped!
09-07 19:56:48.898  8131  8862 I AiAiPeople: [0] fragments remain to process, dispatched event [32]
09-07 19:56:48.904  8910  8910 W View    : requestLayout() improperly called by androidx.appcompat.widget.ActionMenuView{eeadcad V.E...... ......ID 705,0-1080,154 aid=1073741934} during layout: running second layout pass
09-07 19:56:48.925  8005  8005 I SubtypeOperator: SubtypeOperator$1.onUnbindInput():43 
09-07 19:56:48.926  8005  8005 I SubtypeOperator: SubtypeOperator$1.onBindInput():33 
09-07 19:56:48.927  8005  8005 I GoogleInputMethodService: GoogleInputMethodService.onFinishInput():2361 
09-07 19:56:48.931  8005 14954 I Module  : DeviceLockedStatusModuleProvider$Module.updateDeviceLockedStatusInternal():119 repeatCheckTimes = 0, locked = false
09-07 19:56:48.931  8005  8005 I DeviceIntelligenceInlineSuggestionsRequest: DeviceIntelligenceInlineSuggestionsRequest.<init>():76 DI Request: headerHeight=121.000000, chipHeight=93.500000, density=2.750000, paddingDp=5, chipInsetVertical=13, KeyboardHeaderHeightPx=121, minSize=94x121, maxSize=660x121
09-07 19:56:48.936  8005  8005 I GoogleInputMethodService: GoogleInputMethodService.onStartInput():1532 onStartInput(EditorInfo{EditorInfo{packageName=com.whatsapp, inputType=2c001, inputTypeString=Normal[MultiLine|CapSentences|AutoCorrect], enableLearning=true, autoCorrection=true, autoComplete=true, imeOptions=40000006, privateImeOptions=null, actionName=DONE, actionLabel=null, initialSelStart=0, initialSelEnd=0, initialCapsMode=2000, label=null, fieldId=2131432010, fieldName=null, extras=Bundle[mParcelledData.dataSize=168], hintText=null, hintLocales=[]}}, false)
09-07 19:56:48.938  8005  8005 I LatinIMEBase: LatinIMEBase.updateInputViewCoverNavigation():316 Update input view padding, isNavbarOverInputWindow=true, bottom inset=132
09-07 19:56:48.941  8005 14956 I Module  : DeviceLockedStatusModuleProvider$Module.updateDeviceLockedStatusInternal():119 repeatCheckTimes = 1, locked = false
09-07 19:56:48.949  8131  8894 I AiAiAutofill: Autofill onFillRequest
09-07 19:56:49.004  8131  8894 I AiAiAutofill: Candidate Providers: [SMART_REPLY, VISUAL_CORTEX]
09-07 19:56:49.010  8131  8894 I AiAiAutofill: [SMART_REPLY] generated 0 candidates :hc
09-07 19:56:49.010  8131  8894 I AiAiAutofill: [VISUAL_CORTEX] generated 0 candidates 
09-07 19:56:49.017  8131  8894 I AiAiAutofill: [SMART_REPLY] MODEL_STATUS_HIT_CACHE
09-07 19:56:49.018  8131  8894 I AiAiAutofill: [VISUAL_CORTEX] MODEL_STATUS_EMPTY_RESULT
09-07 19:56:49.087  9706 10981 I HWUI    : [destroy] CanvasContext will be destroyed.
09-07 19:56:49.110  9706  9706 I cgno    : onStop
09-07 19:56:49.129  9706  9706 I cgfa    : onStop
09-07 19:56:49.139  8131  8893 I AiAiConversations: [MessageTurnBroadcaster] onConversationTurn event sent
09-07 19:56:49.142  8131  8862 I AiAiPeople: [0] fragments remain to process, dispatched event [32]
09-07 19:56:49.153  8131  8893 I AiAiConversations: [MessageAggregatorSupervisor] Input box autofill id changed. Continue processing.
09-07 19:56:49.153  8131  8893 I AiAiConversations: [MessageTurnBroadcaster] onConversationTurn event sent
09-07 19:56:49.155  8131  8862 I AiAiPeople: [0] fragments remain to process, dispatched event [32]
09-07 19:56:49.227  8910  8910 E WakeLockMetricsCollector: Unknown wakelock modified
09-07 19:56:49.229  8910 18671 E WakeLockMetricsCollector: Unknown wakelock modified
09-07 19:56:49.345  8910  8937 W com.whatsapp: Missing inline cache for void X.IWX.run()
09-07 19:56:49.348  8910  8937 I com.whatsapp: JIT allocated 57KB for compiled code of void X.IWX.run()
09-07 19:56:49.348  8910  8937 I com.whatsapp: Compiler allocated 7551KB to compile void X.IWX.run()
09-07 19:56:49.795  8131  8894 W AiAiAutofill: On activity pause for ContentSelector{packageName=com.whatsapp, activityName=com.whatsapp.Conversation, resourceId=null} completing 1 sessions with 0 remaining.
09-07 19:56:49.904  8131  8893 I AiAiConversations: [MessageActivityBroadcaster][component=ComponentInfo{com.whatsapp/com.whatsapp.Conversation}][sessionId=1899589163][exitReason=DEFAULT][requiresDeletion=false] Exit Conversation
09-07 19:56:49.908  8131  8862 I AiAiPeople: [0] fragments remain to process, dispatched event [32]
09-07 19:56:50.237  8145 14139 I ewrk    : (REDACTED) HDM. appOpsListener %s %s
09-07 19:56:50.237  8145 14139 I ewrk    : (REDACTED) HDM. Ignoring irrelevant audio permission changes for package %s
09-07 19:56:50.273 10013 10013 I cr_SUCFiltersObserver: setting=browser_content_filters_enabled discarding false
09-07 19:56:50.273 10013 10013 I cr_SUCFiltersObserver: setting=search_content_filters_enabled discarding false
09-07 19:56:50.295 10013 10013 I cr_OfflineDetector: Running updateState mConnectivityDetectorInitialized: true, mTimeWhenLastForegrounded: 26016722, getElapsedTime: 26016722, mTimeWhenLastOfflineNotificationReceived: 0, mTimeWhenLastOnline: 25475684, mTimeWhenAirplaneModeToggledOff: 0 mApplicationState: 1, mIsOfflineLastReportedByConnectivityDetector: false, mInAirplaneMode: false mIsEffectivelyOffline: false
09-07 19:56:50.295 10013 10013 I cr_OfflineDetector: updateState(): timeSinceLastForeground: 0, timeSinceOfflineNotificationReceived: 26016722, timeSinceLastOnline: 541038, timeNeededForForeground: 2000, timeNeededForOffline: -26014722 timeSinceAirplaneModeToggledOff: 26016722 timeNeededAfterConnectionChangeFromOnlineToOffline: -531038 timeNeededAfterConnectionChangeFromAirplaneToOffline: 0
09-07 19:56:50.306 10013 10013 W cr_ActivityDispatcher: CustomTabsIntent#shouldAlwaysUseBrowserUI() = false
09-07 19:56:50.306 10013 10013 W cr_ActivityDispatcher: CustomTabsIntent#shouldAlwaysUseBrowserUI() = false
09-07 19:56:50.331 15803 15803 I artnerbookmarks: Using generational CollectorTypeCC GC.
09-07 19:56:50.341 15803 15803 E artnerbookmarks: BBinder_init Processname  com.android.providers.partnerbookmarks  
09-07 19:56:50.341 15803 15803 E artnerbookmarks: BBinder_init hasGetProcessName  com.android.providers.partnerbookmarks
09-07 19:56:50.432 15803 15803 I artnerbookmarks: AssetManager2(0xb400007395e23f38) locale list changing from [] to [en-IN]
09-07 19:56:50.436 10013 10013 W JobInfo : Job 'com.android.chrome/org.chromium.components.background_task_scheduler.internal.BackgroundTaskJobService#112' has a deadline with no functional constraints. The deadline won't improve job execution latency. Consider removing the deadline.
09-07 19:56:50.442  8910 17667 I HWUI    : [destroy] CanvasContext will be destroyed.
09-07 19:56:50.453 10013 10013 W cr_ActivityDispatcher: CustomTabsIntent#shouldAlwaysUseBrowserUI() = false
09-07 19:56:50.503 10013 10092 W cr_PartnerCustomize: Partner homepage must be HTTP(S) or NewTabPage. Got invalid URL ""
09-07 19:56:50.532 10013 10013 W cr_PartnerCustomize: Another initializeAsync is already in progress.
09-07 19:56:50.532 10013 10013 I cr_ChromeActivity: onNewIntentWithNative: exiting picture in picture if needed
09-07 19:56:50.532 10013 10013 I cr_VideoPersist: Framework exited picture in picture
09-07 19:56:50.533 10013 10013 I cr_VideoPersist: Exited picture in picture with reason: 0
09-07 19:56:50.673 10013 10013 I cr_VideoPersist: Dismiss activity with reason 4
09-07 19:56:50.682 10013 10013 I cr_A11yState: Enabled accessibility services list updated. [com.sand.airdroidkids/.services.AccessibilityLimitService]
09-07 19:56:50.683 10013 10013 I cr_A11yState: Informing listeners of changes.
09-07 19:56:50.683 10013 10013 I cr_A11yState: New AccessibilityState: State{isComplexUserInteractionServiceEnabled=true, isTouchExplorationEnabled=false, isPerformGesturesEnabled=true, isAnyAccessibilityServiceEnabled=true, isAccessibilityToolPresent=false, isTextShowPasswordEnabled=true, isOnlyAutofillRunning=false, isOnlyPasswordManagersEnabled=false, isKnownScreenReaderEnabled=false}
09-07 19:56:50.688 10013 10013 I cr_InactivityTracker: Last background time read from the SharedPreference is:1788790687351.
09-07 19:56:50.689 10013 10013 I cr_ChromeActivity: onResumeWithNative: exiting picture in picture if needed
09-07 19:56:50.689 10013 10013 I cr_VideoPersist: Dismiss activity with reason 0
09-07 19:56:50.690 10013 10013 I cr_InactivityTracker: Last visible time read from the SharedPreference is:1788790680782.
09-07 19:56:50.732 10013 10013 I cr_CompositorSurfaceMgr: surfaceCreated format: 0
09-07 19:56:50.743 14328 14995 W gle.android.gms: Monitor::Inflate: Install failed 0x6a2415a8
09-07 19:56:50.760 10013 10093 I cr_OPArchivePublisher: ADM threw while trying to remove a download. java.lang.IllegalArgumentException: input param 'ids' can't be null
09-07 19:56:50.817  8910 17667 I HWUI    : [setStopped] CanvasContext will be destroyed.
09-07 19:56:50.820  8910  8910 I AutofillManager: onInvisibleForAutofill(): expiringResponse
09-07 19:56:50.822  8910  8910 I ImeTracker: com.whatsapp:1a5b627b: onRequestHide at ORIGIN_CLIENT reason HIDE_SOFT_INPUT fromUser false
09-07 19:56:50.823  8910  8910 I ImeTracker: com.whatsapp:1a5b627b: onCancelled at PHASE_CLIENT_ALREADY_HIDDEN
09-07 19:56:50.849 10013 10115 W chromium: [WARNING:net/cert/ev_root_ca_metadata.cc:118] Not implemented
09-07 19:56:50.852 10013 10013 W View    : couldn't find view with id 2130774199
09-07 19:56:50.861  8005  8005 I SubtypeOperator: SubtypeOperator$1.onUnbindInput():43 
09-07 19:56:50.867  8005  8005 I SubtypeOperator: SubtypeOperator$1.onBindInput():33 
09-07 19:56:50.868  8005  8005 I GoogleInputMethodService: GoogleInputMethodService.onFinishInput():2361 
09-07 19:56:50.870  8005  8005 I GoogleInputMethodService: GoogleInputMethodService.onStartInput():1532 onStartInput(EditorInfo{EditorInfo{packageName=com.android.chrome, inputType=0, inputTypeString=NULL, enableLearning=false, autoCorrection=false, autoComplete=false, imeOptions=12000000, privateImeOptions=null, actionName=UNSPECIFIED, actionLabel=null, initialSelStart=-1, initialSelEnd=-1, initialCapsMode=0, label=null, fieldId=0, fieldName=null, extras=null, hintText=null, hintLocales=[]}}, false)
09-07 19:56:50.873  8005  8005 I LatinIMEBase: LatinIMEBase.updateInputViewCoverNavigation():316 Update input view padding, isNavbarOverInputWindow=true, bottom inset=132
09-07 19:56:50.875  8005 14942 I Module  : DeviceLockedStatusModuleProvider$Module.updateDeviceLockedStatusInternal():119 repeatCheckTimes = 0, locked = false
09-07 19:56:50.880  8005 14942 I Module  : DeviceLockedStatusModuleProvider$Module.updateDeviceLockedStatusInternal():119 repeatCheckTimes = 1, locked = false
09-07 19:56:50.882  1949  2146 I ActivityTaskManager: Displayed com.android.chrome/org.chromium.chrome.browser.ChromeTabbedActivity for user 0: +1s97ms
09-07 19:56:50.888 10013 10093 W chromium: [WARNING:net/cert/ev_root_ca_metadata.cc:118] Not implemented
09-07 19:56:50.898  8910  8910 I ImeTracker: com.whatsapp:c2294074: onRequestHide at ORIGIN_CLIENT reason HIDE_WINDOW_LOST_FOCUS fromUser false
09-07 19:56:50.903  8910  8910 I ImeTracker: com.whatsapp:c2294074: onCancelled at PHASE_CLIENT_ALREADY_HIDDEN
09-07 19:56:50.950 10013 10013 W View    : couldn't find view with id 2130774199
09-07 19:56:50.963 14328 14995 I SyncManager: (REDACTED) Executing sync(type=%s%s)
09-07 19:56:50.967 10013 10013 W View    : couldn't find view with id 2130774199
09-07 19:56:50.983 14328 14995 I SyncManager: (REDACTED) Executing sync(type=%s) finished in %s
09-07 19:56:51.006 14328 14995 I SyncManager: (REDACTED) Executing sync(type=%s%s)
09-07 19:56:51.010 14328 14995 I SyncManager: (REDACTED) Executing sync(type=%s) finished in %s
09-07 19:56:51.013 14328 14995 I SyncManager: (REDACTED) Executing sync(type=%s%s)
09-07 19:56:51.019 14328 14995 I SyncManager: (REDACTED) Executing sync(type=%s) finished in %s
09-07 19:56:52.407 10013 10013 I cr_E2E_DCController: setSafeAreaConstraint: false
09-07 19:56:52.434 10013 10092 W chromium: [WARNING:net/cert/ev_root_ca_metadata.cc:118] Not implemented
09-07 19:56:52.459 10013 10093 W chromium: [WARNING:net/cert/ev_root_ca_metadata.cc:118] Not implemented
09-07 19:56:52.480 10013 10092 W chromium: [WARNING:net/cert/ev_root_ca_metadata.cc:118] Not implemented
09-07 19:56:52.607 10013 10092 E AtomicFile: Failed to sync file output stream
09-07 19:56:52.615 10013 10013 W cr_SegmentationPlatform: Signal type not found: 16
09-07 19:56:52.645 10013 10092 W chromium: [WARNING:net/cert/ev_root_ca_metadata.cc:118] Not implemented
09-07 19:56:54.325 10013 12499 W libc    : Access denied finding property "ro.vendor.vivo.software.ai.llm.disable"
09-07 19:56:55.062 10013 10092 W chromium: [WARNING:net/cert/ev_root_ca_metadata.cc:118] Not implemented
09-07 19:56:55.275 10013 10092 W chromium: [WARNING:net/cert/ev_root_ca_metadata.cc:118] Not implemented
09-07 19:56:55.297 10013 10092 W chromium: [WARNING:net/cert/ev_root_ca_metadata.cc:118] Not implemented
09-07 19:56:55.591 10013 10093 W chromium: [WARNING:net/cert/ev_root_ca_metadata.cc:118] Not implemented
09-07 19:56:55.834  8145 14139 I ewrk    : (REDACTED) HDM. appOpsListener %s %s
09-07 19:56:55.834  8145 14139 I ewrk    : (REDACTED) HDM. Ignoring irrelevant audio permission changes for package %s
09-07 19:56:56.469  8910 15671 I com.whatsapp: Explicit concurrent copying GC freed 6334KB AllocSpace bytes, 19(676KB) LOS objects, 39% free, 37MB/61MB, paused 682us,188us total 614.952ms
09-07 19:56:56.609  8005  8055 I ProtoXDBBufferWrapper: ProtoXDBBufferWrapper.flushToStorage():160 Flushed 6 data item(s) to storage.
09-07 19:56:56.700 10013 10013 W BitmapDrawable: BitmapDrawable created with null Bitmap
09-07 19:56:56.713 10013 10013 I cr_VideoPersist: Dismiss activity with reason 4
09-07 19:56:56.738  8005  8005 I GoogleInputMethodService: GoogleInputMethodService.onFinishInput():2361 
09-07 19:56:56.739  8005  8005 I GoogleInputMethodService: GoogleInputMethodService.onStartInput():1532 onStartInput(EditorInfo{EditorInfo{packageName=com.android.chrome, inputType=0, inputTypeString=NULL, enableLearning=false, autoCorrection=false, autoComplete=false, imeOptions=0, privateImeOptions=null, actionName=UNSPECIFIED, actionLabel=null, initialSelStart=-1, initialSelEnd=-1, initialCapsMode=0, label=null, fieldId=0, fieldName=null, extras=null, hintText=null, hintLocales=[]}}, false)
09-07 19:56:56.739  8005  8005 I LatinIMEBase: LatinIMEBase.updateInputViewCoverNavigation():316 Update input view padding, isNavbarOverInputWindow=true, bottom inset=132
09-07 19:56:56.740  8005 14954 I Module  : DeviceLockedStatusModuleProvider$Module.updateDeviceLockedStatusInternal():119 repeatCheckTimes = 0, locked = false
09-07 19:56:56.740  8005 14956 I Module  : DeviceLockedStatusModuleProvider$Module.updateDeviceLockedStatusInternal():119 repeatCheckTimes = 1, locked = false
09-07 19:56:56.741 10013 10139 E AtomicFile: Failed to sync file output stream
09-07 19:56:56.802 10013 10013 W View    : couldn't find view with id 2130774199
09-07 19:56:56.899 10013 10013 W View    : couldn't find view with id 2130774199
09-07 19:56:57.014 10013 10013 W cr_SegmentationPlatform: Signal type not found: 16
09-07 19:56:57.102  8005  8005 I GoogleInputMethodService: GoogleInputMethodService.onFinishInput():2361 
09-07 19:56:57.102  8005 14633 I Module  : DeviceLockedStatusModuleProvider$Module.updateDeviceLockedStatusInternal():119 repeatCheckTimes = 0, locked = false
09-07 19:56:57.103  8005  8005 I GoogleInputMethodService: GoogleInputMethodService.onStartInput():1532 onStartInput(EditorInfo{EditorInfo{packageName=com.android.chrome, inputType=0, inputTypeString=NULL, enableLearning=false, autoCorrection=false, autoComplete=false, imeOptions=12000000, privateImeOptions=null, actionName=UNSPECIFIED, actionLabel=null, initialSelStart=-1, initialSelEnd=-1, initialCapsMode=0, label=null, fieldId=0, fieldName=null, extras=null, hintText=null, hintLocales=[]}}, false)
09-07 19:56:57.103  8005  8005 I LatinIMEBase: LatinIMEBase.updateInputViewCoverNavigation():316 Update input view padding, isNavbarOverInputWindow=true, bottom inset=132
09-07 19:56:57.105  8005 14635 I Module  : DeviceLockedStatusModuleProvider$Module.updateDeviceLockedStatusInternal():119 repeatCheckTimes = 1, locked = false
09-07 19:56:57.215 10013 10013 W View    : couldn't find view with id 2130774199
09-07 19:56:57.451 10013 10013 I cr_E2E_DCController: setSafeAreaConstraint: false
09-07 19:56:57.458 10013 10013 W View    : couldn't find view with id 2130774199
09-07 19:56:57.526 10013 10092 W chromium: [WARNING:net/cert/ev_root_ca_metadata.cc:118] Not implemented
09-07 19:56:57.578 10013 10013 W cr_SegmentationPlatform: Signal type not found: 16
09-07 19:56:57.835 10013 10092 E AtomicFile: Failed to sync file output stream
09-07 19:56:58.027  3867 15437 I NearbyMediums: No BLE Fast/GATT advertisements found in the latest cycle.
09-07 19:56:58.028  3867 15437 I NearbyMediums: Current Tracked Scanning Clients are : {NearbyConnections.EnvironmentMonitor, NearbySharing, NearbyConnections.TxAdvertisement}
09-07 19:56:58.697 10013 10013 I cr_VideoPersist: Attempted picture-in-picture with result: failure
09-07 19:56:58.764 10013 10092 E AtomicFile: Failed to sync file output stream
09-07 19:56:58.921 10013 10013 E cr_CompositorSurfaceMgr: surfaceDestroyed format : -3
09-07 19:56:58.934 10013 11099 I HWUI    : [destroy] CanvasContext will be destroyed.
09-07 19:56:59.096 16016 16016 W android.vending: Failed to find entry 'classes.dex': Entry not found
09-07 19:56:59.096 16016 16016 W android.vending: Failed to find entry 'classes.dex': Entry not found
09-07 19:56:59.097 16016 16016 W android.vending: Failed to find entry 'classes.dex': Entry not found
09-07 19:56:59.097 16016 16016 W android.vending: Failed to find entry 'classes.dex': Entry not found
09-07 19:56:59.097 16016 16016 W android.vending: Failed to find entry 'classes.dex': Entry not found
09-07 19:56:59.098 16016 16016 W android.vending: Failed to find entry 'classes.dex': Entry not found
09-07 19:56:59.104 16016 16016 I android.vending: AssetManager2(0xb400007395e23f38) locale list changing from [] to [en-IN]
09-07 19:56:59.106 16016 16016 W VSPA    : Unable to open /proc/vivo_rsc/frame_set_priority: No such file or directory
09-07 19:56:59.106 16016 16016 W VSPA    : Unable to open /proc/vivo_rsc/frame_set_priority: No such file or directory
09-07 19:56:59.118 16016 16016 W VSPA    : Unable to open /proc/vivo_rsc/frame_set_priority: No such file or directory
09-07 19:56:59.119 16016 16016 W VSPA    : Unable to open /proc/vivo_rsc/frame_set_priority: No such file or directory
09-07 19:56:59.122 16016 16016 I Finsky  : [2] Process created at version: 52.9.21-34 [0] [PR] 968642861
09-07 19:56:59.131 16016 16040 I Finsky  : [121] Finished reading experiment flags from file [Se-xCc4LzNyh3UrKMIU2sUf-PUKz4oQEbpKZDMuaFno] numFlags=2062.
09-07 19:56:59.131 16016 16039 I Finsky  : [120] Finished reading experiment flags from file [zr-1M92hm15l7WX_pOWT5R6aPy7rwYgzioeRH7jS0K0] numFlags=2076.
09-07 19:56:59.131 16016 16038 I Finsky  : [119] Finished reading experiment flags from file [0tGUNCGIkbk4o6-fQ335kUYSKwVj4lusnHT-A5Dsy08] numFlags=2591.
09-07 19:56:59.133 16016 16041 I Finsky  : [122] Process started for new foreground session.
09-07 19:56:59.152 16016 16016 I Finsky  : [2] Profiling: Starting up (0)
09-07 19:56:59.156 16016 16039 I Finsky  : [120] Enqueuing libraries load for -1752536691
09-07 19:56:59.156 16016 16039 I Finsky  : [120] amgd - Registering in memory receiver for android.intent.action.PACKAGE_ADDED and android.intent.action.PACKAGE_REMOVED
09-07 19:56:59.157 16016 16052 I Finsky  : [133] Starting libraries load for -1752536691
09-07 19:56:59.162 16016 16042 I Finsky  : [123] Device is eligible for platform Cronet and will attempt to use it.
09-07 19:56:59.173 16016 16016 I android.vending: AssetManager2(0xb400007395e22c78) locale list changing from [] to [en-IN]
09-07 19:56:59.175 16016 16016 I android.vending: AssetManager2(0xb400007395e238f8) locale list changing from [] to [en-IN]
09-07 19:56:59.178 16016 16060 I DisplayManager: Choreographer implicitly registered for the refresh rate.
09-07 19:56:59.180 16016 16060 I GameManager: __progname=com.android.vending
09-07 19:56:59.187 16016 16016 W VSPA    : Unable to open /proc/vivo_rsc/frame_set_priority: No such file or directory
09-07 19:56:59.187 16016 16016 W VSPA    : Unable to open /proc/vivo_rsc/frame_set_priority: No such file or directory
09-07 19:56:59.189 16016 16016 W Finsky  : [2] No LoggingContext in the bundle, which breaks event chain!. Creating a new logging context.
09-07 19:56:59.195 16016 16060 I libEGL  : skip_priority_level=0, isWorkaroundEnable=1
09-07 19:56:59.203 16016 16016 I Finsky  : [2] VerifyApps: Setup app restrictions monitor
09-07 19:56:59.204 16016 16016 I Finsky  : [2] VerifyApps: Device wide unknown source restriction updated
09-07 19:56:59.206 16016 16016 I Finsky  : [2] VerifyApps: Updating ADI Warn Mode activity enabled state
09-07 19:56:59.208 16016 16055 I Finsky  : [136] VerifyApps: Resolving target for ADI Warn Mode activity
09-07 19:56:59.210 16016 16055 W DynamiteModule: Local module descriptor class for com.google.android.gms.googlecertificates not found.
09-07 19:56:59.211 16016 16041 I Finsky  : [122] Subscription detail: DataSubscriptionInfo{groupIdLevel1=FFFFFFFFFFFFFFFFFFFF, serviceProviderName=[yOlW3tnQDJ1YThQMBZR88g71IOfDulvO9qZSUfyq_8k], simCarrierId=2018}
09-07 19:56:59.218 16016 16016 W VSPA    : Unable to open /proc/vivo_rsc/frame_set_priority: No such file or directory
09-07 19:56:59.218 16016 16042 I cn_CronetLibraryLoader: Cronet version: 147.0.7727.132, arch: aarch64
09-07 19:56:59.219 16016 16016 W VSPA    : Unable to open /proc/vivo_rsc/frame_set_priority: No such file or directory
09-07 19:56:59.220 14328 15170 D SQLiteQueryBuilder: SELECT value FROM partner WHERE ((name=?))
09-07 19:56:59.228 16016 16039 I Finsky  : [120] Created new item store.
09-07 19:56:59.233 16016 16050 I Finsky  : [131] CronetEngine is present. Using Cronet for the networking stack.
09-07 19:56:59.239 16016 16016 I Finsky  : [2] Set up MAUI
09-07 19:56:59.239 16016 16041 I Finsky  : [122] playLoggingServerUrl: https://play.googleapis.com/play/log
09-07 19:56:59.263  3867 15437 I GetConfigSnapshotOp: (REDACTED) Succeeded but not registered: %s
09-07 19:56:59.270  3867 15145 I GetConfigSnapshotOp: (REDACTED) Succeeded but not registered: %s
09-07 19:56:59.370  3867  3906 I FontLog : (REDACTED) Received query %s, URI %s
09-07 19:56:59.371  3867  3906 I FontLog : (REDACTED) Query [%s] resolved to %s
09-07 19:56:59.375  3867  3906 I FontLog : (REDACTED) Font PFD returned from cache for %s
09-07 19:56:59.375  3867  3906 I FontLog : (REDACTED) Fetch %s end status %s
09-07 19:56:59.380  3867  3906 I FontLog : (REDACTED) Pulling font file for id = %d, cache size = %d
09-07 19:56:59.400  3867  3906 I FontLog : (REDACTED) Received query %s, URI %s
09-07 19:56:59.400  3867  3906 I FontLog : (REDACTED) Query [%s] resolved to %s
09-07 19:56:59.404  3867  3906 I FontLog : (REDACTED) Font PFD returned from cache for %s
09-07 19:56:59.404  3867  3906 I FontLog : (REDACTED) Fetch %s end status %s
09-07 19:56:59.405  3867  3906 I FontLog : (REDACTED) Pulling font file for id = %d, cache size = %d
09-07 19:56:59.470  3867 15145 I GetConfigSnapshotOp: (REDACTED) Succeeded but not registered: %s
09-07 19:56:59.487 14328 15170 I MdiSyncModule: (REDACTED) Receiving API connection from package '%s'...
09-07 19:56:59.490 14328 15170 I MdiSyncModule: API connection successful!
09-07 19:56:59.491 14328 15170 I MdiSyncModule: (REDACTED) Receiving API connection from package '%s'...
09-07 19:56:59.491 14328 15170 I MdiSyncModule: API connection successful!
09-07 19:56:59.492 14328 15170 I MdiSyncModule: (REDACTED) Receiving API connection from package '%s'...
09-07 19:56:59.493 14328 15170 I MdiSyncModule: API connection successful!
09-07 19:56:59.495 14328 15170 I MdiSyncModule: (REDACTED) Receiving API connection from package '%s'...
09-07 19:56:59.496 14328 15170 I MdiSyncModule: API connection successful!
09-07 19:56:59.498 14328 15170 I MdiSyncModule: (REDACTED) Receiving API connection from package '%s'...
09-07 19:56:59.501 14328 15170 I MdiSyncModule: API connection successful!
09-07 19:56:59.502 14328 15170 I MdiSyncModule: (REDACTED) Receiving API connection from package '%s'...
09-07 19:56:59.503 14328 15170 I MdiSyncModule: API connection successful!
09-07 19:56:59.593  3867  9213 I FontLog : (REDACTED) Received query %s, URI %s
09-07 19:56:59.594  3867  9213 I FontLog : (REDACTED) Query [%s] resolved to %s
09-07 19:56:59.597  3867  9213 I FontLog : (REDACTED) Font PFD returned from cache for %s
09-07 19:56:59.597  3867  9213 I FontLog : (REDACTED) Fetch %s end status %s
09-07 19:56:59.600  1949  2146 I ActivityTaskManager: Displayed com.android.vending/com.google.android.finsky.activities.MainActivity for user 0: +903ms
09-07 19:56:59.601  3867  9213 I FontLog : (REDACTED) Pulling font file for id = %d, cache size = %d
09-07 19:56:59.607  3867  9213 I FontLog : (REDACTED) Received query %s, URI %s
09-07 19:56:59.607  3867  9213 I FontLog : (REDACTED) Query [%s] resolved to %s
09-07 19:56:59.608  3867  9213 I FontLog : (REDACTED) Font PFD returned from cache for %s
09-07 19:56:59.609  3867  9213 I FontLog : (REDACTED) Fetch %s end status %s
09-07 19:56:59.612  3867  9213 I FontLog : (REDACTED) Pulling font file for id = %d, cache size = %d
09-07 19:56:59.614  8005  8005 I SubtypeOperator: SubtypeOperator$1.onUnbindInput():43 
09-07 19:56:59.615 10013 10013 I ImeTracker: com.android.chrome:7d980147: onRequestHide at ORIGIN_CLIENT reason HIDE_WINDOW_LOST_FOCUS fromUser false
09-07 19:56:59.615 10013 10013 I ImeTracker: com.android.chrome:7d980147: onCancelled at PHASE_CLIENT_ALREADY_HIDDEN
09-07 19:56:59.625 10013 10013 W WindowOnBackDispatcher: sendCancelIfRunning: isInProgress=false callback=vbi@5352bea
09-07 19:56:59.625 10013 11099 I HWUI    : [setStopped] CanvasContext will be destroyed.
09-07 19:56:59.627  8005  8005 I SubtypeOperator: SubtypeOperator$1.onBindInput():33 
09-07 19:56:59.647  8005  8005 I GoogleInputMethodService: GoogleInputMethodService.onFinishInput():2361 
09-07 19:56:59.647  8005  8005 I GoogleInputMethodService: GoogleInputMethodService.onStartInput():1532 onStartInput(EditorInfo{EditorInfo{packageName=com.android.vending, inputType=0, inputTypeString=NULL, enableLearning=false, autoCorrection=false, autoComplete=false, imeOptions=0, privateImeOptions=null, actionName=UNSPECIFIED, actionLabel=null, initialSelStart=-1, initialSelEnd=-1, initialCapsMode=0, label=null, fieldId=0, fieldName=null, extras=null, hintText=null, hintLocales=[]}}, false)
09-07 19:56:59.647  8005  8005 I LatinIMEBase: LatinIMEBase.updateInputViewCoverNavigation():316 Update input view padding, isNavbarOverInputWindow=true, bottom inset=132
09-07 19:56:59.649  8005 14942 I Module  : DeviceLockedStatusModuleProvider$Module.updateDeviceLockedStatusInternal():119 repeatCheckTimes = 0, locked = false
09-07 19:56:59.649  8005 14942 I Module  : DeviceLockedStatusModuleProvider$Module.updateDeviceLockedStatusInternal():119 repeatCheckTimes = 1, locked = false
09-07 19:56:59.654 10013 10013 I cr_A11yState: Enabled accessibility services list updated. [com.sand.airdroidkids/.services.AccessibilityLimitService]
09-07 19:56:59.655 10013 10013 I cr_A11yState: Informing listeners of changes.
09-07 19:56:59.655 10013 10013 I cr_A11yState: New AccessibilityState: State{isComplexUserInteractionServiceEnabled=true, isTouchExplorationEnabled=false, isPerformGesturesEnabled=true, isAnyAccessibilityServiceEnabled=true, isAccessibilityToolPresent=false, isTextShowPasswordEnabled=true, isOnlyAutofillRunning=false, isOnlyPasswordManagersEnabled=false, isKnownScreenReaderEnabled=false}
09-07 19:56:59.683 10013 11372 I cr_BindingManager: onTrimMemory: level=20, size=2
09-07 19:56:59.709 12456 12496 W native  : W0000 00:00:1788791219.709729   12496 lag_detector.cc:58] Pipeline lagging by 1.105409015s. Continue processing samples.
09-07 19:56:59.968  1949  2146 I ActivityTaskManager: Displayed com.android.vending/com.google.android.finsky.transparentmainactivity.TransparentMainActivityPrivate for user 0: +148ms
09-07 19:57:00.006 16016 16038 W ratelimit: Single process limit 50/s drop 99 lines.
09-07 19:57:00.006 16016 16038 I Finsky  : [119] Created new item store.
09-07 19:57:00.043 16016 16038 I Finsky  : [119] PSR: Package cache is empty, setup cache.
09-07 19:57:00.044 16016 16041 I Finsky  : [122] PSR: Package cache is empty, setup cache.
09-07 19:57:00.059 16016 16040 I Finsky  : [121] GMS-INS: Get module metadata from GmsCore, package=com.realshare.app.
09-07 19:57:00.065 16016 16095 I cn_CronetUrlRequestContext: destroyNativeStreamLocked android.net.http.internal.org.chromium.net.impl.CronetBidirectionalStream@d5e7d24
09-07 19:57:00.088  8005  8005 I GoogleInputMethodService: GoogleInputMethodService.onFinishInput():2361 
09-07 19:57:00.089  8005  8005 I GoogleInputMethodService: GoogleInputMethodService.onStartInput():1532 onStartInput(EditorInfo{EditorInfo{packageName=com.android.vending, inputType=0, inputTypeString=NULL, enableLearning=false, autoCorrection=false, autoComplete=false, imeOptions=0, privateImeOptions=null, actionName=UNSPECIFIED, actionLabel=null, initialSelStart=-1, initialSelEnd=-1, initialCapsMode=0, label=null, fieldId=0, fieldName=null, extras=null, hintText=null, hintLocales=[]}}, false)
09-07 19:57:00.089  8005  8005 I LatinIMEBase: LatinIMEBase.updateInputViewCoverNavigation():316 Update input view padding, isNavbarOverInputWindow=true, bottom inset=132
09-07 19:57:00.092 16016 16050 I Finsky  : [131] Capture referrer for com.realshare.app
09-07 19:57:00.094  8005 14954 I Module  : DeviceLockedStatusModuleProvider$Module.updateDeviceLockedStatusInternal():119 repeatCheckTimes = 0, locked = false
09-07 19:57:00.095  8005 14954 I Module  : DeviceLockedStatusModuleProvider$Module.updateDeviceLockedStatusInternal():119 repeatCheckTimes = 1, locked = false
09-07 19:57:00.107 16016 16016 I ImeTracker: com.android.vending:e326ea01: onCancelled at PHASE_CLIENT_ALREADY_HIDDEN
09-07 19:57:00.131 16016 16147 I Finsky  : [190] GMS-INS: Metadata response for package:com.realshare.app, status:4
09-07 19:57:00.213 16016 16095 I cn_CronetUrlRequestContext: destroyNativeStreamLocked android.net.http.internal.org.chromium.net.impl.CronetBidirectionalStream@6c1436f
09-07 19:57:00.215 16016 16051 E Finsky  : [132] ItemStore: getItems RPC failed for item com.realshare.app
09-07 19:57:00.224 16016 16095 I cn_CronetUrlRequestContext: destroyNativeStreamLocked android.net.http.internal.org.chromium.net.impl.CronetBidirectionalStream@d29f3e6
09-07 19:57:00.245 16016 16038 W Finsky  : [119] SLM: no metadata property com.android.vending.derived.apk.id found for shared library com.google.android.trichromelibrary_733920733:
09-07 19:57:00.245 16016 16038 W Finsky  : [119] SLM: no metadata property com.android.vending.sdk.version.patch found for shared library com.google.android.trichromelibrary_733920733:
09-07 19:57:00.597 16016 16106 W HWUI    : Image decoding logging dropped!
09-07 19:57:00.651 16016 16041 W Finsky  : [122] PSR: Package com.google.android.trichromelibrary not installed
09-07 19:57:02.271 16016 16043 W android.vending: Monitor::Inflate: Install failed 0x6a0716f8
09-07 19:57:02.272  3867 15145 I GetConfigSnapshotOp: (REDACTED) Succeeded but not registered: %s
09-07 19:57:02.284 16016 16022 I android.vending: Background concurrent copying GC freed 45MB AllocSpace bytes, 101(3208KB) LOS objects, 49% free, 15MB/30MB, paused 76us,89us total 130.938ms
09-07 19:57:02.334  3867  9218 W Settings: Setting airplane_mode_on has moved from android.provider.Settings.System to android.provider.Settings.Global, returning read-only value.
09-07 19:57:02.341  3867 15362 W SystemServiceRegistry: No service published for: wifirtt
09-07 19:57:04.247 14328 16201 I Authzen : [DeviceStateSyncManager] The server is in sync with current state. Nothing to do
09-07 19:57:04.645  8145 17529 I ewrk    : (REDACTED) HDM. appOpsListener %s %s
09-07 19:57:04.651  8145 17529 I ewrk    : (REDACTED) HDM. Ignoring irrelevant audio permission changes for package %s
09-07 19:57:04.959 16016 16143 W HWUI    : Image decoding logging dropped!
09-07 19:57:05.072 12456 12496 I native  : I0000 00:00:1788791225.072046   12496 soda_async_impl.cc:1420] Current audio timestamp: 1788791224952829
09-07 19:57:05.151 12456 12545 W ProxyAndroidLoggerBackend: Too many Flogger logs received before configuration. Dropping old logs.
09-07 19:57:05.163  3867 15145 I GetConfigSnapshotOp: (REDACTED) Succeeded but not registered: %s
09-07 19:57:05.342 16016 16095 I cn_CronetUrlRequestContext: destroyNativeStreamLocked android.net.http.internal.org.chromium.net.impl.CronetBidirectionalStream@aa4c8ad
09-07 19:57:06.044 16016 16039 W android.vending: Monitor::Inflate: Install failed 0x2555618
09-07 19:57:06.071 16016 16039 E Finsky  : [120] Unhandled button type.
09-07 19:57:06.071 16016 16038 E Finsky  : [119] Unhandled button type.
09-07 19:57:06.071 16016 16038 E Finsky  : [119] Unhandled button type.
09-07 19:57:06.086 16016 16102 W HWUI    : Image decoding logging dropped!
09-07 19:57:06.109 16016 16038 E Finsky  : [119] Unhandled button type.
09-07 19:57:06.109 16016 16040 E Finsky  : [121] Unhandled button type.
09-07 19:57:06.116 16016 16216 I android.vending: Waiting for a blocking GC Explicit
09-07 19:57:06.162 16016 16112 I android.vending: Explicit concurrent copying GC freed 5660KB AllocSpace bytes, 4(88KB) LOS objects, 49% free, 21MB/42MB, paused 805us,55us total 89.274ms
09-07 19:57:06.163 16016 16216 I android.vending: Waiting for a blocking GC Explicit
09-07 19:57:06.165 16016 16107 W HWUI    : Image decoding logging dropped!
09-07 19:57:06.171 16016 16111 W HWUI    : Image decoding logging dropped!
09-07 19:57:06.174 16016 16106 W HWUI    : Image decoding logging dropped!
09-07 19:57:06.192 16016 16109 W HWUI    : Image decoding logging dropped!
09-07 19:57:06.199 16016 16107 W HWUI    : Image decoding logging dropped!
09-07 19:57:06.200 16016 16111 W HWUI    : Image decoding logging dropped!
09-07 19:57:06.202 16016 16106 W HWUI    : Image decoding logging dropped!
09-07 19:57:06.214 16016 16109 W HWUI    : Image decoding logging dropped!
09-07 19:57:06.222 16016 16107 W HWUI    : Image decoding logging dropped!
09-07 19:57:06.227 16016 16040 E Finsky  : [121] Unhandled button type.
09-07 19:57:06.227 16016 16040 E Finsky  : [121] Unhandled button type.
09-07 19:57:06.227 16016 16039 E Finsky  : [120] Unhandled button type.
09-07 19:57:06.236 16016 16016 E Finsky  : [2] ComposeVisualElement Error: veType=480, CVE is already linked to the same parent
09-07 19:57:06.236 16016 16016 E Finsky  : [2] ComposeVisualElement Error: veType=4152, CVE is already linked to the same parent
09-07 19:57:06.236 16016 16016 E Finsky  : [2] ComposeVisualElement Error: veType=4152, CVE is already linked to the same parent
09-07 19:57:06.239 16016 16111 W HWUI    : Image decoding logging dropped!
09-07 19:57:06.241 16016 16106 W HWUI    : Image decoding logging dropped!
09-07 19:57:06.244 16016 16102 W HWUI    : Image decoding logging dropped!
09-07 19:57:06.245 16016 16109 W HWUI    : Image decoding logging dropped!
09-07 19:57:06.246 16016 16107 W HWUI    : Image decoding logging dropped!
09-07 19:57:06.250 16016 16112 I android.vending: Explicit concurrent copying GC freed 3854KB AllocSpace bytes, 2(60KB) LOS objects, 49% free, 22MB/45MB, paused 99us,242us total 87.646ms
09-07 19:57:06.250 16016 16216 I android.vending: WaitForGcToComplete blocked Explicit on Explicit for 133.985ms
09-07 19:57:06.250 16016 16112 I android.vending: Waiting for a blocking GC Explicit
09-07 19:57:06.311 16016 16095 I cn_CronetUrlRequestContext: destroyNativeStreamLocked android.net.http.internal.org.chromium.net.impl.CronetBidirectionalStream@68bf101
09-07 19:57:06.312 16016 16095 I cn_CronetUrlRequestContext: destroyNativeStreamLocked android.net.http.internal.org.chromium.net.impl.CronetBidirectionalStream@4ca1ba6
09-07 19:57:06.319 16016 16095 I cn_CronetUrlRequestContext: destroyNativeStreamLocked android.net.http.internal.org.chromium.net.impl.CronetBidirectionalStream@ee32d73
09-07 19:57:06.335 16016 16216 I android.vending: Explicit concurrent copying GC freed 3098KB AllocSpace bytes, 24(684KB) LOS objects, 50% free, 20MB/40MB, paused 117us,84us total 84.620ms
09-07 19:57:06.335 16016 16112 I android.vending: WaitForGcToComplete blocked Explicit on Explicit for 84.771ms
09-07 19:57:06.335 16016 16216 I android.vending: Waiting for a blocking GC Explicit
09-07 19:57:06.336 16016 16095 I cn_CronetUrlRequestContext: destroyNativeStreamLocked android.net.http.internal.org.chromium.net.impl.CronetBidirectionalStream@f67f29f
09-07 19:57:06.345 16016 16107 W HWUI    : Image decoding logging dropped!
09-07 19:57:06.353 16016 16106 W HWUI    : Image decoding logging dropped!
09-07 19:57:06.355 16016 16109 W HWUI    : Image decoding logging dropped!
09-07 19:57:06.356 16016 16111 W HWUI    : Image decoding logging dropped!
09-07 19:57:06.381 16016 16107 W HWUI    : Image decoding logging dropped!
09-07 19:57:06.384 16016 16106 W HWUI    : Image decoding logging dropped!
09-07 19:57:06.395 16016 16111 W HWUI    : Image decoding logging dropped!
09-07 19:57:06.543  8005  8005 I VoiceInputManagerWrapper: VoiceInputManagerWrapper.shutdownVoiceInternal():154 shutdownVoiceInternal() [RD]
09-07 19:57:06.545  8005  8005 W NotificationCenter: NotificationCenter.unregisterListener():474 Listener khf@e4ec590 was not registered for notification class qry
09-07 19:57:07.474 16016 16038 W ratelimit: Single process limit 50/s drop 36 lines.
09-07 19:57:07.474 16016 16038 I Finsky  : [119] StreamDataStore: pagination token matches. Setting the next pagination token.
09-07 19:57:07.483 16016 16038 E Finsky  : [119] Unhandled CTA button type: BUTTON_WITH_LINK
09-07 19:57:07.486 16016 16038 E Finsky  : [119] Unhandled button type.
09-07 19:57:07.486 16016 16040 E Finsky  : [121] Unhandled button type.
09-07 19:57:07.487 16016 16039 E Finsky  : [120] Unhandled button type.
09-07 19:57:07.495 16016 16095 I cn_CronetUrlRequestContext: destroyNativeStreamLocked android.net.http.internal.org.chromium.net.impl.CronetBidirectionalStream@9da8c6
09-07 19:57:07.510 16016 16102 W HWUI    : Image decoding logging dropped!
09-07 19:57:07.521 16016 16106 W HWUI    : Image decoding logging dropped!
09-07 19:57:07.524 16016 16109 W HWUI    : Image decoding logging dropped!
09-07 19:57:07.534 16016 16111 W HWUI    : Image decoding logging dropped!
09-07 19:57:07.539 16016 16107 W HWUI    : Image decoding logging dropped!
09-07 19:57:07.549 16016 16106 W HWUI    : Image decoding logging dropped!
09-07 19:57:07.550 16016 16109 W HWUI    : Image decoding logging dropped!
09-07 19:57:07.559 16016 16111 W HWUI    : Image decoding logging dropped!
09-07 19:57:07.563 16016 16107 W HWUI    : Image decoding logging dropped!
09-07 19:57:07.571 16016 16216 I android.vending: Waiting for a blocking GC Explicit
09-07 19:57:07.578 16016 16109 W HWUI    : Image decoding logging dropped!
09-07 19:57:07.579 16016 16106 W HWUI    : Image decoding logging dropped!
09-07 19:57:07.582 16016 16111 W HWUI    : Image decoding logging dropped!
09-07 19:57:07.588 16016 16107 W HWUI    : Image decoding logging dropped!
09-07 19:57:07.590 16016 16040 E Finsky  : [121] Unhandled button type.
09-07 19:57:07.590 16016 16038 E Finsky  : [119] Unhandled button type.
09-07 19:57:07.590 16016 16039 E Finsky  : [120] Unhandled button type.
09-07 19:57:07.594 16016 16112 I android.vending: Explicit concurrent copying GC freed 2618KB AllocSpace bytes, 2(32KB) LOS objects, 45% free, 28MB/52MB, paused 586us,144us total 110.452ms
09-07 19:57:07.595 16016 16216 I android.vending: WaitForGcToComplete blocked Explicit on Explicit for 23.417ms
09-07 19:57:07.595 16016 16112 I android.vending: Waiting for a blocking GC Explicit
09-07 19:57:07.601 16016 16109 W HWUI    : Image decoding logging dropped!
09-07 19:57:07.622 16016 16106 W HWUI    : Image decoding logging dropped!
09-07 19:57:07.628 16016 16107 W HWUI    : Image decoding logging dropped!
09-07 19:57:07.634 16016 16111 W HWUI    : Image decoding logging dropped!
09-07 19:57:07.636  3867 14478 I .gms.persistent: Explicit concurrent copying GC freed 8625KB AllocSpace bytes, 52(3328KB) LOS objects, 43% free, 30MB/54MB, paused 244us,51us total 173.147ms
09-07 19:57:07.640 16016 16109 W HWUI    : Image decoding logging dropped!
09-07 19:57:07.695 16016 16216 I android.vending: Explicit concurrent copying GC freed 5253KB AllocSpace bytes, 31(1864KB) LOS objects, 49% free, 23MB/46MB, paused 82us,53us total 100.428ms
09-07 19:57:07.695 16016 16112 I android.vending: WaitForGcToComplete blocked Explicit on Explicit for 100.611ms
09-07 19:57:07.784 16016 16112 I android.vending: Explicit concurrent copying GC freed 511KB AllocSpace bytes, 5(180KB) LOS objects, 49% free, 22MB/45MB, paused 57us,52us total 88.972ms
09-07 19:57:07.872 16016 16112 I android.vending: Explicit concurrent copying GC freed 120KB AllocSpace bytes, 0(0B) LOS objects, 49% free, 22MB/45MB, paused 53us,118us total 87.641ms
09-07 19:57:07.959 16016 16112 I android.vending: Explicit concurrent copying GC freed 102KB AllocSpace bytes, 0(0B) LOS objects, 50% free, 22MB/45MB, paused 67us,52us total 86.604ms
09-07 19:57:08.034  3867 15145 I NearbyMediums: No BLE Fast/GATT advertisements found in the latest cycle.
09-07 19:57:08.034  3867 15145 I NearbyMediums: Current Tracked Scanning Clients are : {NearbyConnections.EnvironmentMonitor, NearbySharing, NearbyConnections.TxAdvertisement}
09-07 19:57:08.099 16222 16222 E cebook.services: BBinder_init Processname  com.facebook.services  
09-07 19:57:08.099 16222 16222 E cebook.services: BBinder_init hasGetProcessName  com.facebook.services
09-07 19:57:08.137 16222 16222 I cebook.services: AssetManager2(0xb400007395e23f38) locale list changing from [] to [en-IN]
09-07 19:57:08.166 16222 16222 W SoLoader: Initializing SoLoader: 0
09-07 19:57:08.166 16222 16222 W SoLoader: context.getApplicationContext returned null, holding reference to original context.ApplicationSoSource fallbacks to: /data/app/~~iASM-Wu7r3CK-SejzD1gug==/com.facebook.services-LDRtFVKvC7xW2-Dggc2Qdw==/lib/arm64
09-07 19:57:08.166 16222 16222 I SoLoader: Recording new base apk path: /data/app/~~iASM-Wu7r3CK-SejzD1gug==/com.facebook.services-LDRtFVKvC7xW2-Dggc2Qdw==/base.apk
09-07 19:57:08.166 16222 16222 I SoLoader: Previously recorded 0 base apk paths.
09-07 19:57:08.167 16222 16222 I SoLoader: Preparing SO source: DirectorySoSource[root = /vendor/lib64 flags = 2]
09-07 19:57:08.167 16222 16222 I SoLoader: Preparing SO source: DirectorySoSource[root = /system_ext/lib64 flags = 2]
09-07 19:57:08.167 16222 16222 I SoLoader: Preparing SO source: DirectorySoSource[root = /system/lib64 flags = 2]
09-07 19:57:08.167 16222 16222 I SoLoader: Preparing SO source: DirectApkSoSource[root = [/data/app/~~iASM-Wu7r3CK-SejzD1gug==/com.facebook.services-LDRtFVKvC7xW2-Dggc2Qdw==/base.apk!/lib/arm64-v8a]]
09-07 19:57:08.168 16222 16222 I SoLoader: Preparing SO source: ApplicationSoSource[DirectorySoSource[root = /data/app/~~iASM-Wu7r3CK-SejzD1gug==/com.facebook.services-LDRtFVKvC7xW2-Dggc2Qdw==/lib/arm64 flags = 1]]
09-07 19:57:08.168 16222 16222 W SoLoader: SoLoader initialized: 8
09-07 19:57:08.170 16222 16222 W PreloadsBreakpadWrapper: Starting breakpad manager
09-07 19:57:08.170 16222 16222 W SoLoader: Loading breakpad on the main thread
09-07 19:57:08.170 16222 16222 W SoLoader[NativeDeps]: Falling back to custom ELF parsing when loading libbreakpad.so, this can be slow
09-07 19:57:08.172 16222 16222 W SoLoader[NativeDeps]: Falling back to custom ELF parsing when loading libandroid_aware_dlopen.so, this can be slow
09-07 19:57:08.174 16222 16222 W SoLoader[NativeDeps]: Falling back to custom ELF parsing when loading libforce_dlopen.so, this can be slow
09-07 19:57:08.178 16222 16222 W SoLoader[NativeDeps]: Falling back to custom ELF parsing when loading libc++_shared.so, this can be slow
09-07 19:57:08.182 16222 16222 W SoLoader[NativeDeps]: Falling back to custom ELF parsing when loading libsigmux.so, this can be slow
09-07 19:57:08.188 16222 16222 W SoLoader: Loading breakpad_cpp_helper on the main thread
09-07 19:57:08.188 16222 16222 W SoLoader[NativeDeps]: Falling back to custom ELF parsing when loading libbreakpad_cpp_helper.so, this can be slow
09-07 19:57:08.195 16222 16222 W PreloadsBreakpadWrapper: Enabling java stream
09-07 19:57:08.198 16222 16243 W SoLoader: Running a recovery step for libacra.so due to com.facebook.soloader.SoLoaderDSONotFoundError: couldn't find DSO to load: libacra.so
09-07 19:57:08.198 16222 16243 W SoLoader: 	existing SO sources: 
09-07 19:57:08.198 16222 16243 W SoLoader: 		SoSource 0: ApplicationSoSource[DirectorySoSource[root = /data/app/~~iASM-Wu7r3CK-SejzD1gug==/com.facebook.services-LDRtFVKvC7xW2-Dggc2Qdw==/lib/arm64 flags = 1]]
09-07 19:57:08.198 16222 16243 W SoLoader: 		SoSource 1: DirectApkSoSource[root = [/data/app/~~iASM-Wu7r3CK-SejzD1gug==/com.facebook.services-LDRtFVKvC7xW2-Dggc2Qdw==/base.apk!/lib/arm64-v8a]]
09-07 19:57:08.198 16222 16243 W SoLoader: 		SoSource 2: DirectorySoSource[root = /system/lib64 flags = 2]
09-07 19:57:08.198 16222 16243 W SoLoader: 		SoSource 3: DirectorySoSource[root = /system_ext/lib64 flags = 2]
09-07 19:57:08.198 16222 16243 W SoLoader: 		SoSource 4: DirectorySoSource[root = /vendor/lib64 flags = 2]
09-07 19:57:08.198 16222 16243 W SoLoader: 	Native lib dir: /data/app/~~iASM-Wu7r3CK-SejzD1gug==/com.facebook.services-LDRtFVKvC7xW2-Dggc2Qdw==/lib/arm64
09-07 19:57:08.198 16222 16243 W soloader.recovery.CheckBaseApkExists: Base apk exists: /data/app/~~iASM-Wu7r3CK-SejzD1gug==/com.facebook.services-LDRtFVKvC7xW2-Dggc2Qdw==/base.apk
09-07 19:57:08.199 16222 16243 W SoLoader: Running a recovery step for libacra.so due to com.facebook.soloader.SoLoaderDSONotFoundError: couldn't find DSO to load: libacra.so
09-07 19:57:08.199 16222 16243 W SoLoader: 	existing SO sources: 
09-07 19:57:08.199 16222 16243 W SoLoader: 		SoSource 0: ApplicationSoSource[DirectorySoSource[root = /data/app/~~iASM-Wu7r3CK-SejzD1gug==/com.facebook.services-LDRtFVKvC7xW2-Dggc2Qdw==/lib/arm64 flags = 1]]
09-07 19:57:08.199 16222 16243 W SoLoader: 		SoSource 1: DirectApkSoSource[root = [/data/app/~~iASM-Wu7r3CK-SejzD1gug==/com.facebook.services-LDRtFVKvC7xW2-Dggc2Qdw==/base.apk!/lib/arm64-v8a]]
09-07 19:57:08.199 16222 16243 W SoLoader: 		SoSource 2: DirectorySoSource[root = /system/lib64 flags = 2]
09-07 19:57:08.199 16222 16243 W SoLoader: 		SoSource 3: DirectorySoSource[root = /system_ext/lib64 flags = 2]
09-07 19:57:08.199 16222 16243 W SoLoader: 		SoSource 4: DirectorySoSource[root = /vendor/lib64 flags = 2]
09-07 19:57:08.199 16222 16243 W SoLoader: 	Native lib dir: /data/app/~~iASM-Wu7r3CK-SejzD1gug==/com.facebook.services-LDRtFVKvC7xW2-Dggc2Qdw==/lib/arm64
09-07 19:57:08.199 16222 16243 E SoLoader: Checking /data/app missing libraries.
09-07 19:57:08.199 16222 16243 E SoLoader: Successfully recovered from /data/app disk failure.
09-07 19:57:08.200 16222 16243 W SoLoader: Running a recovery step for libacra.so due to com.facebook.soloader.SoLoaderDSONotFoundError: couldn't find DSO to load: libacra.so
09-07 19:57:08.200 16222 16243 W SoLoader: 	existing SO sources: 
09-07 19:57:08.200 16222 16243 W SoLoader: 		SoSource 0: ApplicationSoSource[DirectorySoSource[root = /data/app/~~iASM-Wu7r3CK-SejzD1gug==/com.facebook.services-LDRtFVKvC7xW2-Dggc2Qdw==/lib/arm64 flags = 1]]
09-07 19:57:08.200 16222 16243 W SoLoader: 		SoSource 1: DirectApkSoSource[root = [/data/app/~~iASM-Wu7r3CK-SejzD1gug==/com.facebook.services-LDRtFVKvC7xW2-Dggc2Qdw==/base.apk!/lib/arm64-v8a]]
09-07 19:57:08.200 16222 16243 W SoLoader: 		SoSource 2: DirectorySoSource[root = /system/lib64 flags = 3]
09-07 19:57:08.200 16222 16243 W SoLoader: 		SoSource 3: DirectorySoSource[root = /system_ext/lib64 flags = 3]
09-07 19:57:08.200 16222 16243 W SoLoader: 		SoSource 4: DirectorySoSource[root = /vendor/lib64 flags = 3]
09-07 19:57:08.200 16222 16243 W SoLoader: 	Native lib dir: /data/app/~~iASM-Wu7r3CK-SejzD1gug==/com.facebook.services-LDRtFVKvC7xW2-Dggc2Qdw==/lib/arm64
09-07 19:57:08.200 16222 16243 E SoLoader: Checking /data/data missing libraries.
09-07 19:57:08.200 16222 16243 E SoLoader: No libraries missing from unpacking so paths while recovering /data/data failure
09-07 19:57:08.201 16222 16243 W SoLoader: Running a recovery step for libacra.so due to com.facebook.soloader.SoLoaderDSONotFoundError: couldn't find DSO to load: libacra.so
09-07 19:57:08.201 16222 16243 W SoLoader: 	existing SO sources: 
09-07 19:57:08.201 16222 16243 W SoLoader: 		SoSource 0: ApplicationSoSource[DirectorySoSource[root = /data/app/~~iASM-Wu7r3CK-SejzD1gug==/com.facebook.services-LDRtFVKvC7xW2-Dggc2Qdw==/lib/arm64 flags = 1]]
09-07 19:57:08.201 16222 16243 W SoLoader: 		SoSource 1: DirectApkSoSource[root = [/data/app/~~iASM-Wu7r3CK-SejzD1gug==/com.facebook.services-LDRtFVKvC7xW2-Dggc2Qdw==/base.apk!/lib/arm64-v8a]]
09-07 19:57:08.201 16222 16243 W SoLoader: 		SoSource 2: DirectorySoSource[root = /system/lib64 flags = 3]
09-07 19:57:08.201 16222 16243 W SoLoader: 		SoSource 3: DirectorySoSource[root = /system_ext/lib64 flags = 3]
09-07 19:57:08.201 16222 16243 W SoLoader: 		SoSource 4: DirectorySoSource[root = /vendor/lib64 flags = 3]
09-07 19:57:08.201 16222 16243 W SoLoader: 	Native lib dir: /data/app/~~iASM-Wu7r3CK-SejzD1gug==/com.facebook.services-LDRtFVKvC7xW2-Dggc2Qdw==/lib/arm64
09-07 19:57:08.201 16222 16243 W SoLoader: Failed to recover
09-07 19:57:08.209 16016 16107 W HWUI    : Image decoding logging dropped!
09-07 19:57:08.210 16016 16111 W HWUI    : Image decoding logging dropped!
09-07 19:57:08.216 16016 16016 E Finsky  : [2] ComposeVisualElement Error: veType=7550, CVE is already linked to the same parent
09-07 19:57:08.216 16016 16106 W HWUI    : Image decoding logging dropped!
09-07 19:57:08.217 16016 16109 W HWUI    : Image decoding logging dropped!
09-07 19:57:08.233 16016 16107 W HWUI    : Image decoding logging dropped!
09-07 19:57:08.233 16016 16111 W HWUI    : Image decoding logging dropped!
09-07 19:57:08.247 16016 16106 W HWUI    : Image decoding logging dropped!
09-07 19:57:08.247 16016 16109 W HWUI    : Image decoding logging dropped!
09-07 19:57:08.259 16016 16107 W HWUI    : Image decoding logging dropped!
09-07 19:57:08.290 16260 16260 I book.appmanager: Using generational CollectorTypeCC GC.
09-07 19:57:08.296 16260 16260 E book.appmanager: BBinder_init Processname  com.facebook.appmanager  
09-07 19:57:08.296 16260 16260 E book.appmanager: BBinder_init hasGetProcessName  com.facebook.appmanager
09-07 19:57:08.351 16260 16260 I book.appmanager: AssetManager2(0xb400007395e1f118) locale list changing from [] to [en-IN]
09-07 19:57:08.394 16260 16260 W SoLoader: Initializing SoLoader: 0
09-07 19:57:08.394 16260 16260 W SoLoader: context.getApplicationContext returned null, holding reference to original context.ApplicationSoSource fallbacks to: /data/app/~~6dcYyJInc1LxqCML24HgpA==/com.facebook.appmanager-RbWE5-hYOhxZ1D3w4dkfeQ==/lib/arm64
09-07 19:57:08.394 16260 16260 I SoLoader: Recording new base apk path: /data/app/~~6dcYyJInc1LxqCML24HgpA==/com.facebook.appmanager-RbWE5-hYOhxZ1D3w4dkfeQ==/base.apk
09-07 19:57:08.394 16260 16260 I SoLoader: Previously recorded 0 base apk paths.
09-07 19:57:08.394 16260 16260 I SoLoader: Preparing SO source: DirectorySoSource[root = /vendor/lib64 flags = 2]
09-07 19:57:08.394 16260 16260 I SoLoader: Preparing SO source: DirectorySoSource[root = /system_ext/lib64 flags = 2]
09-07 19:57:08.394 16260 16260 I SoLoader: Preparing SO source: DirectorySoSource[root = /system/lib64 flags = 2]
09-07 19:57:08.395 16260 16260 I SoLoader: Preparing SO source: DirectApkSoSource[root = [/data/app/~~6dcYyJInc1LxqCML24HgpA==/com.facebook.appmanager-RbWE5-hYOhxZ1D3w4dkfeQ==/base.apk!/lib/arm64-v8a]]
09-07 19:57:08.396 16260 16260 I SoLoader: Preparing SO source: ApplicationSoSource[DirectorySoSource[root = /data/app/~~6dcYyJInc1LxqCML24HgpA==/com.facebook.appmanager-RbWE5-hYOhxZ1D3w4dkfeQ==/lib/arm64 flags = 1]]
09-07 19:57:08.396 16260 16260 W SoLoader: SoLoader initialized: 8
09-07 19:57:08.396 16260 16260 W PreloadsBreakpadWrapper: Starting breakpad manager
09-07 19:57:08.396 16260 16260 W SoLoader: Loading breakpad on the main thread
09-07 19:57:08.398 16260 16260 W SoLoader[NativeDeps]: Falling back to custom ELF parsing when loading libbreakpad.so, this can be slow
09-07 19:57:08.402 16260 16260 W SoLoader[NativeDeps]: Falling back to custom ELF parsing when loading libandroid_aware_dlopen.so, this can be slow
09-07 19:57:08.402 16222 16222 W SoLoader: Loading notifgateway-jni on the main thread
09-07 19:57:08.404 16222 16222 W SoLoader[NativeDeps]: Falling back to custom ELF parsing when loading libnotifgateway.so, this can be slow
09-07 19:57:08.405 16260 16260 W SoLoader[NativeDeps]: Falling back to custom ELF parsing when loading libforce_dlopen.so, this can be slow
09-07 19:57:08.410 16260 16260 W SoLoader[NativeDeps]: Falling back to custom ELF parsing when loading libc++_shared.so, this can be slow
09-07 19:57:08.415 16260 16260 W SoLoader[NativeDeps]: Falling back to custom ELF parsing when loading libsigmux.so, this can be slow
09-07 19:57:08.419 16260 16260 W SoLoader: Loading breakpad_cpp_helper on the main thread
09-07 19:57:08.419 16222 16222 W SoLoader: Loading simplejni on the main thread
09-07 19:57:08.419 16222 16222 W SoLoader: Loading simplejni on the main thread
09-07 19:57:08.420 16260 16260 W SoLoader[NativeDeps]: Falling back to custom ELF parsing when loading libbreakpad_cpp_helper.so, this can be slow
09-07 19:57:08.423 16260 16260 W PreloadsBreakpadWrapper: Enabling java stream
09-07 19:57:08.423 16260 16282 W SoLoader: Running a recovery step for libacra.so due to com.facebook.soloader.SoLoaderDSONotFoundError: couldn't find DSO to load: libacra.so
09-07 19:57:08.423 16260 16282 W SoLoader: 	existing SO sources: 
09-07 19:57:08.423 16260 16282 W SoLoader: 		SoSource 0: ApplicationSoSource[DirectorySoSource[root = /data/app/~~6dcYyJInc1LxqCML24HgpA==/com.facebook.appmanager-RbWE5-hYOhxZ1D3w4dkfeQ==/lib/arm64 flags = 1]]
09-07 19:57:08.423 16260 16282 W SoLoader: 		SoSource 1: DirectApkSoSource[root = [/data/app/~~6dcYyJInc1LxqCML24HgpA==/com.facebook.appmanager-RbWE5-hYOhxZ1D3w4dkfeQ==/base.apk!/lib/arm64-v8a]]
09-07 19:57:08.423 16260 16282 W SoLoader: 		SoSource 2: DirectorySoSource[root = /system/lib64 flags = 2]
09-07 19:57:08.423 16260 16282 W SoLoader: 		SoSource 3: DirectorySoSource[root = /system_ext/lib64 flags = 2]
09-07 19:57:08.423 16260 16282 W SoLoader: 		SoSource 4: DirectorySoSource[root = /vendor/lib64 flags = 2]
09-07 19:57:08.423 16260 16282 W SoLoader: 	Native lib dir: /data/app/~~6dcYyJInc1LxqCML24HgpA==/com.facebook.appmanager-RbWE5-hYOhxZ1D3w4dkfeQ==/lib/arm64
09-07 19:57:08.424 16260 16282 W soloader.recovery.CheckBaseApkExists: Base apk exists: /data/app/~~6dcYyJInc1LxqCML24HgpA==/com.facebook.appmanager-RbWE5-hYOhxZ1D3w4dkfeQ==/base.apk
09-07 19:57:08.424 16260 16282 W SoLoader: Running a recovery step for libacra.so due to com.facebook.soloader.SoLoaderDSONotFoundError: couldn't find DSO to load: libacra.so
09-07 19:57:08.424 16260 16282 W SoLoader: 	existing SO sources: 
09-07 19:57:08.424 16260 16282 W SoLoader: 		SoSource 0: ApplicationSoSource[DirectorySoSource[root = /data/app/~~6dcYyJInc1LxqCML24HgpA==/com.facebook.appmanager-RbWE5-hYOhxZ1D3w4dkfeQ==/lib/arm64 flags = 1]]
09-07 19:57:08.424 16260 16282 W SoLoader: 		SoSource 1: DirectApkSoSource[root = [/data/app/~~6dcYyJInc1LxqCML24HgpA==/com.facebook.appmanager-RbWE5-hYOhxZ1D3w4dkfeQ==/base.apk!/lib/arm64-v8a]]
09-07 19:57:08.424 16260 16282 W SoLoader: 		SoSource 2: DirectorySoSource[root = /system/lib64 flags = 2]
09-07 19:57:08.424 16260 16282 W SoLoader: 		SoSource 3: DirectorySoSource[root = /system_ext/lib64 flags = 2]
09-07 19:57:08.424 16260 16282 W SoLoader: 		SoSource 4: DirectorySoSource[root = /vendor/lib64 flags = 2]
09-07 19:57:08.424 16260 16282 W SoLoader: 	Native lib dir: /data/app/~~6dcYyJInc1LxqCML24HgpA==/com.facebook.appmanager-RbWE5-hYOhxZ1D3w4dkfeQ==/lib/arm64
09-07 19:57:08.424 16260 16282 E SoLoader: Checking /data/app missing libraries.
09-07 19:57:08.424 16260 16282 E SoLoader: Successfully recovered from /data/app disk failure.
09-07 19:57:08.425 16260 16282 W SoLoader: Running a recovery step for libacra.so due to com.facebook.soloader.SoLoaderDSONotFoundError: couldn't find DSO to load: libacra.so
09-07 19:57:08.425 16260 16282 W SoLoader: 	existing SO sources: 
09-07 19:57:08.425 16260 16282 W SoLoader: 		SoSource 0: ApplicationSoSource[DirectorySoSource[root = /data/app/~~6dcYyJInc1LxqCML24HgpA==/com.facebook.appmanager-RbWE5-hYOhxZ1D3w4dkfeQ==/lib/arm64 flags = 1]]
09-07 19:57:08.425 16260 16282 W SoLoader: 		SoSource 1: DirectApkSoSource[root = [/data/app/~~6dcYyJInc1LxqCML24HgpA==/com.facebook.appmanager-RbWE5-hYOhxZ1D3w4dkfeQ==/base.apk!/lib/arm64-v8a]]
09-07 19:57:08.425 16260 16282 W SoLoader: 		SoSource 2: DirectorySoSource[root = /system/lib64 flags = 3]
09-07 19:57:08.425 16260 16282 W SoLoader: 		SoSource 3: DirectorySoSource[root = /system_ext/lib64 flags = 3]
09-07 19:57:08.425 16260 16282 W SoLoader: 		SoSource 4: DirectorySoSource[root = /vendor/lib64 flags = 3]
09-07 19:57:08.425 16260 16282 W SoLoader: 	Native lib dir: /data/app/~~6dcYyJInc1LxqCML24HgpA==/com.facebook.appmanager-RbWE5-hYOhxZ1D3w4dkfeQ==/lib/arm64
09-07 19:57:08.425 16260 16282 E SoLoader: Checking /data/data missing libraries.
09-07 19:57:08.425 16260 16282 E SoLoader: No libraries missing from unpacking so paths while recovering /data/data failure
09-07 19:57:08.425 16260 16282 W SoLoader: Running a recovery step for libacra.so due to com.facebook.soloader.SoLoaderDSONotFoundError: couldn't find DSO to load: libacra.so
09-07 19:57:08.425 16260 16282 W SoLoader: 	existing SO sources: 
09-07 19:57:08.425 16260 16282 W SoLoader: 		SoSource 0: ApplicationSoSource[DirectorySoSource[root = /data/app/~~6dcYyJInc1LxqCML24HgpA==/com.facebook.appmanager-RbWE5-hYOhxZ1D3w4dkfeQ==/lib/arm64 flags = 1]]
09-07 19:57:08.425 16260 16282 W SoLoader: 		SoSource 1: DirectApkSoSource[root = [/data/app/~~6dcYyJInc1LxqCML24HgpA==/com.facebook.appmanager-RbWE5-hYOhxZ1D3w4dkfeQ==/base.apk!/lib/arm64-v8a]]
09-07 19:57:08.425 16260 16282 W SoLoader: 		SoSource 2: DirectorySoSource[root = /system/lib64 flags = 3]
09-07 19:57:08.425 16260 16282 W SoLoader: 		SoSource 3: DirectorySoSource[root = /system_ext/lib64 flags = 3]
09-07 19:57:08.425 16260 16282 W SoLoader: 		SoSource 4: DirectorySoSource[root = /vendor/lib64 flags = 3]
09-07 19:57:08.425 16260 16282 W SoLoader: 	Native lib dir: /data/app/~~6dcYyJInc1LxqCML24HgpA==/com.facebook.appmanager-RbWE5-hYOhxZ1D3w4dkfeQ==/lib/arm64
09-07 19:57:08.425 16260 16282 W SoLoader: Failed to recover
09-07 19:57:08.426 16222 16222 W DGW     : W[reportSoftError:36] pingInterval: value 43200000 outside valid range [5000, 600000]
09-07 19:57:08.426 16222 16222 W DGW     : W[reportSoftError:36] bgPingInterval: value 43200000ms outside valid range [5000ms, 600000ms]
09-07 19:57:08.426 16222 16222 W DGW     : W[reportSoftError:36] stopBgPingDelay: value 3155695200s outside valid range [0s, 600s]
09-07 19:57:08.427 16222 16222 I DGW     : I[startConnection:423] ConnectivityManager start connection.
09-07 19:57:08.430 16222 16286 I DGW     : I[sendRequest:86] StreamGroupConnectivityAwareNetworkLayer[notifgateway] buffering request with connection state: 0
09-07 19:57:08.496 16222 16286 I DGW     : I[onStateChanged:169] StreamGroupConnectivityAwareNetworkLayer processing buffered requests
09-07 19:57:08.553 16260 16291 W JobInfo : Job 'com.facebook.appmanager/com.facebook.oxygen.common.jobqueue.JobQueueService#5100' has a deadline with no functional constraints. The deadline won't improve job execution latency. Consider removing the deadline.
09-07 19:57:08.613 16310 16310 E facebook.system: BBinder_init Processname  com.facebook.system  
09-07 19:57:08.613 16310 16310 E facebook.system: BBinder_init hasGetProcessName  com.facebook.system
09-07 19:57:08.646 16310 16310 I facebook.system: AssetManager2(0xb400007395e23f38) locale list changing from [] to [en-IN]
09-07 19:57:08.675 16260 16309 E ActivityThread: Failed to find provider info for com.facebook.appmanager.nekodirect
09-07 19:57:08.710 16260 16309 W JobInfo : Job 'com.facebook.appmanager/com.facebook.oxygen.appmanager.update.core.UpdateService#5500' has a deadline with no functional constraints. The deadline won't improve job execution latency. Consider removing the deadline.
09-07 19:57:08.735 16222 16286 W DGW     : W[onSuccessfulResponse:940] StreamGroupTransport[notifgateway] on successful response. DGW is now connected.
09-07 19:57:09.168 16016 16038 I Finsky  : [119] registerListener
09-07 19:57:09.170 16016 16038 I Finsky  : [119] DFS: Listener added for uny@fafa477
09-07 19:57:09.170 16016 16038 I Finsky  : [119] registerListener
09-07 19:57:09.172 16016 16050 I Finsky  : [131] Component class com.google.android.finsky.wearsupport.WearSupportService disabled via PackageManager.
09-07 19:57:09.173 16016 16050 I Finsky  : [131] Component class com.google.android.finsky.wearsupport.WearChangeListenerService disabled via PackageManager.
09-07 19:57:09.178 16016 16207 I Finsky  : [218] Triggered update for experiment package com.google.android.finsky.stable.
09-07 19:57:09.230 16016 16207 I Finsky  : [218] Already at the latest configurations for experiment package com.google.android.finsky.stable.
09-07 19:57:09.231 16016 16207 I Finsky  : [218] Triggered update for experiment package com.google.android.finsky.regular.
09-07 19:57:09.247 16016 16207 I Finsky  : [218] Regular flags synced
09-07 19:57:09.247 16016 16207 I Finsky  : [218] Writing flags config, size 1.
09-07 19:57:09.247 16016 16207 I Finsky  : [218] Started writing experiment flags into file [0tWwJsvdIlhZBsrq7AFAL3lmlRM9oOr2tTum-arehmI].
09-07 19:57:09.250  3867 15145 I .gms.persistent: AssetManager2(0xb400007395e78b78) locale list changing from [] to [en-IN]
09-07 19:57:09.250 16016 16207 I Finsky  : [218] Finished writing experiment flags into file [0tWwJsvdIlhZBsrq7AFAL3lmlRM9oOr2tTum-arehmI], numFlags=2076.
09-07 19:57:09.253 16016 16207 I Finsky  : [218] Successfully applied new configurations for package com.google.android.finsky.regular.
09-07 19:57:09.253 16016 16207 I Finsky  : [218] [EExp] Exporting experiments for package com.google.android.finsky.regular.
09-07 19:57:09.253 16016 16207 I Finsky  : [218] [EExp] Exporting experiments for namespace com.google.android.finsky.regular.
09-07 19:57:09.259  3867 15437 W PhBaseOp: Phenotype API error. Event: # jdpr@2e46656b, EventCode: COMMIT_CONFIG [CONTEXT service_id=51 ]
09-07 19:57:09.259  3867 15437 W PhBaseOp: fmaa: 29542: Stale snapshot for com.google.android.gms.phenotype(new configuration available)
09-07 19:57:09.259  3867 15437 W PhBaseOp: 	at fmcd.d(:com.google.android.gms@263234035@26.32.34 (260400-968093310):329)
09-07 19:57:09.259  3867 15437 W PhBaseOp: 	at fmcd.b(:com.google.android.gms@263234035@26.32.34 (260400-968093310):44)
09-07 19:57:09.259  3867 15437 W PhBaseOp: 	at fmcc.i(:com.google.android.gms@263234035@26.32.34 (260400-968093310):3)
09-07 19:57:09.259  3867 15437 W PhBaseOp: 	at fmby.h(:com.google.android.gms@263234035@26.32.34 (260400-968093310):34)
09-07 19:57:09.259  3867 15437 W PhBaseOp: 	at fmby.f(:com.google.android.gms@263234035@26.32.34 (260400-968093310):16)
09-07 19:57:09.259  3867 15437 W PhBaseOp: 	at dgbf.fw(:com.google.android.gms@263234035@26.32.34 (260400-968093310):1)
09-07 19:57:09.259  3867 15437 W PhBaseOp: 	at dgbr.run(:com.google.android.gms@263234035@26.32.34 (260400-968093310):122)
09-07 19:57:09.259  3867 15437 W PhBaseOp: 	at hnyy.run(:com.google.android.gms@263234035@26.32.34 (260400-968093310):23)
09-07 19:57:09.259  3867 15437 W PhBaseOp: 	at bnli.d(:com.google.android.gms@263234035@26.32.34 (260400-968093310):50)
09-07 19:57:09.259  3867 15437 W PhBaseOp: 	at bnli.c(:com.google.android.gms@263234035@26.32.34 (260400-968093310):6)
09-07 19:57:09.259  3867 15437 W PhBaseOp: 	at bnli.run(:com.google.android.gms@263234035@26.32.34 (260400-968093310):33)
09-07 19:57:09.259  3867 15437 W PhBaseOp: 	at java.util.concurrent.ThreadPoolExecutor.runWorker(ThreadPoolExecutor.java:1100)
09-07 19:57:09.259  3867 15437 W PhBaseOp: 	at java.util.concurrent.ThreadPoolExecutor$Worker.run(ThreadPoolExecutor.java:624)
09-07 19:57:09.259  3867 15437 W PhBaseOp: 	at bnri.run(:com.google.android.gms@263234035@26.32.34 (260400-968093310):8)
09-07 19:57:09.259  3867 15437 W PhBaseOp: 	at java.lang.Thread.run(Thread.java:1572)
09-07 19:57:09.259  3867 15437 W AsyncOperation: operation=CommitToConfigurationOperationCall, opStatusCode=29542 [CONTEXT service_id=51 ]
09-07 19:57:09.259  3867 15437 W AsyncOperation: OperationException[Status{statusCode=Stale snapshot for com.google.android.gms.phenotype(new configuration available), resolution=null}]
09-07 19:57:09.259  3867 15437 W AsyncOperation: 	at fmby.h(:com.google.android.gms@263234035@26.32.34 (260400-968093310):63)
09-07 19:57:09.259  3867 15437 W AsyncOperation: 	at fmby.f(:com.google.android.gms@263234035@26.32.34 (260400-968093310):16)
09-07 19:57:09.259  3867 15437 W AsyncOperation: 	at dgbf.fw(:com.google.android.gms@263234035@26.32.34 (260400-968093310):1)
09-07 19:57:09.259  3867 15437 W AsyncOperation: 	at dgbr.run(:com.google.android.gms@263234035@26.32.34 (260400-968093310):122)
09-07 19:57:09.259  3867 15437 W AsyncOperation: 	at hnyy.run(:com.google.android.gms@263234035@26.32.34 (260400-968093310):23)
09-07 19:57:09.259  3867 15437 W AsyncOperation: 	at bnli.d(:com.google.android.gms@263234035@26.32.34 (260400-968093310):50)
09-07 19:57:09.259  3867 15437 W AsyncOperation: 	at bnli.c(:com.google.android.gms@263234035@26.32.34 (260400-968093310):6)
09-07 19:57:09.259  3867 15437 W AsyncOperation: 	at bnli.run(:com.google.android.gms@263234035@26.32.34 (260400-968093310):33)
09-07 19:57:09.259  3867 15437 W AsyncOperation: 	at java.util.concurrent.ThreadPoolExecutor.runWorker(ThreadPoolExecutor.java:1100)
09-07 19:57:09.259  3867 15437 W AsyncOperation: 	at java.util.concurrent.ThreadPoolExecutor$Worker.run(ThreadPoolExecutor.java:624)
09-07 19:57:09.259  3867 15437 W AsyncOperation: 	at bnri.run(:com.google.android.gms@263234035@26.32.34 (260400-968093310):8)
09-07 19:57:09.259  3867 15437 W AsyncOperation: 	at java.lang.Thread.run(Thread.java:1572)
09-07 19:57:09.261 16016 16207 I Finsky  : [218] [EExp] Successfully exported experiments for package com.google.android.finsky.regular.
09-07 19:57:09.261 16016 16207 I Finsky  : [218] Triggered update for experiment package com.google.android.finsky.regular.
09-07 19:57:09.272 16016 16207 I Finsky  : [218] Regular flags synced
09-07 19:57:09.273 16016 16207 I Finsky  : [218] Writing flags config, size 1.
09-07 19:57:09.273 16016 16207 I Finsky  : [218] Started writing experiment flags into file [ZFRuId2iH_lnqjGzn5LYLbtMlasa9lwEkFJMyIRT7sQ].
09-07 19:57:09.274 16016 16207 I Finsky  : [218] Finished writing experiment flags into file [ZFRuId2iH_lnqjGzn5LYLbtMlasa9lwEkFJMyIRT7sQ], numFlags=2075.
09-07 19:57:09.275 16016 16207 I Finsky  : [218] Successfully applied new configurations for package com.google.android.finsky.regular.
09-07 19:57:09.275 16016 16207 I Finsky  : [218] Triggered update for experiment package com.google.android.finsky.regular.
09-07 19:57:09.277 14328 14349 I gle.android.gms: AssetManager2(0xb400007395e2b2d8) locale list changing from [] to [en-IN]
09-07 19:57:09.284 16016 16207 I Finsky  : [218] Regular flags synced
09-07 19:57:09.284 16016 16207 I Finsky  : [218] Writing flags config, size 1.
09-07 19:57:09.284 16016 16207 I Finsky  : [218] Started writing experiment flags into file [4QHnNQO5ip_tgTgbVOrF3m6jfW58Yzww8rhY6jDYz7U].
09-07 19:57:09.284 16260 16306 I book.appmanager: AssetManager2(0xb400007395e25b58) locale list changing from [] to [en-IN]
09-07 19:57:09.286 16016 16207 I Finsky  : [218] Finished writing experiment flags into file [4QHnNQO5ip_tgTgbVOrF3m6jfW58Yzww8rhY6jDYz7U], numFlags=2075.
09-07 19:57:09.287 16016 16207 I Finsky  : [218] Successfully applied new configurations for package com.google.android.finsky.regular.
09-07 19:57:09.287 16016 16207 I Finsky  : [218] Triggered update for experiment package com.google.android.finsky.regular.
09-07 19:57:09.295 16016 16207 I Finsky  : [218] Already at the latest configurations for experiment package com.google.android.finsky.regular.
09-07 19:57:09.295 16016 16340 I Finsky  : [234] Triggered update for experiment package com.google.android.finsky.stable_new.
09-07 19:57:09.314 16016 16340 I Finsky  : [234] Already at the latest configurations for experiment package com.google.android.finsky.stable_new.
09-07 19:57:09.314 16016 16207 I Finsky  : [218] Triggered update for experiment package com.google.android.finsky.regular.
09-07 19:57:09.322 16016 16207 I Finsky  : [218] Already at the latest configurations for experiment package com.google.android.finsky.regular.
09-07 19:57:09.322 16016 16207 I Finsky  : [218] Triggered update for experiment package com.google.android.finsky.regular.
09-07 19:57:09.328 16016 16207 I Finsky  : [218] Already at the latest configurations for experiment package com.google.android.finsky.regular.
09-07 19:57:09.329 16016 16207 I Finsky  : [218] Triggered update for experiment package com.google.android.finsky.regular.
09-07 19:57:09.337 16016 16207 I Finsky  : [218] Regular flags synced
09-07 19:57:09.338 16016 16207 I Finsky  : [218] Writing flags config, size 1.
09-07 19:57:09.338 16016 16207 I Finsky  : [218] Started writing experiment flags into file [4dEVOh7DlClE42ly_19Hs7FqnnFOj9O0dm-zzWqGxeo].
09-07 19:57:09.340 16016 16207 I Finsky  : [218] Finished writing experiment flags into file [4dEVOh7DlClE42ly_19Hs7FqnnFOj9O0dm-zzWqGxeo], numFlags=2062.
09-07 19:57:09.340 16016 16207 I Finsky  : [218] Successfully applied new configurations for package com.google.android.finsky.regular.
09-07 19:57:09.342 16260 16306 I book.appmanager: AssetManager2(0xb400007395e21058) locale list changing from [] to [en-IN]
09-07 19:57:09.370 16016 16385 I Finsky  : [238] SM: There are no stale sessions to be pruned
09-07 19:57:09.373 16016 16016 I Finsky  : [2] Connecting InstallListener to SplitInstallService broadcaster...
09-07 19:57:09.644 10013 11372 I cr_BindingManager: Release visible connections: 2
09-07 19:57:09.851 14328 16201 I FraudProtectUtils: Not in testing population, skipping local test bank apps. [CONTEXT service_id=469 ]
09-07 19:57:09.852 14328 16201 I FraudProtectUtils: (REDACTED) Latest bank app list size: %d, %s isBankApp: false
09-07 19:57:09.852 14328 16201 W ComponentChangedIO: No package name in intent data or package is not a bank app [CONTEXT service_id=469 ]
09-07 19:57:09.865 12910 12924 I PermissionControllerServiceImpl: Updating user sensitive for uid 10180
09-07 19:57:10.394 16016 16041 I Finsky  : [122] Verifying app locale consistency (current locale = English (India))
09-07 19:57:10.395 16016 16041 I Finsky  : [122] Language Split Installed = true
09-07 19:57:10.395 16016 16041 I Finsky  : [122] Has Inconsistent Persistent Cache = false (cache has locale(s) = [en-IN])
09-07 19:57:10.395 16016 16041 I Finsky  : [122] Has Inconsistent Memory Cache = false (initial locale = English (India))
09-07 19:57:10.402 16016 16060 I HWUI    : [destroy] CanvasContext will be destroyed.
09-07 19:57:10.412 16016 16060 I HWUI    : [setStopped] CanvasContext will be destroyed.
09-07 19:57:10.420 16016 16016 E Finsky  : [2] ComposeVisualElement Error: veType=91, CVE is already removed from parent
09-07 19:57:10.422 16016 16016 W WindowOnBackDispatcher: sendCancelIfRunning: isInProgress=false callback=android.app.Activity$$ExternalSyntheticLambda0@b41e9a3
09-07 19:57:10.436 16016 16060 I HWUI    : [destroy] CanvasContext will be destroyed.
09-07 19:57:10.459  8005  8005 I GoogleInputMethodService: GoogleInputMethodService.onFinishInput():2361 
09-07 19:57:10.460 16016 16016 I ImeTracker: com.android.vending:3f161442: onCancelled at PHASE_CLIENT_ALREADY_HIDDEN
09-07 19:57:10.460  8005 14635 I Module  : DeviceLockedStatusModuleProvider$Module.updateDeviceLockedStatusInternal():119 repeatCheckTimes = 0, locked = false
09-07 19:57:10.461  8005  8005 I GoogleInputMethodService: GoogleInputMethodService.onStartInput():1532 onStartInput(EditorInfo{EditorInfo{packageName=com.android.vending, inputType=0, inputTypeString=NULL, enableLearning=false, autoCorrection=false, autoComplete=false, imeOptions=0, privateImeOptions=null, actionName=UNSPECIFIED, actionLabel=null, initialSelStart=-1, initialSelEnd=-1, initialCapsMode=0, label=null, fieldId=0, fieldName=null, extras=null, hintText=null, hintLocales=[]}}, false)
09-07 19:57:10.461  8005  8005 I LatinIMEBase: LatinIMEBase.updateInputViewCoverNavigation():316 Update input view padding, isNavbarOverInputWindow=true, bottom inset=132
09-07 19:57:10.463  8005 14660 I Module  : DeviceLockedStatusModuleProvider$Module.updateDeviceLockedStatusInternal():119 repeatCheckTimes = 1, locked = false
09-07 19:57:10.883 16016 16119 I PlayCommon: [167] Preparing logs for uploading
09-07 19:57:10.883 16016 16119 I PlayCommon: [167] Connecting to server for timestamp: https://play.googleapis.com/play/log/timestamp
09-07 19:57:11.036 16016 16016 I Finsky  : [2] AppInfoManager-Perf > Cache warmup from OneGoogle started.
09-07 19:57:11.036 16016 16016 I Finsky  : [2] AIM: AppInfoManager-Perf > Creating AppInfoManager ...
09-07 19:57:11.042 16016 16016 I Finsky  : [2] AIM: AppInfoManager-Perf > getLocalApps > called: CACHE_ONLY
09-07 19:57:11.044 16016 16119 I PlayCommon: [167] Connecting to server: https://play.googleapis.com/play/log?format=raw&proto_v2=true
09-07 19:57:11.054 16016 16047 I Finsky  : [127] AIM: AppInfoManager-Perf > getInstalledAppsFromPackageStateRepository > packageNames ready: Installed: 459 + Unowned: 338
09-07 19:57:11.056 16016 16052 I Finsky  : [133] AIM: AppInfoManager-Perf > getLocalApps > packageNames ready: Installed: 122 + Install Queue: 14, Queue only: 13 sample: [com.instagram.android, com.google.android.trichromelibrary_763212033, com.dts.freefireth, com.google.android.trichromelibrary_653310333, com.google.android.trichromelibrary_772711133]
09-07 19:57:11.056 16016 16052 I Finsky  : [133] AIM: AppInfoManager-Perf > getApps > called for 135 apps
09-07 19:57:11.085 16016 16050 I Finsky  : [131] AIM: AppInfoManager-Perf > OnDeviceAppInfo > cacheHitCount=121, cacheMissCount=14. Missed  in cache (limit 10) : [com.google.android.signature, com.instagram.android, com.google.android.trichromelibrary_763212033, com.dts.freefireth, com.google.android.trichromelibrary_653310333, com.google.android.trichromelibrary_772711133, com.google.android.trichromelibrary_782719733, com.google.android.trichromelibrary_782720133, com.google.android.trichromelibrary_787111433, com.google.android.trichromelibrary_787118133]
09-07 19:57:11.109 16016 16052 I Finsky  : [133] AIM: AppInfoManager-Perf > ItemModel > CacheSize=122, cacheHitCount=121, cacheMissCount=0, total appsWithNoServerDataCount=2. Missed  in cache (limit 10) : []
09-07 19:57:11.171 16016 16119 I PlayCommon: [167] Successfully uploaded logs.
09-07 19:57:11.209 16016 16209 W HWUI    : Image decoding logging dropped!
09-07 19:57:11.213 14328 15001 I GmsCoreXrpcWrapper: (REDACTED) Creating a custom channel provider with trafficStatsTag=%d trafficStatsUid=%d
09-07 19:57:11.222 16016 16016 W ConstraintHelper: Could not find id of "og_bento_card_image_container"
09-07 19:57:11.224 16016 16016 W ConstraintHelper: Could not find id of "og_bento_card_title_container"
09-07 19:57:11.224 16016 16016 W ConstraintHelper: Could not find id of "og_bento_card_subtitle"
09-07 19:57:11.229 16016 16016 W ConstraintHelper: Could not find id of "og_bento_card_title_container"
09-07 19:57:11.229 16016 16016 W ConstraintHelper: Could not find id of "og_bento_card_subtitle"
09-07 19:57:11.237 16016 16016 W ConstraintHelper: Could not find id of "og_bento_card_image_container"
09-07 19:57:11.238 16016 16016 W ConstraintHelper: Could not find id of "og_bento_card_title_container"
09-07 19:57:11.238 16016 16016 W ConstraintHelper: Could not find id of "og_bento_card_subtitle"
09-07 19:57:11.242 16016 16016 W ConstraintHelper: Could not find id of "og_bento_card_title_container"
09-07 19:57:11.242 16016 16016 W ConstraintHelper: Could not find id of "og_bento_card_subtitle"
09-07 19:57:11.248 16016 16016 W ConstraintHelper: Could not find id of "og_bento_card_image_container"
09-07 19:57:11.249 16016 16016 W ConstraintHelper: Could not find id of "og_bento_card_title_container"
09-07 19:57:11.249 16016 16016 W ConstraintHelper: Could not find id of "og_bento_card_subtitle"
09-07 19:57:11.258 16016 16016 W ConstraintHelper: Could not find id of "og_bento_card_title_container"
09-07 19:57:11.258 16016 16016 W ConstraintHelper: Could not find id of "og_bento_card_subtitle"
09-07 19:57:11.265 16016 16016 W ConstraintHelper: Could not find id of "og_bento_card_image_container"
09-07 19:57:11.267 16016 16016 W ConstraintHelper: Could not find id of "og_bento_card_title_container"
09-07 19:57:11.267 16016 16016 W ConstraintHelper: Could not find id of "og_bento_card_subtitle"
09-07 19:57:11.271 16016 16016 W ConstraintHelper: Could not find id of "og_bento_card_title_container"
09-07 19:57:11.271 16016 16016 W ConstraintHelper: Could not find id of "og_bento_card_subtitle"
09-07 19:57:11.274 16016 16016 W ConstraintHelper: Could not find id of "og_bento_card_image_container"
09-07 19:57:11.276 16016 16016 W ConstraintHelper: Could not find id of "og_bento_card_title_container"
09-07 19:57:11.276 16016 16016 W ConstraintHelper: Could not find id of "og_bento_card_subtitle"
09-07 19:57:11.280 16016 16016 W ConstraintHelper: Could not find id of "og_bento_card_title_container"
09-07 19:57:11.280 16016 16016 W ConstraintHelper: Could not find id of "og_bento_card_subtitle"
09-07 19:57:11.284 16016 16016 W ConstraintHelper: Could not find id of "og_bento_card_image_container"
09-07 19:57:11.285 16016 16016 W ConstraintHelper: Could not find id of "og_bento_card_title_container"
09-07 19:57:11.286 16016 16016 W ConstraintHelper: Could not find id of "og_bento_card_subtitle"
09-07 19:57:11.289 16016 16016 W ConstraintHelper: Could not find id of "og_bento_card_title_container"
09-07 19:57:11.289 16016 16016 W ConstraintHelper: Could not find id of "og_bento_card_subtitle"
09-07 19:57:11.294 16016 16016 W ConstraintHelper: Could not find id of "og_bento_card_image_container"
09-07 19:57:11.499  8005  8005 I GoogleInputMethodService: GoogleInputMethodService.onFinishInput():2361 
09-07 19:57:11.503  8005  8005 I GoogleInputMethodService: GoogleInputMethodService.onStartInput():1532 onStartInput(EditorInfo{EditorInfo{packageName=com.android.vending, inputType=0, inputTypeString=NULL, enableLearning=false, autoCorrection=false, autoComplete=false, imeOptions=0, privateImeOptions=null, actionName=UNSPECIFIED, actionLabel=null, initialSelStart=-1, initialSelEnd=-1, initialCapsMode=0, label=null, fieldId=0, fieldName=null, extras=null, hintText=null, hintLocales=[]}}, false)
09-07 19:57:11.504  8005  8005 I LatinIMEBase: LatinIMEBase.updateInputViewCoverNavigation():316 Update input view padding, isNavbarOverInputWindow=true, bottom inset=132
09-07 19:57:11.508  8005 14942 I Module  : DeviceLockedStatusModuleProvider$Module.updateDeviceLockedStatusInternal():119 repeatCheckTimes = 0, locked = false
09-07 19:57:11.509  8005 14942 I Module  : DeviceLockedStatusModuleProvider$Module.updateDeviceLockedStatusInternal():119 repeatCheckTimes = 1, locked = false
09-07 19:57:11.516  3867  3867 I WakefulBroadcastRcvr: Processing wakeful broadcast: android.accounts.LOGIN_ACCOUNTS_CHANGED
09-07 19:57:11.525 16438 16438 I droid.apps.maps: Using generational CollectorTypeCC GC.
09-07 19:57:11.538  3867  3867 I WakefulBroadcastRcvr: Processing wakeful broadcast: android.accounts.LOGIN_ACCOUNTS_CHANGED
09-07 19:57:11.575 16438 16438 E droid.apps.maps: BBinder_init Processname  com.google.android.apps.maps  
09-07 19:57:11.575 16438 16438 E droid.apps.maps: BBinder_init hasGetProcessName  com.google.android.apps.maps
09-07 19:57:11.611 14328 16201 W ProviderHelper: Unknown dynamite feature providerinstaller.dynamite
09-07 19:57:11.611 14328 16201 I DynamiteModule: Considering local module com.google.android.gms.providerinstaller.dynamite:1 and remote module com.google.android.gms.providerinstaller.dynamite:0
09-07 19:57:11.611 14328 16201 I DynamiteModule: Selected local version of com.google.android.gms.providerinstaller.dynamite
09-07 19:57:11.619  9706  9706 I GnpSdk  : (REDACTED) Intent received for action [%s] package [%s].
09-07 19:57:11.646  9706  9706 I GnpSdk  : Phenotype initialized.
09-07 19:57:11.681  9706  9706 I GnpSdk  : (REDACTED) Validation OK for action [%s].
09-07 19:57:11.704 14782 14782 I flhv    : DeviceAccountsChangedReceiver#onReceive
09-07 19:57:11.718  3867  3867 I WakefulBroadcastRcvr: Processing wakeful broadcast: android.accounts.LOGIN_ACCOUNTS_CHANGED
09-07 19:57:11.733 14782 14863 I flix    : InvalidateAndScheduleSync start
09-07 19:57:11.738 14782 14863 I flix    : InvalidateAndScheduleSync before invalidate
09-07 19:57:11.749  9706  9706 I GnpSdk  : (REDACTED) Submitting Broadcast execution [%d] to tiktok executor.
09-07 19:57:11.759 16454 16454 I .android.videos: Using generational CollectorTypeCC GC.
09-07 19:57:11.766  9706 15523 I GnpSdk  : (REDACTED) Executing action in BroadcastReceiver [%s].
09-07 19:57:11.766  9706 15523 I GnpSdk  : (REDACTED) Executing async action [%s] in Coroutine Scope.
09-07 19:57:11.793 14328 16201 I gle.android.gms: AssetManager2(0xb400007395e29398) locale list changing from [] to [en-IN]
09-07 19:57:11.796 14328 16201 I gle.android.gms: AssetManager2(0xb400007395e2d538) locale list changing from [] to [en-IN]
09-07 19:57:11.811 16454 16454 E .android.videos: BBinder_init Processname  com.google.android.videos  
09-07 19:57:11.811 16454 16454 E .android.videos: BBinder_init hasGetProcessName  com.google.android.videos
09-07 19:57:11.836 14782 15187 I flix    : InvalidateAndScheduleSync after invalidate
09-07 19:57:11.844 14328 15016 I cn_CronetUrlRequestContext: destroyNativeStreamLocked org.chromium.net.impl.CronetBidirectionalStream@7bdcefc
09-07 19:57:11.844 14782 15187 I flix    : InvalidateAndScheduleSync after notifyLocalStateChange
09-07 19:57:11.890 16438 16438 W droid.apps.maps: Failed to find entry 'classes.dex': Entry not found
09-07 19:57:11.893 16438 16438 W droid.apps.maps: Failed to find entry 'classes.dex': Entry not found
09-07 19:57:11.909 16438 16438 W droid.apps.maps: Failed to find entry 'classes.dex': Entry not found
09-07 19:57:11.911 14328 16201 I GmsModuleInitializer: Using ContainerGservicesDelegate
09-07 19:57:11.939 14328 16201 W m26.nwa : Primes.initialize() should only be called from the main thread.
09-07 19:57:11.941 14328 16201 W m26.nwa : Primes init triggered from background in package: com.google.android.gms
09-07 19:57:11.951 14328 16450 I GamesModuleFactoryProvi: Creating production RootComponent. [CONTEXT service_id=1 ]
09-07 19:57:11.954 16438 16438 I droid.apps.maps: AssetManager2(0xb400007395e23f38) locale list changing from [] to [en-IN]
09-07 19:57:11.975 14328 16404 E gle.android.gms: hiddenapi: Accessing hidden method Landroid/net/ConnectivityManager;->isNetworkTypeMobile(I)Z (runtime_flags=0, domain=platform, api=max-target-p) from Lchsl; (domain=app, TargetSdkVersion=37) using reflection: denied
09-07 19:57:11.975 14328 16404 E gle.android.gms: hiddenapi: Accessing hidden method Landroid/os/PowerManager;->isLightDeviceIdleMode()Z (runtime_flags=0, domain=platform, api=max-target-s) from Lchsl; (domain=app, TargetSdkVersion=37) using reflection: denied
09-07 19:57:11.980 16454 16454 W .android.videos: Failed to find entry 'classes.dex': Entry not found
09-07 19:57:11.983 16454 16454 W .android.videos: Failed to find entry 'classes.dex': Entry not found
09-07 19:57:11.984 16454 16454 W .android.videos: Failed to find entry 'classes.dex': Entry not found
09-07 19:57:11.997 16454 16454 I .android.videos: AssetManager2(0xb400007395e24258) locale list changing from [] to [en-IN]
09-07 19:57:12.014 14328 16451 I PaymentsSuwIntentOp: Processing intent action = android.accounts.LOGIN_ACCOUNTS_CHANGED
09-07 19:57:12.027 14328 16451 I PaymentsSuwIntentOp: Account added has already been processed
09-07 19:57:12.039 14328 14332 I gle.android.gms: Background young concurrent copying GC freed 3045KB AllocSpace bytes, 21(756KB) LOS objects, 20% free, 9693KB/11MB, paused 470us,40us total 121.036ms
09-07 19:57:12.052  3867 16484 I AlarmManager: set [name: SystemMemoryCache type: 2 triggerAtMillis: 315386038479 windowMillis: -1 intervalMillis: 0]
09-07 19:57:12.077 14328 16450 I PaymentsSuwIntentOp: Processing intent action = android.accounts.LOGIN_ACCOUNTS_CHANGED
09-07 19:57:12.077 14328 16450 I PaymentsSuwIntentOp: Account added has already been processed
09-07 19:57:12.097 14782 15187 I flix    : InvalidateAndScheduleSync after work scheduled
09-07 19:57:12.103  9706 15523 I GnpSdk  : (REDACTED) Finished executing async action [%s] in Coroutine Scope.
09-07 19:57:12.105 14782 14782 I flhv    : DeviceAccountsChangedReceiver#onReceive
09-07 19:57:12.109  9706 15523 I GnpSdk  : (REDACTED) Finished Broadcast execution [%d].
09-07 19:57:12.111  9706  9706 I GnpSdk  : (REDACTED) Intent received for action [%s] package [%s].
09-07 19:57:12.111  9706  9706 I GnpSdk  : Phenotype initialized.
09-07 19:57:12.111  9706  9706 I GnpSdk  : (REDACTED) Validation OK for action [%s].
09-07 19:57:12.112  9706  9706 I GnpSdk  : (REDACTED) Submitting Broadcast execution [%d] to tiktok executor.
09-07 19:57:12.114  9706 15523 I GnpSdk  : (REDACTED) Executing action in BroadcastReceiver [%s].
09-07 19:57:12.114  9706 15523 I GnpSdk  : (REDACTED) Executing async action [%s] in Coroutine Scope.
09-07 19:57:12.135 14328 16486 I TracingHelper: (REDACTED) Mismatched RequestContext found for module %s. Module id from RequestContext is %s
09-07 19:57:12.149  9706 15523 I GnpSdk  : (REDACTED) Finished executing async action [%s] in Coroutine Scope.
09-07 19:57:12.160  9706 15523 I GnpSdk  : (REDACTED) Finished Broadcast execution [%d].
09-07 19:57:12.205 14328 16471 W PlayGamesServices[UiUtils]: AppVersion: Cannot find the installed destination app.
09-07 19:57:12.206 14328 16471 I GetServiceValidatorImpl: (REDACTED) onGetService() from Client SDK version [%s], Module version [%s], PGA version [%s], Account [%s], Calling package [%s], Game package [%s]
09-07 19:57:12.206 14328 16471 I GetGamesServiceReqFacto: (REDACTED) Parsing request with ignored arguments. signInOptionsBundle [%s], isRetryingSignIn [%s], skipWelcomePopup [%s], requireGooglePlus [%s]
09-07 19:57:12.207 14328 16471 I GetGamesServiceReqFacto: Replacing request for `games` scope with `games_lite`
09-07 19:57:12.219 16454 16494 W PlayMovies: obi.run:22 User config found
09-07 19:57:12.220 16454 16494 W PlayMovies: obi.run:33 Loading user config
09-07 19:57:12.242 14328 16495 I DynamiteModule: Considering local module com.google.android.gms.googlecertificates:7 and remote module com.google.android.gms.googlecertificates:7
09-07 19:57:12.242 14328 16495 I DynamiteModule: Selected local version of com.google.android.gms.googlecertificates
09-07 19:57:12.246 14328 16495 I SignInPerformer-0: (REDACTED) Handling request [%s], isFirstPartyCaller [%s]
09-07 19:57:12.247 14328 16495 I SignInPerformer-0: Successfully brokered first-party unauthenticated GamesService [CONTEXT service_id=1 ]
09-07 19:57:12.253 14328 16495 I GetGamesServiceV2Op: (REDACTED) Successfully brokered GamesService for request %s
09-07 19:57:12.255 14328 16471 I GamesModuleInfoProvider: (REDACTED) Retrieved module info: %s
09-07 19:57:12.255 14328 16471 W PlayGamesServices[UiUtils]: AppVersion: Cannot find the installed destination app.
09-07 19:57:12.255 14328 16471 W PlayGamesServices[UiUtils]: AppVersionName: Cannot find the installed destination app.
09-07 19:57:12.261 16454 16454 W .android.videos: Method void unq.c(android.app.Activity) failed lock verification and will run slower.
09-07 19:57:12.261 16454 16454 W .android.videos: Common causes for lock verification issues are non-optimized dex code
09-07 19:57:12.261 16454 16454 W .android.videos: and incorrect proguard optimizations.
09-07 19:57:12.297 16016 16016 W ratelimit: Single process limit 50/s drop 50 lines.
09-07 19:57:12.339 16454 16508 W PlayMovies: hgx.invokeSuspend:375 Observing cache file clear_cache_file_name.tmp
09-07 19:57:12.340 16454 16511 E SQLiteLog: (5) statement aborts at 2: [PRAGMA journal_mode=TRUNCATE] database is locked
09-07 19:57:12.341 16454 16511 W SQLiteConnection: Could not change the database journal mode of '/data/user/0/com.google.android.videos/databases/purchase_store.db' from 'wal' to 'TRUNCATE' because the database is locked.  This usually means that there are other open connections to the database which prevents the database from enabling or disabling write-ahead logging mode.  Proceeding without changing the journal mode.
09-07 19:57:12.392 16016 16016 W ConstraintHelper: Could not find id of "og_bento_available_account_avatar"
09-07 19:57:12.392 16016 16016 W ConstraintHelper: Could not find id of "og_secondary_account_information"
09-07 19:57:12.394 16454 16454 W ComponentDiscovery: Class com.google.firebase.installations.FirebaseInstallationsKtxRegistrar is not an found.
09-07 19:57:12.399 16016 16016 W ConstraintHelper: Could not find id of "og_bento_available_account_avatar"
09-07 19:57:12.399 16016 16016 W ConstraintHelper: Could not find id of "og_secondary_account_information"
09-07 19:57:12.406 16016 16016 W ConstraintHelper: Could not find id of "og_bento_available_account_avatar"
09-07 19:57:12.406 16016 16016 W ConstraintHelper: Could not find id of "og_secondary_account_information"
09-07 19:57:12.413 16016 16016 W ConstraintHelper: Could not find id of "og_bento_available_account_avatar"
09-07 19:57:12.413 16016 16016 W ConstraintHelper: Could not find id of "og_secondary_account_information"
09-07 19:57:12.419 16016 16016 W ConstraintHelper: Could not find id of "og_bento_available_account_avatar"
09-07 19:57:12.419 16016 16016 W ConstraintHelper: Could not find id of "og_secondary_account_information"
09-07 19:57:12.422 16016 16078 W HWUI    : Image decoding logging dropped!
09-07 19:57:12.424  8145 13528 I ewrk    : (REDACTED) HDM. appOpsListener %s %s
09-07 19:57:12.424 16016 16016 W ConstraintHelper: Could not find id of "og_bento_card_image_container"
09-07 19:57:12.425  8145 13528 I ewrk    : (REDACTED) HDM. Ignoring irrelevant audio permission changes for package %s
09-07 19:57:12.427 16016 16016 W ConstraintHelper: Could not find id of "og_bento_card_title_container"
09-07 19:57:12.427 16016 16016 W ConstraintHelper: Could not find id of "og_bento_card_subtitle"
09-07 19:57:12.430 16016 16209 W HWUI    : Image decoding logging dropped!
09-07 19:57:12.432 16016 16016 W ConstraintHelper: Could not find id of "og_bento_card_title_container"
09-07 19:57:12.432 16016 16016 W ConstraintHelper: Could not find id of "og_bento_card_subtitle"
09-07 19:57:12.437 16016 16016 W ConstraintHelper: Could not find id of "og_bento_card_image_container"
09-07 19:57:12.438 16016 16016 W ConstraintHelper: Could not find id of "og_bento_card_title_container"
09-07 19:57:12.439 16016 16016 W ConstraintHelper: Could not find id of "og_bento_card_subtitle"
09-07 19:57:12.445 16016 16016 W ConstraintHelper: Could not find id of "og_bento_card_title_container"
09-07 19:57:12.445 16016 16016 W ConstraintHelper: Could not find id of "og_bento_card_subtitle"
09-07 19:57:12.451 16016 16016 W RecyclerView: RecyclerView does not support scrolling to an absolute position. Use scrollToPosition instead
09-07 19:57:12.451 16016 16016 W RecyclerView: RecyclerView does not support scrolling to an absolute position. Use scrollToPosition instead
09-07 19:57:12.451 16016 16016 W RecyclerView: RecyclerView does not support scrolling to an absolute position. Use scrollToPosition instead
09-07 19:57:12.451 16016 16016 W RecyclerView: RecyclerView does not support scrolling to an absolute position. Use scrollToPosition instead
09-07 19:57:12.454 16016 16016 W RecyclerView: RecyclerView does not support scrolling to an absolute position. Use scrollToPosition instead
09-07 19:57:12.454 16016 16016 W RecyclerView: RecyclerView does not support scrolling to an absolute position. Use scrollToPosition instead
09-07 19:57:12.461 16016 16016 W RecyclerView: RecyclerView does not support scrolling to an absolute position. Use scrollToPosition instead
09-07 19:57:12.461 16016 16016 W RecyclerView: RecyclerView does not support scrolling to an absolute position. Use scrollToPosition instead
09-07 19:57:12.481 16016 16016 W RecyclerView: RecyclerView does not support scrolling to an absolute position. Use scrollToPosition instead
09-07 19:57:12.481 16016 16016 W RecyclerView: RecyclerView does not support scrolling to an absolute position. Use scrollToPosition instead
09-07 19:57:12.493 16016 16059 W HWUI    : Image decoding logging dropped!
09-07 19:57:12.495 16016 16078 W HWUI    : Image decoding logging dropped!
09-07 19:57:12.495 16539 16539 I .apps.nbu.files: Using generational CollectorTypeCC GC.
09-07 19:57:12.498 16016 16016 W RecyclerView: RecyclerView does not support scrolling to an absolute position. Use scrollToPosition instead
09-07 19:57:12.498 16016 16016 W RecyclerView: RecyclerView does not support scrolling to an absolute position. Use scrollToPosition instead
09-07 19:57:12.501 16016 16206 W HWUI    : Image decoding logging dropped!
09-07 19:57:12.504 16016 16016 W RecyclerView: RecyclerView does not support scrolling to an absolute position. Use scrollToPosition instead
09-07 19:57:12.504 16016 16016 W RecyclerView: RecyclerView does not support scrolling to an absolute position. Use scrollToPosition instead
09-07 19:57:12.511 16539 16539 E .apps.nbu.files: BBinder_init Processname  com.google.android.apps.nbu.files  
09-07 19:57:12.512 16539 16539 E .apps.nbu.files: BBinder_init hasGetProcessName  com.google.android.apps.nbu.files
09-07 19:57:12.513 16016 16016 W RecyclerView: RecyclerView does not support scrolling to an absolute position. Use scrollToPosition instead
09-07 19:57:12.513 16016 16016 W RecyclerView: RecyclerView does not support scrolling to an absolute position. Use scrollToPosition instead
09-07 19:57:12.519 16016 16016 W RecyclerView: RecyclerView does not support scrolling to an absolute position. Use scrollToPosition instead
09-07 19:57:12.519 16016 16016 W RecyclerView: RecyclerView does not support scrolling to an absolute position. Use scrollToPosition instead
09-07 19:57:12.522 16454 16507 W JobInfo : Requested important-while-foreground flag for job3557 is ignored and takes no effect
09-07 19:57:12.528 16016 16016 W RecyclerView: RecyclerView does not support scrolling to an absolute position. Use scrollToPosition instead
09-07 19:57:12.575 16454 16454 W MediaSessionCompat: Couldn't find a unique registered media button receiver in the given context.
09-07 19:57:12.576 16454 16537 W System  : ClassLoader referenced unknown path: 
09-07 19:57:12.589 16454 16537 I .android.videos: AssetManager2(0xb400007395e21058) locale list changing from [] to [en-IN]
09-07 19:57:12.630 16454 16537 I .android.videos: AssetManager2(0xb400007395e25e78) locale list changing from [] to [en-IN]
09-07 19:57:12.631 16454 16537 I .android.videos: AssetManager2(0xb400007395e22638) locale list changing from [] to [en-IN]
09-07 19:57:12.667 16454 16509 E PlayMovies: nzp.a:83 No worker key associated with this task with tags: [google_tv_widget_tag, com.google.android.apps.googletv.app.services.workmanager.WorkerWrapper]
09-07 19:57:12.691 16454 16454 I MediaRouter: Skip setBluetoothA2dpOn(): types=8388615, isPlaybackActive()=false, BT route=null
09-07 19:57:12.697 16438 16530 W Settings: Setting device_provisioned has moved from android.provider.Settings.System to android.provider.Settings.Global, returning read-only value.
09-07 19:57:12.748 16539 16539 W .apps.nbu.files: Failed to find entry 'classes.dex': Entry not found
09-07 19:57:12.750 16539 16539 W .apps.nbu.files: Failed to find entry 'classes.dex': Entry not found
09-07 19:57:12.753 16539 16539 W .apps.nbu.files: Failed to find entry 'classes.dex': Entry not found
09-07 19:57:12.779 16539 16539 I .apps.nbu.files: AssetManager2(0xb400007395e27138) locale list changing from [] to [en-IN]
09-07 19:57:12.803  3867 15437 I .gms.persistent: AssetManager2(0xb400007395e332f8) locale list changing from [] to [en-IN]
09-07 19:57:12.829 16454 16560 E .android.videos: No package ID 6a found for resource ID 0x6a0b0013.
09-07 19:57:12.835 16454 16454 W AxMediaRouter: Ignoring attempt to select selected route: MediaRouter.RouteInfo{ uniqueId=DEFAULT_ROUTE, name=Phone, description=null, iconUri=null, enabled=true, isSystemRoute=true, connectionState=0, canDisconnect=false, playbackType=0, playbackStream=3, deviceType=0, volumeHandling=1, volume=15, volumeMax=15, presentationDisplayId=-1, extras=null, settingsIntent=null, providerPackageName=android }
09-07 19:57:12.836 16454 16560 I FA      : App measurement initialized, version: 181006
09-07 19:57:12.836 16454 16560 I FA      : To enable debug logging run: adb shell setprop log.tag.FA VERBOSE
09-07 19:57:12.836 16454 16560 I FA      : To enable faster debug mode event logging run:
09-07 19:57:12.836 16454 16560 I FA      :   adb shell setprop debug.firebase.analytics.app com.google.android.videos
09-07 19:57:12.875 16539 16539 W ComponentDiscovery: Class com.google.firebase.installations.FirebaseInstallationsKtxRegistrar is not an found.
09-07 19:57:12.891 16438 16564 W GMM-SatelliteConnectivity: WIFI  isActiveNetworkSatellite: false  isNetworkDisabledByOfflineModeController: false  activeNetworkInfoIsNull: false
09-07 19:57:12.933 16539 16589 I FA      : App measurement initialized, version: 181006
09-07 19:57:12.933 16539 16589 I FA      : To enable debug logging run: adb shell setprop log.tag.FA VERBOSE
09-07 19:57:12.933 16539 16589 I FA      : To enable faster debug mode event logging run:
09-07 19:57:12.933 16539 16589 I FA      :   adb shell setprop debug.firebase.analytics.app com.google.android.apps.nbu.files
09-07 19:57:12.934  3867 15145 I .gms.persistent: AssetManager2(0xb400007395e59778) locale list changing from [] to [en-IN]
09-07 19:57:12.947 16454 16555 W MediaCodec-JNI: pid:16454,client name:com.google.android.videos
09-07 19:57:12.954 16454 16555 W AudioCapabilities: Unsupported mediaType audio/x-ms-wma
09-07 19:57:12.955 16454 16555 W AudioCapabilities: Unsupported mediaType audio/mpeg-L1
09-07 19:57:12.956 16454 16555 W AudioCapabilities: Unsupported mediaType audio/mpeg-L2
09-07 19:57:12.964 16454 16555 W AudioCapabilities: Unsupported mediaType audio/ra
09-07 19:57:12.966 16454 16555 W AudioCapabilities: Unsupported mediaType audio/alac
09-07 19:57:12.968 16454 16555 W AudioCapabilities: Unsupported mediaType audio/ape
09-07 19:57:12.969 16454 16555 W AudioCapabilities: Unsupported mediaType audio/x-ape
09-07 19:57:12.974 16454 16555 W AudioCapabilities: Unsupported mediaType audio/adpcm
09-07 19:57:12.977 16454 16555 W AudioCapabilities: Unsupported mediaType audio/x-ms-adpcm
09-07 19:57:12.978 16454 16555 W AudioCapabilities: Unsupported mediaType audio/pcm
09-07 19:57:12.979 16454 16555 W AudioCapabilities: Unsupported mediaType audio/dsd
09-07 19:57:12.985 16454 16555 W VideoCapabilities: Unsupported mime video/rv
09-07 19:57:12.992 16454 16555 W VideoCapabilities: Unsupported mime video/x-ms-wmv
09-07 19:57:12.996 16454 16555 W VideoCapabilities: Unsupported mime video/x-ms-wmv2
09-07 19:57:13.008 16454 16555 W VideoCapabilities: Unsupported mime video/divx3
09-07 19:57:13.014 16454 16555 W VideoCapabilities: Unsupported mime video/flv1
09-07 19:57:13.015 16454 16555 W VideoCapabilities: Unsupported mime video/x-flv
09-07 19:57:13.016 16454 16555 W VideoCapabilities: Unsupported mime video/mjpeg
09-07 19:57:13.018 16454 16555 W VideoCapabilities: Unsupported mime video/x-motion-jpeg
09-07 19:57:13.020 16454 16555 W AudioCapabilities: Unsupported mediaType audio/x-adpcm-dvi-ima
09-07 19:57:13.020 16454 16555 W AudioCapabilities: Unsupported mediaType audio/x-adpcm-ms
09-07 19:57:13.020 16454 16555 W AudioCapabilities: Unsupported mediaType audio/alac
09-07 19:57:13.050 16454 16555 W VideoCapabilities: Unsupported mime image/vnd.android.heic
09-07 19:57:13.051 16454 16555 W VideoCapabilities: Unsupported mime image/vnd.android.heic
09-07 19:57:13.060 14328 16611 I FA-SVC  : App measurement initialized, version: 263234
09-07 19:57:13.099 16598 16598 W id.apps.restore: Failed to find entry 'classes.dex': Entry not found
09-07 19:57:13.116 16454 16555 W AudioCapabilities: Unsupported mediaType audio/x-ms-wma
09-07 19:57:13.126 16454 16555 W AudioCapabilities: Unsupported mediaType audio/mpeg-L1
09-07 19:57:13.127 16454 16555 W AudioCapabilities: Unsupported mediaType audio/mpeg-L2
09-07 19:57:13.128 16454 16555 W AudioCapabilities: Unsupported mediaType audio/ra
09-07 19:57:13.129 16454 16555 W AudioCapabilities: Unsupported mediaType audio/alac
09-07 19:57:13.130 16454 16555 W AudioCapabilities: Unsupported mediaType audio/ape
09-07 19:57:13.130 16598 16598 I id.apps.restore: AssetManager2(0xb400007395e24258) locale list changing from [] to [en-IN]
09-07 19:57:13.131 16454 16555 W AudioCapabilities: Unsupported mediaType audio/x-ape
09-07 19:57:13.133 16454 16555 W AudioCapabilities: Unsupported mediaType audio/adpcm
09-07 19:57:13.136 16454 16555 W AudioCapabilities: Unsupported mediaType audio/x-ms-adpcm
09-07 19:57:13.137 16454 16555 W AudioCapabilities: Unsupported mediaType audio/pcm
09-07 19:57:13.141 16454 16555 W AudioCapabilities: Unsupported mediaType audio/dsd
09-07 19:57:13.147 16454 16555 W VideoCapabilities: Unsupported mime video/rv
09-07 19:57:13.148 16454 16555 W VideoCapabilities: Unsupported mime video/x-ms-wmv
09-07 19:57:13.149 16454 16555 W VideoCapabilities: Unsupported mime video/x-ms-wmv2
09-07 19:57:13.155 16454 16555 W VideoCapabilities: Unsupported mime video/divx3
09-07 19:57:13.156 16454 16555 W VideoCapabilities: Unsupported mime video/flv1
09-07 19:57:13.158 16454 16555 W VideoCapabilities: Unsupported mime video/x-flv
09-07 19:57:13.163 16454 16555 W VideoCapabilities: Unsupported mime video/mjpeg
09-07 19:57:13.165 16454 16555 W VideoCapabilities: Unsupported mime video/x-motion-jpeg
09-07 19:57:13.166 16454 16555 W AudioCapabilities: Unsupported mediaType audio/x-adpcm-dvi-ima
09-07 19:57:13.166 16454 16555 W AudioCapabilities: Unsupported mediaType audio/x-adpcm-ms
09-07 19:57:13.167 16454 16555 W AudioCapabilities: Unsupported mediaType audio/alac
09-07 19:57:13.195 16454 16555 W VideoCapabilities: Unsupported mime image/vnd.android.heic
09-07 19:57:13.196 16016 16016 W ratelimit: Single process limit 50/s drop 73 lines.
09-07 19:57:13.196 16016 16016 I ActivityThread: Schedule relaunch activity: com.google.android.finsky.activities.MainActivity
09-07 19:57:13.197 16454 16555 W VideoCapabilities: Unsupported mime image/vnd.android.heic
09-07 19:57:13.197 16016 16016 W WindowOnBackDispatcher: sendCancelIfRunning: isInProgress=false callback=nez@e370d1c
09-07 19:57:13.206 16016 16048 I Finsky  : [129] Current account updated in PVS
09-07 19:57:13.207 16016 16206 W HWUI    : Image decoding logging dropped!
09-07 19:57:13.213 16016 16078 W HWUI    : Image decoding logging dropped!
09-07 19:57:13.219 16016 16060 I HWUI    : [destroy] CanvasContext will be destroyed.
09-07 19:57:13.251 14328 14347 I GmsCoreXrpcWrapper: (REDACTED) Creating a custom channel provider with trafficStatsTag=%d trafficStatsUid=%d
09-07 19:57:13.254 16016 16016 I Finsky  : [2] [EExp] Exporting experiments due to account changed.
09-07 19:57:13.254 16016 16016 I Finsky  : [2] [EExp] Exporting experiments for namespace com.google.android.finsky.regular.
09-07 19:57:13.254 16016 16016 I Finsky  : [2] [GRCS] GmsRequestContextSyncerAccountChangeListener not enabled, aborting...
09-07 19:57:13.273 16016 16016 W WindowOnBackDispatcher: sendCancelIfRunning: isInProgress=false callback=nez@3d290e5
09-07 19:57:13.275 16016 16187 I Finsky  : [210] [EExp] Successfully exported regular experiments.
09-07 19:57:13.286 16016 16016 E Finsky  : [2] ComposeVisualElement Error: veType=1, CVE is already removed from parent
09-07 19:57:13.287 16016 16016 E Finsky  : [2] ComposeVisualElement Error: veType=4152, CVE is already removed from parent
09-07 19:57:13.288 16016 16016 E Finsky  : [2] ComposeVisualElement Error: veType=4152, CVE is already removed from parent
09-07 19:57:13.291 16016 16016 W WindowOnBackDispatcher: sendCancelIfRunning: isInProgress=false callback=android.app.Activity$$ExternalSyntheticLambda0@415870c
09-07 19:57:13.301 16016 16016 I android.vending: AssetManager2(0xb400007395e89e78) locale list changing from [] to [en-IN]
09-07 19:57:13.325 16016 16016 W Finsky  : [2] Null bundle, which breaks event chain!. Creating a new logging context.
09-07 19:57:13.343 16016 16016 I Finsky  : [2] Set up MAUI
09-07 19:57:13.367 16016 16041 I Finsky  : [122] Verifying app locale consistency (current locale = English (India))
09-07 19:57:13.367 16016 16041 I Finsky  : [122] Language Split Installed = true
09-07 19:57:13.367 16016 16041 I Finsky  : [122] Has Inconsistent Persistent Cache = false (cache has locale(s) = [en-IN])
09-07 19:57:13.368 16016 16041 I Finsky  : [122] Has Inconsistent Memory Cache = false (initial locale = English (India))
09-07 19:57:13.376 16016 16016 I Finsky  : [2] NCR: notification count changed for account [[-0EO7GmXd_Oz7NA3tqW6Jh7Bz_bLx95qZqhtrfGD3H8]]: old=[1], new=[0], notifications=[]
09-07 19:57:13.405 16016 16016 I ImeTracker: com.android.vending:dd8d323e: onCancelled at PHASE_CLIENT_ALREADY_HIDDEN
09-07 19:57:13.433  8005  8005 I GoogleInputMethodService: GoogleInputMethodService.onFinishInput():2361 
09-07 19:57:13.433  8005  8005 I GoogleInputMethodService: GoogleInputMethodService.onStartInput():1532 onStartInput(EditorInfo{EditorInfo{packageName=com.android.vending, inputType=0, inputTypeString=NULL, enableLearning=false, autoCorrection=false, autoComplete=false, imeOptions=0, privateImeOptions=null, actionName=UNSPECIFIED, actionLabel=null, initialSelStart=-1, initialSelEnd=-1, initialCapsMode=0, label=null, fieldId=0, fieldName=null, extras=null, hintText=null, hintLocales=[]}}, false)
09-07 19:57:13.434  8005  8005 I LatinIMEBase: LatinIMEBase.updateInputViewCoverNavigation():316 Update input view padding, isNavbarOverInputWindow=true, bottom inset=132
09-07 19:57:13.438  8005 14954 I Module  : DeviceLockedStatusModuleProvider$Module.updateDeviceLockedStatusInternal():119 repeatCheckTimes = 0, locked = false
09-07 19:57:13.438  8005 14954 I Module  : DeviceLockedStatusModuleProvider$Module.updateDeviceLockedStatusInternal():119 repeatCheckTimes = 1, locked = false
09-07 19:57:13.453 14328 16611 W AdvertisingIdSettings: Package com.google.android.apps.nbu.files failed Ad Id permission check. Apps that target Android SDK 33 or higher should declare com.google.android.gms.permission.AD_ID in the app manifest to access Ad Id.
09-07 19:57:13.471 16016 16022 I android.vending: Background young concurrent copying GC freed 6996KB AllocSpace bytes, 9(184KB) LOS objects, 17% free, 37MB/45MB, paused 504us,62us total 177.837ms
09-07 19:57:13.471 14328 16611 I AdvertisingIdClient: shouldSendLog -1
09-07 19:57:13.472 14328 16611 I AdvertisingIdClient: GetInfoInternal elapse 188ms
09-07 19:57:13.480 16454 16555 W AudioCapabilities: Unsupported mime audio/x-ms-wma
09-07 19:57:13.484 14328 14328 I AdvertisingIdClient: getting error as 17: API: ClientTelemetry.API is not available on this device. Connection failed with: ConnectionResult{statusCode=API_DISABLED_FOR_CONNECTION, resolution=null, message=null, clientMethodKey=null}
09-07 19:57:13.491 16454 16555 W AudioCapabilities: Unsupported mime audio/mpeg-L1
09-07 19:57:13.503 16598 16598 W id.apps.restore: Method void lcz.c(android.app.Activity) failed lock verification and will run slower.
09-07 19:57:13.503 16598 16598 W id.apps.restore: Common causes for lock verification issues are non-optimized dex code
09-07 19:57:13.503 16598 16598 W id.apps.restore: and incorrect proguard optimizations.
09-07 19:57:13.537 16454 16555 W AudioCapabilities: Unsupported mime audio/mpeg-L2
09-07 19:57:13.541 16454 16555 W AudioCapabilities: Unsupported mime audio/ra
09-07 19:57:13.542 14328 14990 E jumw    : *~*~*~ Previous channel {0} was garbage collected without being shut down! ~*~*~*
09-07 19:57:13.542 14328 14990 E jumw    :     Make sure to call shutdown()/shutdownNow()
09-07 19:57:13.542 14328 14990 E jumw    : java.lang.RuntimeException: ManagedChannel allocation site
09-07 19:57:13.542 14328 14990 E jumw    : 	at jumv.<init>(:com.google.android.gms@263234035@26.32.34 (260400-968093310):21)
09-07 19:57:13.542 14328 14990 E jumw    : 	at jumw.<init>(:com.google.android.gms@263234035@26.32.34 (260400-968093310):10)
09-07 19:57:13.542 14328 14990 E jumw    : 	at jumu.a(:com.google.android.gms@263234035@26.32.34 (260400-968093310):300)
09-07 19:57:13.542 14328 14990 E jumw    : 	at jtul.a(:com.google.android.gms@263234035@26.32.34 (260400-968093310):5)
09-07 19:57:13.542 14328 14990 E jumw    : 	at dixu.f(:com.google.android.gms@263234035@26.32.34 (260400-968093310):144)
09-07 19:57:13.542 14328 14990 E jumw    : 	at iarc.a(:com.google.android.gms@263234035@26.32.34 (260400-968093310):177)
09-07 19:57:13.542 14328 14990 E jumw    : 	at hnyt.a(:com.google.android.gms@263234035@26.32.34 (260400-968093310):17)
09-07 19:57:13.542 14328 14990 E jumw    : 	at hwyb.a(:com.google.android.gms@263234035@26.32.34 (260400-968093310):3)
09-07 19:57:13.542 14328 14990 E jumw    : 	at hwxc.run(:com.google.android.gms@263234035@26.32.34 (260400-968093310):19)
09-07 19:57:13.542 14328 14990 E jumw    : 	at hwyd.run(:com.google.android.gms@263234035@26.32.34 (260400-968093310):5)
09-07 19:57:13.542 14328 14990 E jumw    : 	at bnli.d(:com.google.android.gms@263234035@26.32.34 (260400-968093310):50)
09-07 19:57:13.542 14328 14990 E jumw    : 	at bnli.c(:com.google.android.gms@263234035@26.32.34 (260400-968093310):6)
09-07 19:57:13.542 14328 14990 E jumw    : 	at bnli.run(:com.google.android.gms@263234035@26.32.34 (260400-968093310):33)
09-07 19:57:13.542 14328 14990 E jumw    : 	at java.util.concurrent.ThreadPoolExecutor.runWorker(ThreadPoolExecutor.java:1100)
09-07 19:57:13.542 14328 14990 E jumw    : 	at java.util.concurrent.ThreadPoolExecutor$Worker.run(ThreadPoolExecutor.java:624)
09-07 19:57:13.542 14328 14990 E jumw    : 	at bnri.run(:com.google.android.gms@263234035@26.32.34 (260400-968093310):8)
09-07 19:57:13.542 14328 14990 E jumw    : 	at java.lang.Thread.run(Thread.java:1572)
09-07 19:57:13.551 16454 16555 W AudioCapabilities: Unsupported mime audio/alac
09-07 19:57:13.551 16454 16555 W AudioCapabilities: Unsupported mime audio/ape
09-07 19:57:13.551 16454 16555 W AudioCapabilities: Unsupported mime audio/x-ape
09-07 19:57:13.556 16454 16555 W AudioCapabilities: Unsupported mime audio/adpcm
09-07 19:57:13.556 16454 16555 W AudioCapabilities: Unsupported mime audio/x-ms-adpcm
09-07 19:57:13.556 16454 16555 W AudioCapabilities: Unsupported mime audio/pcm
09-07 19:57:13.557 16454 16555 W AudioCapabilities: Unsupported mime audio/dsd
09-07 19:57:13.558 16454 16555 W VideoCapabilities: Unsupported mime video/rv
09-07 19:57:13.562 16454 16555 W VideoCapabilities: Unsupported mime video/x-ms-wmv
09-07 19:57:13.562 16454 16555 W VideoCapabilities: Unsupported mime video/x-ms-wmv2
09-07 19:57:13.563 16454 16555 W VideoCapabilities: Unsupported mime video/divx3
09-07 19:57:13.563 16454 16555 W VideoCapabilities: Unsupported mime video/flv1
09-07 19:57:13.564 16454 16555 W VideoCapabilities: Unsupported mime video/x-flv
09-07 19:57:13.564 16454 16555 W VideoCapabilities: Unsupported mime video/mjpeg
09-07 19:57:13.575 16454 16555 W VideoCapabilities: Unsupported mime video/x-motion-jpeg
09-07 19:57:13.575 16454 16555 W AudioCapabilities: Unsupported mime audio/x-adpcm-dvi-ima
09-07 19:57:13.576 16454 16555 W AudioCapabilities: Unsupported mime audio/x-adpcm-ms
09-07 19:57:13.576 16454 16555 W AudioCapabilities: Unsupported mime audio/alac
09-07 19:57:13.585 16598 16598 I lwu     : SslGuard completed installation.
09-07 19:57:13.593 16454 16555 W VideoCapabilities: Unsupported mime image/vnd.android.heic
09-07 19:57:13.594 16454 16555 W VideoCapabilities: Unsupported mime image/vnd.android.heic
09-07 19:57:13.612 16454 16555 W AudioCapabilities: Unsupported mime audio/x-ms-wma
09-07 19:57:13.612 16454 16555 W AudioCapabilities: Unsupported mime audio/mpeg-L1
09-07 19:57:13.613 16454 16555 W AudioCapabilities: Unsupported mime audio/mpeg-L1
09-07 19:57:13.614 16454 16555 W AudioCapabilities: Unsupported mime audio/ra
09-07 19:57:13.615 16454 16555 W AudioCapabilities: Unsupported mime audio/alac
09-07 19:57:13.616  3867 15437 I .gms.persistent: AssetManager2(0xb400007395e8ba98) locale list changing from [] to [en-IN]
09-07 19:57:13.617 16454 16555 W AudioCapabilities: Unsupported mime audio/ape
09-07 19:57:13.617 16454 16555 W AudioCapabilities: Unsupported mime audio/ape
09-07 19:57:13.618 16454 16555 W AudioCapabilities: Unsupported mime audio/pcm
09-07 19:57:13.621 16454 16555 W AudioCapabilities: Unsupported mime audio/dsd
09-07 19:57:13.622 16454 16555 W VideoCapabilities: Unsupported mime video/rv
09-07 19:57:13.628 16454 16555 W VideoCapabilities: Unsupported mime video/x-ms-wmv
09-07 19:57:13.629 16454 16555 W VideoCapabilities: Unsupported mime video/x-ms-wmv
09-07 19:57:13.630 16454 16555 W VideoCapabilities: Unsupported mime video/divx3
09-07 19:57:13.630 16454 16555 W VideoCapabilities: Unsupported mime video/flv1
09-07 19:57:13.630 16454 16555 W VideoCapabilities: Unsupported mime video/flv1
09-07 19:57:13.631 16454 16555 W VideoCapabilities: Unsupported mime video/mjpeg
09-07 19:57:13.631 16454 16555 W VideoCapabilities: Unsupported mime video/mjpeg
09-07 19:57:13.634 16454 16555 W AudioCapabilities: Unsupported mime audio/x-adpcm-dvi-ima
09-07 19:57:13.636 16454 16555 W AudioCapabilities: Unsupported mime audio/x-adpcm-ms
09-07 19:57:13.637 16454 16555 W AudioCapabilities: Unsupported mime audio/alac
09-07 19:57:13.643 16454 16555 W VideoCapabilities: Unsupported mime image/vnd.android.heic
09-07 19:57:13.643 16454 16555 W VideoCapabilities: Unsupported mime image/vnd.android.heic
09-07 19:57:13.644 16598 16598 I GoogleRestoreDefaultProcessValidator: Validating WorkManager process
09-07 19:57:13.647 16598 16665 I GoogleRestoreDefaultProcessValidator: Processes: NONE, true, com.google.android.apps.restore, com.google.android.apps.restore
09-07 19:57:13.663 16438 16521 I GameManager: __progname=com.google.android.apps.maps
09-07 19:57:13.689 16598 16598 I GoogleRestoreDeviceAccountsChangedReceiver: DeviceAccountsChangedReceiver#onReceive
09-07 19:57:13.695 16438 16533 E native  : E0000 00:00:1788791233.695726   16533 jni_clearcut_controller.cc:86] Failed to schedule flush: JNIEnv and metrics poller need to be set for manual flush to work.
09-07 19:57:13.712 16016 16095 I cn_CronetUrlRequestContext: destroyNativeStreamLocked android.net.http.internal.org.chromium.net.impl.CronetBidirectionalStream@b69c8ef
09-07 19:57:13.720 16016 16041 I Finsky  : [122] [EExp] Exporting release experiments.
09-07 19:57:13.727 16016 16187 I Finsky  : [210] [EExp] Successfully exported release experiments.
09-07 19:57:13.751 16016 16016 I Finsky  : [2] TU:accepted=T, ackedTosToken!=token
09-07 19:57:13.762 16016 16016 W Finsky  : [2] Null bundle, which breaks event chain!. Creating a new logging context.
09-07 19:57:13.764 16016 16016 I Finsky  : [2] [NDE] Updating user boarding status to state 1
09-07 19:57:13.765 16016 16016 I Finsky  : [2] [AV::AE]: Does the account [-0EO7GmXd_Oz7NA3tqW6Jh7Bz_bLx95qZqhtrfGD3H8] have a permanently ineligible reason? false
09-07 19:57:13.765 16016 16016 I Finsky  : [2] AV::Onboarding eligible blocking [-0EO7GmXd_Oz7NA3tqW6Jh7Bz_bLx95qZqhtrfGD3H8], false
09-07 19:57:13.765 16016 16016 I Finsky  : [2] MAIHI: AV::Onboarding check result - [-0EO7GmXd_Oz7NA3tqW6Jh7Bz_bLx95qZqhtrfGD3H8], false
09-07 19:57:13.772 16016 16040 I Finsky  : [121] PN init
09-07 19:57:13.794 16016 16039 I Finsky  : [120] DM: Start summary flow
09-07 19:57:13.809 16677 16677 W on.gearhead:car: Failed to find entry 'classes.dex': Entry not found
09-07 19:57:13.811 16677 16677 W on.gearhead:car: Failed to find entry 'classes.dex': Entry not found
09-07 19:57:13.814 16677 16677 W on.gearhead:car: Failed to find entry 'classes.dex': Entry not found
09-07 19:57:13.825 16676 16676 W .apps.safetyhub: Failed to find entry 'classes.dex': Entry not found
09-07 19:57:13.827 16676 16676 W .apps.safetyhub: Failed to find entry 'classes.dex': Entry not found
09-07 19:57:13.843 16454 16582 W JobInfo : Requested important-while-foreground flag for job3558 is ignored and takes no effect
09-07 19:57:13.846 16677 16677 I on.gearhead:car: AssetManager2(0xb400007395e27138) locale list changing from [] to [en-IN]
09-07 19:57:13.867 16676 16676 I .apps.safetyhub: AssetManager2(0xb400007395e23f38) locale list changing from [] to [en-IN]
09-07 19:57:13.971 16677 16677 I CAR.GH  : onCreate
09-07 19:57:13.975 14328 15016 I cn_CronetUrlRequestContext: destroyNativeStreamLocked org.chromium.net.impl.CronetBidirectionalStream@a1d7124
09-07 19:57:14.040 16676 16676 W ComponentDiscovery: Class com.google.firebase.installations.FirebaseInstallationsKtxRegistrar is not an found.
09-07 19:57:14.045 16676 16676 I FirebaseApp: Device unlocked: initializing all Firebase APIs for app [DEFAULT]
09-07 19:57:14.057 16454 16582 W JobInfo : Requested important-while-foreground flag for job3559 is ignored and takes no effect
09-07 19:57:14.073 16677 16677 I GH.PrimesMgr: transmitting to prod
09-07 19:57:14.085 16438 16709 I HttpFlagsLoader: HTTP flags log line (Impl): Using live production flag values from Google
09-07 19:57:14.115 16677 16677 I CAR.GH  : Process: CAR
09-07 19:57:14.116 16677 16677 I CAR.GH  : Channel: PROD
09-07 19:57:14.132 16676 16676 I FirebaseInitProvider: FirebaseApp initialization successful
09-07 19:57:14.134 16677 16677 I CAR.GH  : onCreate completed
09-07 19:57:14.139 16438 16709 I cn_CronetLibraryLoader: Cronet version: 147.0.7727.132, arch: aarch64
09-07 19:57:14.151  8145 13528 I ewrk    : (REDACTED) HDM. appOpsListener %s %s
09-07 19:57:14.152  8145 13528 I ewrk    : (REDACTED) HDM. Ignoring irrelevant audio permission changes for package %s
09-07 19:57:14.171 16454 16507 W JobInfo : Requested important-while-foreground flag for job3560 is ignored and takes no effect
09-07 19:57:14.189 16677 16677 I GH.CAR  : onCreate
09-07 19:57:14.196 16016 16095 I cn_CronetUrlRequestContext: destroyNativeStreamLocked android.net.http.internal.org.chromium.net.impl.CronetBidirectionalStream@58fc572
09-07 19:57:14.201 16677 16677 I GH.CAR  : GearheadCarStartupService.onBind
09-07 19:57:14.244 14328 16611 I AdvertisingIdClient: shouldSendLog 26039900
09-07 19:57:14.244 14328 16611 I AdvertisingIdClient: GetInfoInternal elapse 12ms
09-07 19:57:14.253 16676 16676 I pds     : SslGuard completed installation.
09-07 19:57:14.262 16454 16499 W WM-Processor: Didn't find WorkSpec for id WorkGenerationalId(workSpecId=cdb9b8bf-0176-4ce0-be43-54d2aafe20ad, generation=0)
09-07 19:57:14.266 14328 14332 W gle.android.gms: Suspending all threads took: 9.224ms
09-07 19:57:14.270 14328 14332 I gle.android.gms: Background young concurrent copying GC freed 1155KB AllocSpace bytes, 0(0B) LOS objects, 1% free, 11MB/11MB, paused 1.276ms,9.349ms total 150.462ms
09-07 19:57:14.283 16677 16705 I GH.CAR  : gearheadCarServiceBinder in mainHandler: true
09-07 19:57:14.292 16454 16507 W WM-Processor: Didn't find WorkSpec for id WorkGenerationalId(workSpecId=a3b0149b-8e32-402e-acf9-b306cec2664e, generation=0)
09-07 19:57:14.302 16676 16676 I Safetyhub.GnpSdk: Intent received for action [android.accounts.LOGIN_ACCOUNTS_CHANGED] package [com.google.android.apps.safetyhub].
09-07 19:57:14.307 16771 16771 I id.apps.tachyon: Using generational CollectorTypeCC GC.
09-07 19:57:14.314 16771 16771 E id.apps.tachyon: BBinder_init Processname  com.google.android.apps.tachyon  
09-07 19:57:14.314 16771 16771 E id.apps.tachyon: BBinder_init hasGetProcessName  com.google.android.apps.tachyon
09-07 19:57:14.314 16676 16676 I Safetyhub.GnpSdk: Phenotype initialized.
09-07 19:57:14.318 16454 16582 E PlayMovies: nzp.a:83 No worker key associated with this task with tags: [google_tv_widget_tag, com.google.android.apps.googletv.app.services.workmanager.WorkerWrapper]
09-07 19:57:14.319 16676 16676 I Safetyhub.GnpSdk: Validation OK for action [android.accounts.LOGIN_ACCOUNTS_CHANGED].
09-07 19:57:14.372 16771 16771 W id.apps.tachyon: Failed to find entry 'classes.dex': Entry not found
09-07 19:57:14.375 16676 16676 I Safetyhub.GnpSdk: Submitting Broadcast execution [204719286] to tiktok executor.
09-07 19:57:14.376 16771 16771 W id.apps.tachyon: Failed to find entry 'classes.dex': Entry not found
09-07 19:57:14.379 16771 16771 W id.apps.tachyon: Failed to find entry 'classes.dex': Entry not found
09-07 19:57:14.389 16771 16771 I id.apps.tachyon: AssetManager2(0xb400007395e27138) locale list changing from [] to [en-IN]
09-07 19:57:14.426 16676 16797 I Safetyhub.GnpSdk: Executing action in BroadcastReceiver [android.accounts.LOGIN_ACCOUNTS_CHANGED].
09-07 19:57:14.427 16676 16797 I Safetyhub.GnpSdk: Executing async action [android.accounts.LOGIN_ACCOUNTS_CHANGED] in Coroutine Scope.
09-07 19:57:14.428 16677 16705 I GH.CAR  : Using GearheadCarServiceBinder in CarMessageService.
09-07 19:57:14.442 16677 16705 I GH.DelegateMngCarSvc: Retries remaining initialized to 20
09-07 19:57:14.443 16677 16705 I GH.CAR  : Using Gearhead for projection services. All aboard! 🚀
09-07 19:57:14.443 16677 16705 I GH.DelegateICarSupplier: Android is R+, so connecting to Gearhead car chimera service.
09-07 19:57:14.444 16677 16705 I GH.DelegateMngCarSvc: Skipping delegate acquisition on init().
09-07 19:57:14.445 16677 16705 I GH.CarService: Setting delegate: ima@6bcab05
09-07 19:57:14.445 16677 16705 I CAR.SERVICE: Setting CSB delegate, previous value null updated to jox@54e875a
09-07 19:57:14.446 16677 16705 I GH.CAR  : ICar delegate chain:
09-07 19:57:14.446 16677 16705 I GH.CAR  : 	jqa@9493d8b
09-07 19:57:14.446 16677 16705 I GH.CAR  : 	-> ima@6bcab05
09-07 19:57:14.446 16677 16705 I GH.CAR  : 	-> jox@54e875a
09-07 19:57:14.514 16438 16532 W System  : ClassLoader referenced unknown path: 
09-07 19:57:14.515 14328 14337 D SQLiteQueryBuilder: SELECT value FROM partner WHERE ((name=?))
09-07 19:57:14.525 16807 16807 I id.gms.unstable: Using generational CollectorTypeCC GC.
09-07 19:57:14.535 16807 16807 E id.gms.unstable: BBinder_init Processname  com.google.android.gms.unstable  
09-07 19:57:14.535 16807 16807 E id.gms.unstable: BBinder_init hasGetProcessName  com.google.android.gms.unstable
09-07 19:57:14.553 16677 16705 I on.gearhead:car: AssetManager2(0xb400007395e264b8) locale list changing from [] to [en-IN]
09-07 19:57:14.574 16677 16705 W DynamiteModule: Local module descriptor class for com.google.android.gms.googlecertificates not found.
09-07 19:57:14.574 14328 14337 I MdiSyncModule: (REDACTED) Receiving API connection from package '%s'...
09-07 19:57:14.577 14328 14337 I MdiSyncModule: API connection successful!
09-07 19:57:14.621 14328 14337 I MdiSyncModule: (REDACTED) Receiving API connection from package '%s'...
09-07 19:57:14.621 16677 16705 I DynamiteModule: Considering local module com.google.android.gms.googlecertificates:0 and remote module com.google.android.gms.googlecertificates:7
09-07 19:57:14.621 16677 16705 I DynamiteModule: Selected remote version of com.google.android.gms.googlecertificates, version >= 7
09-07 19:57:14.622 14328 14337 I MdiSyncModule: API connection successful!
09-07 19:57:14.626 14328 14337 I MdiSyncModule: (REDACTED) Receiving API connection from package '%s'...
09-07 19:57:14.635 14328 14337 I MdiSyncModule: API connection successful!
09-07 19:57:14.654 16677 16705 W System  : ClassLoader referenced unknown path: 
09-07 19:57:14.666 16807 16807 I id.gms.unstable: AssetManager2(0xb400007395e26af8) locale list changing from [] to [en-IN]
09-07 19:57:14.668 16016 16038 E Finsky  : [119] Unhandled button type.
09-07 19:57:14.671 16016 16039 E Finsky  : [120] Unhandled button type.
09-07 19:57:14.674 16771 16771 I org.webrtc.Logging: vclib: NativeLibraryLoader: loading jingle_peerconnection_so from lbz
09-07 19:57:14.674 16771 16771 I org.webrtc.Logging: vclib: Beginning load of jingle_peerconnection_so...
09-07 19:57:14.680 16807 16807 E ShaderCache: Open /system/etc/shaders_cache/shaders_cache_size_coeffs.json failed
09-07 19:57:14.692 16677 16705 I on.gearhead:car: AssetManager2(0xb400007395e238f8) locale list changing from [] to [en-IN]
09-07 19:57:14.695  3867  3906 I FontLog : (REDACTED) Received query %s, URI %s
09-07 19:57:14.697  3867  3906 I FontLog : (REDACTED) Query [%s] resolved to %s
09-07 19:57:14.703  3867  3906 I FontLog : (REDACTED) Fetch %s end status %s
09-07 19:57:14.712 16771 16829 I org.webrtc.Logging: CrashStartupListener: Checking conference crashes for 7 account(s).
09-07 19:57:14.714  3867  5453 I FontLog : (REDACTED) Pulling font file for id = %d, cache size = %d
09-07 19:57:14.725  3867  3906 I FontLog : (REDACTED) Pulling font file for id = %d, cache size = %d
09-07 19:57:14.728 16016 16216 I android.vending: Waiting for a blocking GC Explicit
09-07 19:57:14.754 16016 16111 W HWUI    : Image decoding logging dropped!
09-07 19:57:14.757 16016 16106 W HWUI    : Image decoding logging dropped!
09-07 19:57:14.758 16016 16016 E Finsky  : [2] ComposeVisualElement Error: veType=4152, CVE is already linked to the same parent
09-07 19:57:14.758 16016 16016 E Finsky  : [2] ComposeVisualElement Error: veType=480, CVE is already linked to the same parent
09-07 19:57:14.758 16016 16016 E Finsky  : [2] ComposeVisualElement Error: veType=400, CVE is already linked to the same parent
09-07 19:57:14.762 16016 16107 W HWUI    : Image decoding logging dropped!
09-07 19:57:14.798 16016 16076 W Finsky  : [145] Sequence has events with different pageTypes: [92, 1, 5]
09-07 19:57:14.801 16016 16109 W HWUI    : Image decoding logging dropped!
09-07 19:57:14.810 16438 16532 I droid.apps.maps: AssetManager2(0xb400007395e25838) locale list changing from [] to [en-IN]
09-07 19:57:14.812  3867 10175 I Wear_Controller: Wearable module requires a companion app to be installed.
09-07 19:57:14.813  3867 10175 I WearableService: Wearable Services not starting. Wear is not available on this device: MISSING_COMPANION_APP
09-07 19:57:14.821 16016 16107 W HWUI    : Image decoding logging dropped!
09-07 19:57:14.823 16016 16111 W HWUI    : Image decoding logging dropped!
09-07 19:57:14.831 16016 16106 W HWUI    : Image decoding logging dropped!
09-07 19:57:14.843 16016 16109 W HWUI    : Image decoding logging dropped!
09-07 19:57:14.993  9706 10981 W BLASTBufferQueue: Unable to open /proc/vivo_rsc/frame_set_priority: No such file or directory
09-07 19:57:14.993  9706 10981 I BLASTBufferQueue: QoSAllocBuff Successful. Ret 0 
09-07 19:57:15.012 16016 16095 I cn_CronetUrlRequestContext: destroyNativeStreamLocked android.net.http.internal.org.chromium.net.impl.CronetBidirectionalStream@8f4d39b
09-07 19:57:15.033 16771 16771 I org.webrtc.Logging: vclib: jingle_peerconnection_so (null) was loaded normally!
09-07 19:57:15.033 16771 16771 I org.webrtc.Logging: vclib: NativeLibraryLoader: loading jingle_peerconnection_so complete.
09-07 19:57:15.045 16771 16771 I NativeLibrary: [000:000][16771] Loading native library: jingle_peerconnection_so
09-07 19:57:15.051  9706  9706 I cgno    : onStart
09-07 19:57:14.986 16677 16705 I on.gearhead:car: AssetManager2(0xb400007395e21ff8) locale list changing from [] to [en-IN]
09-07 19:57:15.065 16771 16771 I vclib   : [000:024][16771] NativeLibraryLoader: jingle_peerconnection_so is already loaded (request from lxo)
09-07 19:57:15.066 16771 16771 I jvm_android.cc: [000:025][16771] (line 216): JVM::Initialize
09-07 19:57:15.066 16771 16771 I jvm_android.cc: [000:025][16771] (line 249): JVM::JVM
09-07 19:57:15.066 16771 16771 I jvm_android.cc: [000:025][16771] (line 39): LoadClasses:
09-07 19:57:15.066 16771 16771 I deprecated_global_field_trials.cc: [000:025][16771] (line 66): Setting field trial string:
09-07 19:57:15.066 16771 16771 I PeerConnectionFactory: [000:025][16771] PeerConnectionFactory was initialized without an injected Loggable. Any existing Loggable will be deleted.
09-07 19:57:15.071 16771 16771 I TY_Firebase: [000:031][16771] initializing firebase
09-07 19:57:15.085 16771 16824 W DynamiteModule: Local module descriptor class for com.google.android.gms.googlecertificates not found.
09-07 19:57:15.115  9706  9706 I cgfa    : onStart
09-07 19:57:15.160  9706  9706 I ceco    : (REDACTED) [%s] onStart()
09-07 19:57:15.162  9706  9706 I cefc    : Reloading theme data
09-07 19:57:15.163 16771 16771 W ComponentDiscovery: Class com.google.firebase.installations.FirebaseInstallationsKtxRegistrar is not an found.
09-07 19:57:15.177 16677 16705 I on.gearhead:car: AssetManager2(0xb400007395e24578) locale list changing from [] to [en-IN]
09-07 19:57:15.243  9706  9706 I cgno    : onResume
09-07 19:57:15.246  9706  9706 W dytk    : missing event name
09-07 19:57:15.249  9706  9706 I cgfa    : onResume
09-07 19:57:15.269  8145 13528 I ewrk    : (REDACTED) HDM. appOpsListener %s %s
09-07 19:57:15.269  8145 13528 I ewrk    : (REDACTED) HDM. Ignoring irrelevant audio permission changes for package %s
09-07 19:57:15.372 16771 16824 W System  : ClassLoader referenced unknown path: 
09-07 19:57:15.385  8736  8757 I nd.airdroidkids: Background young concurrent copying GC freed 2523KB AllocSpace bytes, 1(16KB) LOS objects, 15% free, 12MB/15MB, paused 77us,52us total 221.515ms
09-07 19:57:15.390 14328 16746 I MdiSyncModule: (REDACTED) Receiving API connection from package '%s'...
09-07 19:57:15.399 14328 16746 I MdiSyncModule: API connection successful!
09-07 19:57:15.473 16016 16016 I Choreographer: Skipped 50 frames!  The application may be doing too much work on its main thread.
09-07 19:57:15.481 16016 16016 W AccessibilityDelegate: Drawing order is not available, was AccessibilityNodeInfo requested for a child node before its parent?
09-07 19:57:15.503  1949  2146 I ActivityTaskManager: Fully drawn com.android.vending/com.google.android.finsky.activities.MainActivity: +16s821ms
09-07 19:57:15.520 16016 16076 W Finsky  : [145] Sequence has events with different pageTypes: [92, 1, 5]
09-07 19:57:15.541 14328 16746 I MdiSyncModule: (REDACTED) Receiving API connection from package '%s'...
09-07 19:57:15.547 14328 16746 I MdiSyncModule: API connection successful!
09-07 19:57:15.578 16016 16040 E Finsky  : [121] Unhandled CTA button type: BUTTON_WITH_LINK
09-07 19:57:15.581 16016 16038 E Finsky  : [119] Unhandled CTA button type: BUTTON_WITH_LINK
09-07 19:57:15.618 16016 16095 I cn_CronetUrlRequestContext: destroyNativeStreamLocked android.net.http.internal.org.chromium.net.impl.CronetBidirectionalStream@2b61a06
09-07 19:57:15.626 16771 16771 I TY_com.google.android.libraries.gms.compliancehelper.impl.GmsComplianceHelperImplKt: [000:586][16771] Initializing GMS Compliance Client Library...
09-07 19:57:15.626 16771 16771 I TY_com.google.android.libraries.gms.compliancehelper.impl.GmsComplianceHelperImplKt: [000:586][16771] Checking for device compliance...
09-07 19:57:15.627 16771 16771 I TY_com.google.android.libraries.gms.compliancehelper.impl.GmsComplianceHelperImplKt: [000:586][16771] Feature is disabled!
09-07 19:57:15.630 16771 16771 I TY_com.google.android.libraries.gms.compliancehelper.impl.GmsComplianceHelperImplKt: [000:589][16771] Completed library init.
09-07 19:57:15.644 16771 16824 I id.apps.tachyon: AssetManager2(0xb400007395e27db8) locale list changing from [] to [en-IN]
09-07 19:57:15.660  3867  3906 W WearableService: onGetService: Wear is not available on this device. Calling package: com.google.android.apps.maps
09-07 19:57:15.672 14328 16746 I MdiSyncModule: (REDACTED) Receiving API connection from package '%s'...
09-07 19:57:15.675 14328 16746 I MdiSyncModule: API connection successful!
09-07 19:57:15.785 16016 16040 E Finsky  : [121] Unhandled button type.
09-07 19:57:15.801 16771 16771 I TY_GnpSdk: [000:760][16771] Intent received for action [android.accounts.LOGIN_ACCOUNTS_CHANGED] package [com.google.android.apps.tachyon].
09-07 19:57:15.834 16807 16807 W ProviderHelper: Unknown dynamite feature providerinstaller.dynamite
09-07 19:57:15.835 16807 16807 I DynamiteModule: Considering local module com.google.android.gms.providerinstaller.dynamite:1 and remote module com.google.android.gms.providerinstaller.dynamite:0
09-07 19:57:15.835 16807 16807 I DynamiteModule: Selected local version of com.google.android.gms.providerinstaller.dynamite
09-07 19:57:15.850 16771 16771 I TY_GnpSdk: [000:809][16771] Phenotype initialized.
09-07 19:57:15.863 16016 16041 I Finsky  : [122] StreamDataStore: pagination token matches. Setting the next pagination token.
09-07 19:57:15.853 16771 16771 I TY_GnpSdk: [000:813][16771] Validation OK for action [android.accounts.LOGIN_ACCOUNTS_CHANGED].
09-07 19:57:15.892 16016 16050 W SQLiteLog: (28) double-quoted string literal: "play-pass"
09-07 19:57:16.000 16016 16095 I cn_CronetUrlRequestContext: destroyNativeStreamLocked android.net.http.internal.org.chromium.net.impl.CronetBidirectionalStream@1673702
09-07 19:57:16.005  8145 13528 I ewrk    : (REDACTED) HDM. appOpsListener %s %s
09-07 19:57:16.007  8145 13528 I ewrk    : (REDACTED) HDM. Ignoring irrelevant audio permission changes for package %s
09-07 19:57:16.009  8145 13528 I ewrk    : (REDACTED) HDM. appOpsListener %s %s
09-07 19:57:16.009  8145 13528 I ewrk    : (REDACTED) HDM. Ignoring irrelevant audio permission changes for package %s
09-07 19:57:16.018 16771 16771 I TY_GnpSdk: [000:977][16771] Submitting Broadcast execution [257877998] to tiktok executor.
09-07 19:57:16.058 16771 16820 I TY_com.google.android.apps.tachyon.androidauto.MeetCarAppStartupListener: [001:017][16820] Car service is currently enabled.
09-07 19:57:16.101 16016 16107 W HWUI    : Image decoding logging dropped!
09-07 19:57:16.132 16807 16807 I ProviderInstaller: Installed default security provider AndroidOpenSSL (via CompatProvider)
09-07 19:57:16.138 16016 16016 E Finsky  : [2] ComposeVisualElement Error: veType=4153, CVE is already linked to the same parent
09-07 19:57:16.156 16016 16106 W HWUI    : Image decoding logging dropped!
09-07 19:57:16.158 16904 16904 I .apps.wellbeing: Using generational CollectorTypeCC GC.
09-07 19:57:16.173 16016 16111 W HWUI    : Image decoding logging dropped!
09-07 19:57:16.182 16016 16052 I Finsky  : [133] com.dts.freefiremax: Account determined from installer data - [VCChLCNQEUMLWHchUp9bbEOcSXMQGQc-f5LqxIgMpQY]
09-07 19:57:16.199 16016 16055 I Finsky  : [136] Billing preferred account via installer for com.dts.freefiremax: [VCChLCNQEUMLWHchUp9bbEOcSXMQGQc-f5LqxIgMpQY]
09-07 19:57:16.227 16904 16904 E .apps.wellbeing: BBinder_init Processname  com.google.android.apps.wellbeing  
09-07 19:57:16.227 16904 16904 E .apps.wellbeing: BBinder_init hasGetProcessName  com.google.android.apps.wellbeing
09-07 19:57:16.254 16807 16928 I Watchcat: Started
09-07 19:57:16.287 16807 16928 I GMS_MM_Logger: (REDACTED) Start time: %s
09-07 19:57:16.299 16807 16928 I GMS_MM_Logger: Started.
09-07 19:57:16.325 14328 15001 I LocationHistory: [GetLocationHistorySettingsOperation] Running GetLocationHistorySettingsOperation [CONTEXT service_id=314 ]
09-07 19:57:16.345 16016 16016 W AccessibilityDelegate: Drawing order is not available, was AccessibilityNodeInfo requested for a child node before its parent?
09-07 19:57:16.346 16016 16016 W AccessibilityDelegate: Drawing order is not available, was AccessibilityNodeInfo requested for a child node before its parent?
09-07 19:57:16.267 16771 16888 I TY_GnpSdk: [001:226][16888] Executing action in BroadcastReceiver [android.accounts.LOGIN_ACCOUNTS_CHANGED].
09-07 19:57:16.486  3867  5811 W WearableService: onGetService: Wear is not available on this device. Calling package: com.google.android.apps.maps
09-07 19:57:16.490 16016 16112 I android.vending: Explicit concurrent copying GC freed 14MB AllocSpace bytes, 9(384KB) LOS objects, 32% free, 49MB/73MB, paused 12.198ms,233us total 1.831s
09-07 19:57:16.490 16016 16022 I android.vending: WaitForGcToComplete blocked Background on Explicit for 1.728s
09-07 19:57:16.491 16016 16216 I android.vending: Waiting for a blocking GC Explicit
09-07 19:57:16.545 16904 16904 W .apps.wellbeing: Failed to find entry 'classes.dex': Entry not found
09-07 19:57:16.580 16016 16060 I HWUI    : [destroy] CanvasContext will be destroyed.
09-07 19:57:16.587 16016 16060 I HWUI    : [destroy] CanvasContext will be destroyed.
09-07 19:57:16.590 16438 16521 I libEGL  : skip_priority_level=0, isWorkaroundEnable=1
09-07 19:57:16.627 16904 16904 I .apps.wellbeing: AssetManager2(0xb400007395e23f38) locale list changing from [] to [en-IN]
09-07 19:57:16.669 16771 16888 I TY_GnpSdk: [001:628][16888] Executing async action [android.accounts.LOGIN_ACCOUNTS_CHANGED] in Coroutine Scope.
09-07 19:57:16.702 16438 16532 I droid.apps.maps: AssetManager2(0xb400007395e219b8) locale list changing from [] to [en-IN]
09-07 19:57:16.725 16438 16532 I droid.apps.maps: AssetManager2(0xb400007395e27a98) locale list changing from [] to [en-IN]
09-07 19:57:16.794 16904 16904 I oaq     : SslGuard completed installation.
09-07 19:57:16.916 10013 10013 I cr_SUCFiltersObserver: setting=browser_content_filters_enabled discarding false
09-07 19:57:16.916 10013 10013 I cr_SUCFiltersObserver: setting=search_content_filters_enabled discarding false
09-07 19:57:16.937  8145 13528 I ewrk    : (REDACTED) HDM. appOpsListener %s %s
09-07 19:57:16.938  8145 13528 I ewrk    : (REDACTED) HDM. Ignoring irrelevant audio permission changes for package %s
09-07 19:57:16.983  9706  9706 I cgno    : onPause
09-07 19:57:16.996  9706  9706 I cgfa    : onPause
09-07 19:57:16.996  9706  9706 W dytk    : measuring already stopped.
09-07 19:57:17.029 10013 10013 I cr_OfflineDetector: Running updateState mConnectivityDetectorInitialized: true, mTimeWhenLastForegrounded: 26043457, getElapsedTime: 26043457, mTimeWhenLastOfflineNotificationReceived: 0, mTimeWhenLastOnline: 25475684, mTimeWhenAirplaneModeToggledOff: 0 mApplicationState: 1, mIsOfflineLastReportedByConnectivityDetector: false, mInAirplaneMode: false mIsEffectivelyOffline: false
09-07 19:57:17.029 10013 10013 I cr_OfflineDetector: updateState(): timeSinceLastForeground: 0, timeSinceOfflineNotificationReceived: 26043457, timeSinceLastOnline: 567773, timeNeededForForeground: 2000, timeNeededForOffline: -26041457 timeSinceAirplaneModeToggledOff: 26043457 timeNeededAfterConnectionChangeFromOnlineToOffline: -557773 timeNeededAfterConnectionChangeFromAirplaneToOffline: 0
09-07 19:57:17.107 16970 16970 I ndroid.calendar: Using generational CollectorTypeCC GC.
09-07 19:57:17.109 10013 10013 W JobInfo : Job 'com.android.chrome/org.chromium.components.background_task_scheduler.internal.BackgroundTaskJobService#112' has a deadline with no functional constraints. The deadline won't improve job execution latency. Consider removing the deadline.
09-07 19:57:17.115 10013 10013 W cr_ActivityDispatcher: CustomTabsIntent#shouldAlwaysUseBrowserUI() = false
09-07 19:57:17.156 16970 16970 E ndroid.calendar: BBinder_init Processname  com.google.android.calendar  
09-07 19:57:17.156 16970 16970 E ndroid.calendar: BBinder_init hasGetProcessName  com.google.android.calendar
09-07 19:57:17.295 10013 10013 I cr_A11yState: Enabled accessibility services list updated. [com.sand.airdroidkids/.services.AccessibilityLimitService]
09-07 19:57:17.296 10013 10013 I cr_A11yState: Informing listeners of changes.
09-07 19:57:17.296 10013 10092 W cr_PartnerCustomize: Partner homepage must be HTTP(S) or NewTabPage. Got invalid URL ""
09-07 19:57:17.296 10013 10013 I cr_A11yState: New AccessibilityState: State{isComplexUserInteractionServiceEnabled=true, isTouchExplorationEnabled=false, isPerformGesturesEnabled=true, isAnyAccessibilityServiceEnabled=true, isAccessibilityToolPresent=false, isTextShowPasswordEnabled=true, isOnlyAutofillRunning=false, isOnlyPasswordManagersEnabled=false, isKnownScreenReaderEnabled=false}
09-07 19:57:17.329 10013 10013 I cr_InactivityTracker: Last background time read from the SharedPreference is:1788791218698.
09-07 19:57:17.335 10013 10013 I cr_ChromeActivity: onResumeWithNative: exiting picture in picture if needed
09-07 19:57:17.335 10013 10013 I cr_VideoPersist: Dismiss activity with reason 0
09-07 19:57:17.344 16807 16816 I TracingHelper: (REDACTED) Mismatched RequestContext found for module %s. Module id from RequestContext is %s
09-07 19:57:17.353 10013 10013 I cr_InactivityTracker: Last visible time read from the SharedPreference is:1788791210690.
09-07 19:57:17.388 10013 10013 I Choreographer: Skipped 67 frames!  The application may be doing too much work on its main thread.
09-07 19:57:17.411 10013 10013 I cr_CompositorSurfaceMgr: surfaceCreated format: 0
09-07 19:57:17.446 16970 16970 W ndroid.calendar: Failed to find entry 'classes.dex': Entry not found
09-07 19:57:17.450 16970 16970 W ndroid.calendar: Failed to find entry 'classes.dex': Entry not found
09-07 19:57:17.454 16970 16970 W ndroid.calendar: Failed to find entry 'classes.dex': Entry not found
09-07 19:57:17.479 16970 16970 I ndroid.calendar: AssetManager2(0xb400007395e27138) locale list changing from [] to [en-IN]
09-07 19:57:17.734  8005  8005 I SubtypeOperator: SubtypeOperator$1.onUnbindInput():43 
09-07 19:57:17.736  8005  8005 I SubtypeOperator: SubtypeOperator$1.onBindInput():33 
09-07 19:57:17.740  8005  8005 I GoogleInputMethodService: GoogleInputMethodService.onFinishInput():2361 
09-07 19:57:17.741  8005  8005 I GoogleInputMethodService: GoogleInputMethodService.onStartInput():1532 onStartInput(EditorInfo{EditorInfo{packageName=com.android.chrome, inputType=0, inputTypeString=NULL, enableLearning=false, autoCorrection=false, autoComplete=false, imeOptions=12000000, privateImeOptions=null, actionName=UNSPECIFIED, actionLabel=null, initialSelStart=-1, initialSelEnd=-1, initialCapsMode=0, label=null, fieldId=0, fieldName=null, extras=null, hintText=null, hintLocales=[]}}, false)
09-07 19:57:17.741  8005  8005 I LatinIMEBase: LatinIMEBase.updateInputViewCoverNavigation():316 Update input view padding, isNavbarOverInputWindow=true, bottom inset=132
09-07 19:57:17.747  8005 14633 I Module  : DeviceLockedStatusModuleProvider$Module.updateDeviceLockedStatusInternal():119 repeatCheckTimes = 0, locked = false
09-07 19:57:17.747  8005 14633 I Module  : DeviceLockedStatusModuleProvider$Module.updateDeviceLockedStatusInternal():119 repeatCheckTimes = 1, locked = false
09-07 19:57:17.756 14328 14970 I SyncManager: (REDACTED) Executing sync(type=%s%s)
09-07 19:57:17.769 16016 16060 I HWUI    : [setStopped] CanvasContext will be destroyed.
09-07 19:57:17.776  9706 10981 I HWUI    : [destroy] CanvasContext will be destroyed.
09-07 19:57:17.777 14328 14970 I SyncManager: (REDACTED) Executing sync(type=%s) finished in %s
09-07 19:57:17.804 14328 14970 I SyncManager: (REDACTED) Executing sync(type=%s%s)
09-07 19:57:17.810 14328 14970 I SyncManager: (REDACTED) Executing sync(type=%s) finished in %s
09-07 19:57:17.812 14328 14970 I SyncManager: (REDACTED) Executing sync(type=%s%s)
09-07 19:57:17.817 14328 14970 I SyncManager: (REDACTED) Executing sync(type=%s) finished in %s
09-07 19:57:17.870  9706  9706 I cgno    : onStop
09-07 19:57:17.873 14328 16746 I Checkin : [CheckinApiChimeraService] onGetService
09-07 19:57:17.925 16771 16771 I TY_com.google.apps.tiktok.account.data.device.DeviceAccountsChangedReceiver: [002:885][16771] DeviceAccountsChangedReceiver#onReceive
09-07 19:57:17.926  9706  9706 I cgfa    : onStop
09-07 19:57:17.936 16807 16816 W libc    : Access denied finding property "persist.adb.tls_server.enable"
09-07 19:57:17.936 16807 16816 W libc    : Access denied finding property "service.adb.tls.port"
09-07 19:57:17.943 16016 16016 I Choreographer: Skipped 121 frames!  The application may be doing too much work on its main thread.
09-07 19:57:17.958  3867  5811 W WearableService: onGetService: Wear is not available on this device. Calling package: com.google.android.calendar
09-07 19:57:17.962  3867  5811 I FacsCacheGmsModule: (REDACTED) Receiving API connection to FACS API from package '%s'...
09-07 19:57:17.966 16016 16060 I HWUI    : [destroy] CanvasContext will be destroyed.
09-07 19:57:17.971 16676 16676 I Safetyhub.DefaultProcessValidator: Validating WorkManager process
09-07 19:57:17.987  3867  5811 I FacsCacheGmsModule: API connection successful!
09-07 19:57:17.993 14328 15169 I FacsCacheGmsModule: Receiving API connection to internal FACS API...
09-07 19:57:18.023 14328 15169 I FacsCacheGmsModule: API connection successful!
09-07 19:57:18.026  3867  3906 I FacsCacheGmsModule: (REDACTED) Received 'getActivityControlsSettings' request from package '%s', instance id '%s', version '%d'...
09-07 19:57:18.026  3867  3906 I FacsCacheGmsModule: Operation 'getActivityControlsSettings' dispatched!
09-07 19:57:18.026  3867 15145 I FacsCacheGmsModule: (REDACTED) Executing operation '%s'...
09-07 19:57:18.034 16016 16016 I Finsky  : [2] Memory trim requested to level 20
09-07 19:57:18.035 16676 16772 I Safetyhub.DefaultProcessValidator: Processes: NONE, true, com.google.android.apps.safetyhub, com.google.android.apps.safetyhub
09-07 19:57:18.036 16016 16016 I Finsky  : [2] Flushing in-memory image cache
09-07 19:57:18.037  3867 15145 I FacsCacheGmsModule: (REDACTED) Operation '%s' successful!
09-07 19:57:18.043  3867 16905 I NearbyMediums: No BLE Fast/GATT advertisements found in the latest cycle.
09-07 19:57:18.047  3867 16905 I NearbyMediums: Current Tracked Scanning Clients are : {NearbyConnections.EnvironmentMonitor, NearbySharing, NearbyConnections.TxAdvertisement}
09-07 19:57:18.053 16970 17039 I SqliteTransaction: Started new WRITEABLE transaction writetx1 [SqliteDatabase.onStart]
09-07 19:57:18.057 16438 16673 W JobInfo : Requested important-while-foreground flag for job4335 is ignored and takes no effect
09-07 19:57:18.059 16676 16676 I Safetyhub.DeviceAccountsChangedReceiver: DeviceAccountsChangedReceiver#onReceive
09-07 19:57:18.066 16676 16773 I Safetyhub.InvalidateAndScheduleSync: InvalidateAndScheduleSync start
09-07 19:57:18.067 16676 16773 I Safetyhub.InvalidateAndScheduleSync: InvalidateAndScheduleSync before invalidate
09-07 19:57:18.120 16970 17054 W ComponentDiscovery: Class com.google.firebase.installations.FirebaseInstallationsKtxRegistrar is not an found.
09-07 19:57:18.127 14328 14358 I Blockstore: [BlockstoreImpl] Notification API called. Skipping updateAccessPerSnapshotIfEligible. [CONTEXT service_id=258 ]
09-07 19:57:18.127 16970 17040 I cal.aqod: Obtained writable database SQLiteDatabase/204719286 instance with path /data/user/0/com.google.android.calendar/databases/cal_v2a
09-07 19:57:18.145 16970 17063 W AndroidLoggerBackend: AndroidLoggerBackend configured with enableAndroidLogger:false; no logs will be emitted.
09-07 19:57:18.147 16970 17039 I c.aqmj  : The schema version is 24, the database version is 24, and there are 0 migrations
09-07 19:57:18.158 16771 16952 I TY_com.google.android.gms.auth.aang.migration.MigrationUtils: [003:117][16952] Using GoogleAuthClient for getToken for 1p app: com.google.android.apps.tachyon [CONTEXT service_id=343 ]
09-07 19:57:18.162  3867  4458 W WearableService: onGetService: Wear is not available on this device. Calling package: com.google.android.apps.maps
09-07 19:57:18.162 16771 17011 I TY_com.google.android.gms.auth.aang.migration.MigrationUtils: [003:122][17011] Using GoogleAuthClient for getToken for 1p app: com.google.android.apps.tachyon [CONTEXT service_id=343 ]
09-07 19:57:18.178 16771 17047 I TY_com.google.android.gms.auth.aang.migration.MigrationUtils: [003:137][17047] Using GoogleAuthClient for getToken for 1p app: com.google.android.apps.tachyon [CONTEXT service_id=343 ]
09-07 19:57:18.184 16771 16823 I TY_com.google.android.gms.auth.aang.migration.MigrationUtils: [003:143][16823] Using GoogleAuthClient for getToken for 1p app: com.google.android.apps.tachyon [CONTEXT service_id=343 ]
09-07 19:57:18.187 16771 17048 I TY_com.google.android.gms.auth.aang.migration.MigrationUtils: [003:146][17048] Using GoogleAuthClient for getToken for 1p app: com.google.android.apps.tachyon [CONTEXT service_id=343 ]
09-07 19:57:18.188 16771 16824 I id.apps.tachyon: AssetManager2(0xb400007395e21ff8) locale list changing from [] to [en-IN]
09-07 19:57:18.195 16771 16824 I id.apps.tachyon: AssetManager2(0xb400007395e238f8) locale list changing from [] to [en-IN]
09-07 19:57:18.218 16771 17052 I TY_com.google.android.gms.auth.aang.migration.MigrationUtils: [003:177][17052] Using GoogleAuthClient for getToken for 1p app: com.google.android.apps.tachyon [CONTEXT service_id=343 ]
09-07 19:57:18.254 17105 17105 I ogle.android.gm: Using generational CollectorTypeCC GC.
09-07 19:57:18.262 17105 17105 E ogle.android.gm: BBinder_init Processname  com.google.android.gm  
09-07 19:57:18.262 17105 17105 E ogle.android.gm: BBinder_init hasGetProcessName  com.google.android.gm
09-07 19:57:18.327 16676 16773 I Safetyhub.InvalidateAndScheduleSync: InvalidateAndScheduleSync after invalidate
09-07 19:57:18.330 16676 16773 I Safetyhub.InvalidateAndScheduleSync: InvalidateAndScheduleSync after notifyLocalStateChange
09-07 19:57:18.351 17105 17105 W ogle.android.gm: Failed to find entry 'classes.dex': Entry not found
09-07 19:57:18.354 17105 17105 W ogle.android.gm: Failed to find entry 'classes.dex': Entry not found
09-07 19:57:18.356 17105 17105 W ogle.android.gm: Failed to find entry 'classes.dex': Entry not found
09-07 19:57:18.377 17105 17105 I ogle.android.gm: AssetManager2(0xb400007395e27138) locale list changing from [] to [en-IN]
09-07 19:57:18.457 17105 17105 W AndroidLoggerBackend: AndroidLoggerBackend configured with enableAndroidLogger:false; no logs will be emitted.
09-07 19:57:18.467  3867 16905 I GetConfigSnapshotOp: (REDACTED) Succeeded but not registered: %s
09-07 19:57:18.555 14328 16746 I MdiSyncModule: (REDACTED) Receiving API connection from package '%s'...
09-07 19:57:18.556 14328 16746 I MdiSyncModule: API connection successful!
09-07 19:57:18.578 14328 16746 I MdiSyncModule: (REDACTED) Receiving API connection from package '%s'...
09-07 19:57:18.579 14328 16746 I MdiSyncModule: API connection successful!
09-07 19:57:18.587 14328 16746 I MdiSyncModule: (REDACTED) Receiving API connection from package '%s'...
09-07 19:57:18.588 14328 16746 I MdiSyncModule: API connection successful!
09-07 19:57:18.591 14328 16746 I MdiSyncModule: (REDACTED) Receiving API connection from package '%s'...
09-07 19:57:18.593 14328 16746 I MdiSyncModule: API connection successful!
09-07 19:57:18.594 17105 17105 W psr     : MailAppProvider: updating account cache with accounts: true
09-07 19:57:18.594 17105 17105 W psr     : MailAppProvider: updating account cache with accounts: true
09-07 19:57:18.594 17105 17105 W psr     : MailAppProvider: updating account cache with accounts: true
09-07 19:57:18.594 17105 17105 W psr     : MailAppProvider: updating account cache with accounts: true
09-07 19:57:18.594 17105 17105 W psr     : MailAppProvider: updating account cache with accounts: true
09-07 19:57:18.594 17105 17105 W psr     : MailAppProvider: updating account cache with accounts: true
09-07 19:57:18.595 14328 16746 I MdiSyncModule: (REDACTED) Receiving API connection from package '%s'...
09-07 19:57:18.596 14328 16746 I MdiSyncModule: API connection successful!
09-07 19:57:18.598 14328 16746 I MdiSyncModule: (REDACTED) Receiving API connection from package '%s'...
09-07 19:57:18.598 14328 16746 I MdiSyncModule: API connection successful!
09-07 19:57:18.628  3867  4328 I Auth    : (REDACTED) [GetTokenResponse] Decryption key=%s success, service=%s
09-07 19:57:18.668 14328 15169 I MdiSyncModule: (REDACTED) Receiving API connection from package '%s'...
09-07 19:57:18.672 14328 15169 I MdiSyncModule: API connection successful!
09-07 19:57:18.693  3867 16534 I SemanticLocation: (REDACTED) %s - no background location permission
09-07 19:57:18.722 16016 16095 I cn_CronetUrlRequestContext: destroyNativeStreamLocked android.net.http.internal.org.chromium.net.impl.CronetBidirectionalStream@aa837d1
09-07 19:57:18.732 17164 17164 I android.youtube: Using generational CollectorTypeCC GC.
09-07 19:57:18.739 17164 17164 E android.youtube: BBinder_init Processname  com.google.android.youtube  
09-07 19:57:18.739 17164 17164 E android.youtube: BBinder_init hasGetProcessName  com.google.android.youtube
09-07 19:57:18.774  3867  4458 W WearableService: onGetService: Wear is not available on this device. Calling package: com.google.android.apps.maps
09-07 19:57:18.779 14328 16746 D SQLiteQueryBuilder: SELECT value FROM partner WHERE ((name=?))
09-07 19:57:18.821 17164 17164 W android.youtube: Failed to find entry 'classes.dex': Entry not found
09-07 19:57:18.823 17164 17164 W android.youtube: Failed to find entry 'classes.dex': Entry not found
09-07 19:57:18.826 17164 17164 W android.youtube: Failed to find entry 'classes.dex': Entry not found
09-07 19:57:18.844 17164 17164 I android.youtube: AssetManager2(0xb400007395e23f38) locale list changing from [] to [en-IN]
09-07 19:57:18.853 16438 17165 W crtp    : Failed to create JWT helper. This is unexpected
09-07 19:57:18.853 16438 17165 W crtp    : java.lang.NoSuchMethodException: bwhi.getScopes []
09-07 19:57:18.853 16438 17165 W crtp    : 	at java.lang.Class.getMethod(Class.java:2942)
09-07 19:57:18.853 16438 17165 W crtp    : 	at java.lang.Class.getMethod(Class.java:2442)
09-07 19:57:18.853 16438 17165 W crtp    : 	at crtn.<init>(PG:15)
09-07 19:57:18.853 16438 17165 W crtp    : 	at crtp.<clinit>(PG:27)
09-07 19:57:18.853 16438 17165 W crtp    : 	at ayge.b(PG:37)
09-07 19:57:18.853 16438 17165 W crtp    : 	at ayfy.a(PG:354)
09-07 19:57:18.853 16438 17165 W crtp    : 	at ayew.a(PG:540)
09-07 19:57:18.853 16438 17165 W crtp    : 	at bvzt.a(PG:17)
09-07 19:57:18.853 16438 17165 W crtp    : 	at bznm.c(PG:3)
09-07 19:57:18.853 16438 17165 W crtp    : 	at bzno.run(PG:47)
09-07 19:57:18.853 16438 17165 W crtp    : 	at java.util.concurrent.Executors$RunnableAdapter.call(Executors.java:520)
09-07 19:57:18.853 16438 17165 W crtp    : 	at bvzu.call(PG:17)
09-07 19:57:18.853 16438 17165 W crtp    : 	at axto.run(PG:16)
09-07 19:57:18.853 16438 17165 W crtp    : 	at java.util.concurrent.ThreadPoolExecutor.runWorker(ThreadPoolExecutor.java:1100)
09-07 19:57:18.853 16438 17165 W crtp    : 	at java.util.concurrent.ThreadPoolExecutor$Worker.run(ThreadPoolExecutor.java:624)
09-07 19:57:18.853 16438 17165 W crtp    : 	at avpv.run(PG:819)
09-07 19:57:18.853 16438 17165 W crtp    : 	at java.lang.Thread.run(Thread.java:1572)
09-07 19:57:18.896 16676 16797 I Safetyhub.GnpSdk: Finished executing async action [android.accounts.LOGIN_ACCOUNTS_CHANGED] in Coroutine Scope.
09-07 19:57:18.900 16016 16112 I android.vending: Explicit concurrent copying GC freed 13MB AllocSpace bytes, 26(1272KB) LOS objects, 39% free, 36MB/60MB, paused 266us,713us total 2.410s
09-07 19:57:18.901 16016 16216 I android.vending: WaitForGcToComplete blocked Explicit on Explicit for 4.173s
09-07 19:57:18.906 16676 16797 I Safetyhub.GnpSdk: Finished Broadcast execution [204719286].
09-07 19:57:18.910 16598 16993 I GoogleRestoreGmsAccounts: GMSCore Auth returned 6 accounts.
09-07 19:57:18.911 16598 16993 I GoogleRestoreGmsAccounts: GoogleOwnersProvider returned 6 accounts.
09-07 19:57:18.928  3867  4328 I Auth    : (REDACTED) [GetTokenResponse] Decryption key=%s success, service=%s
09-07 19:57:18.942 16676 16773 I Safetyhub.InvalidateAndScheduleSync: InvalidateAndScheduleSync after work scheduled
09-07 19:57:19.007  3867  4305 I GoogleSignatureVerifier: package info is not set correctly
09-07 19:57:19.047 17164 17212 W YT      : Fetching the Gservices key 'device_country' before the end of the bulk initialization
09-07 19:57:19.075  8145 13528 I ewrk    : (REDACTED) HDM. appOpsListener %s %s
09-07 19:57:19.075  8145 13528 I ewrk    : (REDACTED) HDM. Ignoring irrelevant audio permission changes for package %s
09-07 19:57:19.089 17164 17164 W JobInfo : Job 'com.google.android.youtube/com.google.android.libraries.youtube.account.service.AccountsChangedJobIntentService#1000' has a deadline with no functional constraints. The deadline won't improve job execution latency. Consider removing the deadline.
09-07 19:57:19.099 17226 17226 I facebook.katana: Using generational CollectorTypeCC GC.
09-07 19:57:19.113 17226 17226 E facebook.katana: BBinder_init Processname  com.facebook.katana  
09-07 19:57:19.113 17226 17226 E facebook.katana: BBinder_init hasGetProcessName  com.facebook.katana
09-07 19:57:19.178  3867 16534 I SemanticLocation: (REDACTED) %s - no background location permission
09-07 19:57:19.190 16016 16051 I Finsky  : [132] Initializing the instant apps module.
09-07 19:57:19.194 17226 17226 W facebook.katana: Failed to find entry 'classes.dex': Entry not found
09-07 19:57:19.195 17226 17226 W facebook.katana: Failed to find entry 'classes.dex': Entry not found
09-07 19:57:19.198 17226 17226 W facebook.katana: Failed to find entry 'classes.dex': Entry not found
09-07 19:57:19.201 17226 17226 W facebook.katana: Failed to find entry 'classes.dex': Entry not found
09-07 19:57:19.204 17226 17226 W facebook.katana: Failed to find entry 'classes.dex': Entry not found
09-07 19:57:19.205 17226 17226 W facebook.katana: Failed to find entry 'classes.dex': Entry not found
09-07 19:57:19.207 17226 17226 W facebook.katana: Failed to find entry 'classes.dex': Entry not found
09-07 19:57:19.238 17226 17226 W ReflectionClassLoader:  Successfully install ReflectionClassLoader as parent!
09-07 19:57:19.251 17226 17226 I facebook.katana: AssetManager2(0xb400007395e27138) locale list changing from [] to [en-IN]
09-07 19:57:19.271 17226 17226 W AppComponentFactory: Instantiating Application
09-07 19:57:19.272 17226 17226 W InitStatus: Providers blocked (156286775)
09-07 19:57:19.272 17226 17226 W InitStatus: Services blocked (221142180)
09-07 19:57:19.272 17226 17226 W InitStatus: BroadcastReceivers blocked (131045901)
09-07 19:57:19.280 14328 15169 I MdiSyncModule: (REDACTED) Receiving API connection from package '%s'...
09-07 19:57:19.281 14328 15169 I MdiSyncModule: API connection successful!
09-07 19:57:19.283 14328 15169 I MdiSyncModule: (REDACTED) Receiving API connection from package '%s'...
09-07 19:57:19.283 14328 15169 I MdiSyncModule: API connection successful!
09-07 19:57:19.288 17226 17226 W CrashLoopRemedyLog: unable to delete remedy log, instaCrash: false
09-07 19:57:19.288 17226 17226 W CrashLoopRemedyLog: unable to delete remedy log, instaCrash: true
09-07 19:57:19.288 16771 17066 W id.apps.tachyon: Monitor::Inflate: Install failed 0x2fc6b38
09-07 19:57:19.290 17226 17260 W AppInitScheduler|Schedule: Schedule 407:ReliabilityInitConfigureErrorReportingOnProcess, deps=null (0 pending tasks, PriorityHint=VERY_HIGH, isCritical=true)
09-07 19:57:19.290 17226 17260 W AppInitScheduler|Schedule:   Executing 407:ReliabilityInitConfigureErrorReportingOnProcess
09-07 19:57:19.290 17226 17260 W AppInitScheduler|Schedule: Schedule 226:InitSharedLibraries, deps=null (1 pending tasks, PriorityHint=NORMAL, isCritical=true)
09-07 19:57:19.290 17226 17260 W AppInitScheduler|Schedule:   Executing 226:InitSharedLibraries
09-07 19:57:19.291 17226 17260 W AppInitScheduler|Schedule: Schedule 242:LoadLibDexLoad, deps=[226, 407] (2 pending tasks, PriorityHint=NORMAL, isCritical=true)
09-07 19:57:19.291 17226 17260 W AppInitScheduler|Schedule: Schedule 424:SetupFbGlog, deps=[242] (3 pending tasks, PriorityHint=NORMAL, isCritical=true)
09-07 19:57:19.291 17226 17260 W AppInitScheduler|Schedule: Schedule 125:DisableRuntimeVerification, deps=[424] (4 pending tasks, PriorityHint=NORMAL, isCritical=true)
09-07 19:57:19.291 17226 17260 W AppInitScheduler|Schedule: Schedule 176:GeneratePerfStats, deps=[226] (5 pending tasks, PriorityHint=NORMAL, isCritical=true)
09-07 19:57:19.291 17226 17260 W AppInitScheduler|Schedule: Schedule 209:InitLacrimaEarlyNative, deps=[125] (6 pending tasks, PriorityHint=NORMAL, isCritical=true)
09-07 19:57:19.291 17226 17260 W AppInitScheduler|Schedule: Schedule 240:LoadDexes, deps=[125] (7 pending tasks, PriorityHint=NORMAL, isCritical=true)
09-07 19:57:19.291 17226 17260 W AppInitScheduler|Schedule: Schedule 234:IsolatedLongtailAppInit, deps=[240] (8 pending tasks, PriorityHint=NORMAL, isCritical=true)
09-07 19:57:19.291 17226 17260 W AppInitScheduler|Schedule: Schedule 251:MaybeTraceColdStart, deps=[125] (9 pending tasks, PriorityHint=NORMAL, isCritical=true)
09-07 19:57:19.291 17226 17260 W AppInitScheduler|Schedule: Schedule 243:LoadVoltronModules, deps=[209, 234, 251] (10 pending tasks, PriorityHint=NORMAL, isCritical=true)
09-07 19:57:19.291 17226 17260 W AppInitScheduler|Schedule: Schedule 120:CreateApplicationImpl, deps=[176, 243] (11 pending tasks, PriorityHint=CRITICAL_PATH, isCritical=true)
09-07 19:57:19.291 17226 17260 W AppInitScheduler|Schedule: Schedule 233:InitUltralight, deps=[243] (12 pending tasks, PriorityHint=CRITICAL_PATH, isCritical=true)
09-07 19:57:19.291 17226 17260 W AppInitScheduler|Schedule: Schedule 411:RunOnApplicationInit, deps=[243] (13 pending tasks, PriorityHint=CRITICAL_PATH, isCritical=true)
09-07 19:57:19.291 17226 17260 W AppInitScheduler|Schedule: Schedule 0:AddMainDexStoreInfoToReliabilityLogging, deps=[240] (14 pending tasks, PriorityHint=NORMAL, isCritical=false)
09-07 19:57:19.291 17226 17260 W AppInitScheduler|Schedule: Schedule 154:Fadvise, deps=[424] (15 pending tasks, PriorityHint=NORMAL, isCritical=false)
09-07 19:57:19.291 17226 17260 W AppInitScheduler|Schedule: Schedule 197:InitClassTracing, deps=[424] (16 pending tasks, PriorityHint=NORMAL, isCritical=false)
09-07 19:57:19.291 17226 17260 W AppInitScheduler|Schedule: Schedule 198:InitCrashLoopMitigation, deps=[242] (17 pending tasks, PriorityHint=NORMAL, isCritical=false)
09-07 19:57:19.291 17226 17260 W AppInitScheduler|Schedule: Schedule 200:InitDeadResourceDetection, deps=[242] (18 pending tasks, PriorityHint=NORMAL, isCritical=false)
09-07 19:57:19.291 17226 17260 W AppInitScheduler|Schedule: Schedule 214:InitMemoryTracer, deps=[197] (19 pending tasks, PriorityHint=NORMAL, isCritical=false)
09-07 19:57:19.291 14328 15169 I MdiSyncModule: (REDACTED) Receiving API connection from package '%s'...
09-07 19:57:19.291 17226 17260 W AppInitScheduler|Schedule: Schedule 216:InitMultiProcessTracker, deps=null (20 pending tasks, PriorityHint=NORMAL, isCritical=false)
09-07 19:57:19.291 17226 17260 W AppInitScheduler|Schedule:   Executing 216:InitMultiProcessTracker
09-07 19:57:19.291 17226 17260 W AppInitScheduler|Schedule: Schedule 217:InitOxygenCrashReporter, deps=[226] (21 pending tasks, PriorityHint=NORMAL, isCritical=false)
09-07 19:57:19.291 17226 17260 W AppInitScheduler|Schedule: Schedule 241:LoadLibColdStart, deps=[209, 251] (22 pending tasks, PriorityHint=NORMAL, isCritical=true)
09-07 19:57:19.291 17226 17260 W AppInitScheduler|Schedule: Schedule 278:MprotectCode, deps=[240] (23 pending tasks, PriorityHint=NORMAL, isCritical=false)
09-07 19:57:19.291 17226 17260 W AppInitScheduler|Schedule: Schedule 381:PreloadStartupLightSharedPreferenceUsages, deps=null (24 pending tasks, PriorityHint=NORMAL, isCritical=false)
09-07 19:57:19.291 17226 17260 W AppInitScheduler|Schedule:   Executing 381:PreloadStartupLightSharedPreferenceUsages
09-07 19:57:19.291 17226 17260 W OnProcessInitInvoker: Ignored missing AppInit dependency: 164:FixArtDebugging
09-07 19:57:19.292 14328 15169 I MdiSyncModule: API connection successful!
09-07 19:57:19.292 17226 17261 W AppInitScheduler|Run: DeadlockMonitor active...
09-07 19:57:19.293 17226 17264 W AppInitScheduler|Run: Running InitMultiProcessTracker, order=20, priorityHint=NORMAL 
09-07 19:57:19.294 17226 17264 W AppInitScheduler|Run:   Finished InitMultiProcessTracker in 1ms
09-07 19:57:19.294 17226 17263 W AppInitScheduler|Run: Running InitSharedLibraries [*], order=1, priorityHint=NORMAL 
09-07 19:57:19.294 17226 17262 W AppInitScheduler|Run: Running ReliabilityInitConfigureErrorReportingOnProcess [*], order=0, priorityHint=VERY_HIGH 
09-07 19:57:19.295 17226 17262 W lacrima : FbErrorReportingConfig.earlyInit
09-07 19:57:19.295 17226 17265 W AppInitScheduler|Run: Running PreloadStartupLightSharedPreferenceUsages, order=24, priorityHint=NORMAL 
09-07 19:57:19.296 17226 17263 W SoLoader: Initializing SoLoader: 2
09-07 19:57:19.299 17226 17266 W FileBasedMultiProcessTracker: <default>: Initializing FileBasedMultiProcessTracking using /data/user/0/com.facebook.katana/app_multiprocess_tracking
09-07 19:57:19.299 17226 17266 W FileBasedMultiProcessTracker: <default>: Creating file to track 17226
09-07 19:57:19.300 17226 17266 W FileBasedMultiProcessTracker: <default>: FileBasedMultiProcessTracker ready!
09-07 19:57:19.303 17226 17262 W lacrima : LacrimaConfigBuilder.setUserIdActorId not called, using 0
09-07 19:57:19.303 17226 17262 W lacrima : LacrimaConfigBuilder.setUserIdActingAccountId not called, using 0
09-07 19:57:19.304 17226 17265 W AppInitScheduler|Run:   Finished PreloadStartupLightSharedPreferenceUsages in 8ms
09-07 19:57:19.305 17226 17268 W FileBasedMultiProcessTracker: <default>: Observed removed PID: 12261
09-07 19:57:19.324 17226 17272 W InitStatus: Blocking Provider (156286775)
09-07 19:57:19.337 17226 17226 W AppComponentFactory: Instantiating BroadcastReceiver
09-07 19:57:19.337 17226 17226 W AppInitBroadcast: Received broadcast during app init: android.accounts.LOGIN_ACCOUNTS_CHANGED
09-07 19:57:19.339 17226 17226 E SlowAppComponent: 0ms: FacebookApplication instantiating…
09-07 19:57:19.339 17226 17226 W BackgroundStartupDetector: coldStartMode=DEFINITELY_BACKGROUND
09-07 19:57:19.341 17226 17226 W BackgroundStartupDetector: bgMode=BACKGROUND reason=COLD_START_QUEUE_DRAINED_NO_ACTIVITY
09-07 19:57:19.341 17226 17226 E SlowAppComponent: 51ms: FirebaseInitCustomProvider instantiating…
09-07 19:57:19.341 17226 17226 E SlowAppComponent: 50ms: SecureMessagingKeyContentProvider instantiating…
09-07 19:57:19.341 17226 17226 E SlowAppComponent: 50ms: LastUsedTimestampProvider instantiating…
09-07 19:57:19.341 17226 17226 E SlowAppComponent: 50ms: AccessLibraryContentProvider instantiating…
09-07 19:57:19.342 17226 17226 E SlowAppComponent: 50ms: FirstPartyUserValuesLiteProvider instantiating…
09-07 19:57:19.344 17226 17226 E SlowAppComponent: 48ms: FbContactsContentProvider instantiating…
09-07 19:57:19.344 17226 17226 E SlowAppComponent: 47ms: FileProvider instantiating…
09-07 19:57:19.345 17226 17226 E SlowAppComponent: 47ms: FirstPartyUserValuesProvider instantiating…
09-07 19:57:19.346 17226 17226 E SlowAppComponent: 47ms: MessagesDbContentProvider instantiating…
09-07 19:57:19.347 17226 17226 E SlowAppComponent: 46ms: UsdidValuesProvider instantiating…
09-07 19:57:19.348 17226 17226 E SlowAppComponent: 45ms: InstallReferrerProvider instantiating…
09-07 19:57:19.348 17226 17226 E SlowAppComponent: 44ms: AppManagerSsoProvider instantiating…
09-07 19:57:19.349 17226 17226 E SlowAppComponent: 44ms: ThreadsDbPropertiesContentProvider instantiating…
09-07 19:57:19.350 17226 17226 E SlowAppComponent: 43ms: ClientMessagePushDedupInfoProvider instantiating…
09-07 19:57:19.350 17226 17226 E SlowAppComponent: 42ms: PlatformProviderBase instantiating…
09-07 19:57:19.352 17226 17226 E SlowAppComponent: 41ms: DeferredDeeplinkProvider instantiating…
09-07 19:57:19.353 17226 17226 E SlowAppComponent: 40ms: ContactsConnectionsProvider instantiating…
09-07 19:57:19.353 17226 17226 E SlowAppComponent: 39ms: FbTixuDeferredDeeplinkProvider instantiating…
09-07 19:57:19.355 17226 17226 E SlowAppComponent: 38ms: FeO2InAppContentProvider instantiating…
09-07 19:57:19.356 17226 17226 E SlowAppComponent: 37ms: UserValuesProvider instantiating…
09-07 19:57:19.357 17226 17226 E SlowAppComponent: 36ms: SecureFileProvider instantiating…
09-07 19:57:19.357 17226 17226 E SlowAppComponent: 37ms: InitializationProvider instantiating…
09-07 19:57:19.357  8910 11358 I WM-WorkerWrapper: Worker result SUCCESS for Work [ id=fabdcb69-42ed-42c0-873a-bfedcb148b24, tags={ com.whatsapp.infra.networking.xmpp.lifecycle.XmppLifecycleWorker } ]
09-07 19:57:19.358 17226 17226 E SlowAppComponent: 38ms: PhotosProvider instantiating…
09-07 19:57:19.360 17226 17226 E SlowAppComponent: 37ms: AttributionIdProvider instantiating…
09-07 19:57:19.364 17274 17274 I ndroid.apps.adm: Using generational CollectorTypeCC GC.
09-07 19:57:19.373 17274 17274 E ndroid.apps.adm: BBinder_init Processname  com.google.android.apps.adm  
09-07 19:57:19.374 17274 17274 E ndroid.apps.adm: BBinder_init hasGetProcessName  com.google.android.apps.adm
09-07 19:57:19.400 17226 17263 W BackupSoSource: adding backup source from split: ExtractFromZipSoSource[/data/app/~~ncdxrFdymLoQVyuMjCMqpA==/com.facebook.katana-QTTGOYbwx1KsVv6XfyD9rw==/split_heliumcore.apk]
09-07 19:57:19.400 17226 17226 E SlowAppComponent: 18ms: QuickExperimentContentProvider instantiating…
09-07 19:57:19.402 17226 17263 W BackupSoSource: adding backup source from split: ExtractFromZipSoSource[/data/app/~~ncdxrFdymLoQVyuMjCMqpA==/com.facebook.katana-QTTGOYbwx1KsVv6XfyD9rw==/split_heliumiab.apk]
09-07 19:57:19.404 17226 17226 E SlowAppComponent: -8ms: TamAttachmentProvider instantiating…
09-07 19:57:19.406 17226 17226 E SlowAppComponent: -11ms: CacheProvider instantiating…
09-07 19:57:19.408 17226 17226 E SlowAppComponent: -3ms: AppInitReplayBroadcastReceiver instantiating…
09-07 19:57:19.409 17226 17263 W SoLoader: SoLoader initialized: 2
09-07 19:57:19.409 17226 17263 W FbSoLoader: Setting up native deps, useAssetManager=false
09-07 19:57:19.413 17226 17226 E SlowAppComponent: Main thread was blocked for 69ms in the foreground starting with FacebookApplication
09-07 19:57:19.426 17226 17262 W MemProcWatermarkReader: [AI] Failed to open zoneinfo file
09-07 19:57:19.429 17226 17262 W lacrima : Start JavaAppDeathCrashDetector... X.0vh
09-07 19:57:19.433 17226 17262 W lacrima : Sending pending reports
09-07 19:57:19.435 17226 17262 W AppInitScheduler|Run:   Finished ReliabilityInitConfigureErrorReportingOnProcess in 142ms
09-07 19:57:19.441 17226 17263 W FbSoLoader: Will use precomputed native lib dependencies file
09-07 19:57:19.443 17274 17274 W ndroid.apps.adm: Failed to find entry 'classes.dex': Entry not found
09-07 19:57:19.446 17274 17274 W ndroid.apps.adm: Failed to find entry 'classes.dex': Entry not found
09-07 19:57:19.450 17226 17263 W SoLoader: Prepending SoSource lib-compressed: SuperpackSoSource[root = /data/data/com.facebook.katana/lib-compressed flags = 1 split = dynamic split:base compressedPath = assets/lib/libs.spo identity = base]
09-07 19:57:19.454 17226 17263 W FbSoLoader: Initialized FBSoLoader
09-07 19:57:19.455 17226 17263 W AppInitScheduler|Run:   Finished InitSharedLibraries in 162ms
09-07 19:57:19.455 17226 17263 W AppInitScheduler|Schedule:   Executing 242:LoadLibDexLoad
09-07 19:57:19.455 17274 17274 W ndroid.apps.adm: Failed to find entry 'classes.dex': Entry not found
09-07 19:57:19.455 17226 17263 W AppInitScheduler|Schedule:   Executing 176:GeneratePerfStats
09-07 19:57:19.455 17226 17263 W AppInitScheduler|Schedule:   Executing 217:InitOxygenCrashReporter
09-07 19:57:19.458 17226 17290 W AppInitScheduler|Run: Running LoadLibDexLoad [*], order=2, priorityHint=NORMAL 
09-07 19:57:19.465 17226 17291 W AppInitScheduler|Run: Running GeneratePerfStats [*], order=5, priorityHint=NORMAL 
09-07 19:57:19.468 17226 17292 W AppInitScheduler|Run: Running InitOxygenCrashReporter, order=21, priorityHint=NORMAL 
09-07 19:57:19.468 17226 17292 W AppInitScheduler|Run:   Finished InitOxygenCrashReporter in 1ms
09-07 19:57:19.484 17274 17274 I ndroid.apps.adm: AssetManager2(0xb400007395e24258) locale list changing from [] to [en-IN]
09-07 19:57:19.490 17226 17290 W AppInitScheduler|Run:   Finished LoadLibDexLoad in 32ms
09-07 19:57:19.490 17226 17291 W AppInitScheduler|Run:   Finished GeneratePerfStats in 25ms
09-07 19:57:19.490 17226 17290 W AppInitScheduler|Schedule:   Executing 424:SetupFbGlog
09-07 19:57:19.490 17226 17290 W AppInitScheduler|Schedule:   Executing 198:InitCrashLoopMitigation
09-07 19:57:19.490 17226 17290 W AppInitScheduler|Schedule:   Executing 200:InitDeadResourceDetection
09-07 19:57:19.491 17226 17264 W AppInitScheduler|Run: Running InitDeadResourceDetection, order=18, priorityHint=NORMAL 
09-07 19:57:19.491 17226 17264 W AppInitScheduler|Run:   Finished InitDeadResourceDetection in 1ms
09-07 19:57:19.491 17226 17296 W AppInitScheduler|Run: Running SetupFbGlog [*], order=3, priorityHint=NORMAL 
09-07 19:57:19.492 17226 17296 W AppInitScheduler|Run:   Finished SetupFbGlog in 0ms
09-07 19:57:19.492 17226 17296 W AppInitScheduler|Schedule:   Executing 125:DisableRuntimeVerification
09-07 19:57:19.492 17226 17296 W AppInitScheduler|Schedule:   Executing 154:Fadvise
09-07 19:57:19.492 17226 17296 W AppInitScheduler|Schedule:   Executing 197:InitClassTracing
09-07 19:57:19.492 17226 17296 W AppInitScheduler|Run: Running DisableRuntimeVerification [*], order=4, priorityHint=NORMAL 
09-07 19:57:19.492 17226 17265 W AppInitScheduler|Run: Running Fadvise, order=15, priorityHint=NORMAL 
09-07 19:57:19.492 17226 17265 W AppInitScheduler|Run:   Finished Fadvise in 0ms
09-07 19:57:19.493 17226 17265 W AppInitScheduler|Run: Running InitClassTracing, order=16, priorityHint=NORMAL 
09-07 19:57:19.494 17226 17265 W AppInitScheduler|Run:   Finished InitClassTracing in 1ms
09-07 19:57:19.494 17226 17265 W AppInitScheduler|Schedule:   Executing 214:InitMemoryTracer
09-07 19:57:19.494 17226 17265 W AppInitScheduler|Run: Running InitMemoryTracer, order=19, priorityHint=NORMAL 
09-07 19:57:19.494 17226 17265 W AppInitScheduler|Run:   Finished InitMemoryTracer in 0ms
09-07 19:57:19.497 17226 17297 W AppInitScheduler|Run: Running InitCrashLoopMitigation, order=17, priorityHint=NORMAL 
09-07 19:57:19.502 17226 17297 W DexLibLoader: integrateWithLibSigChain: taking over signal registration
09-07 19:57:19.515 17226 17296 W Verifier: Could not disable RTV
09-07 19:57:19.515 17226 17296 W AppInitScheduler|Run:   Finished DisableRuntimeVerification in 23ms
09-07 19:57:19.515 17226 17296 W AppInitScheduler|Schedule:   Executing 209:InitLacrimaEarlyNative
09-07 19:57:19.515 17226 17296 W AppInitScheduler|Schedule:   Executing 240:LoadDexes
09-07 19:57:19.515 17226 17296 W AppInitScheduler|Schedule:   Executing 251:MaybeTraceColdStart
09-07 19:57:19.516 17226 17296 W AppInitScheduler|Run: Running InitLacrimaEarlyNative [*], order=6, priorityHint=NORMAL 
09-07 19:57:19.517 17226 17290 W AppInitScheduler|Run: Running MaybeTraceColdStart [*], order=9, priorityHint=NORMAL 
09-07 19:57:19.518 17226 17291 W AppInitScheduler|Run: Running LoadDexes [*], order=7, priorityHint=NORMAL 
09-07 19:57:19.524 17226 17291 W DexTricksAppInit: Skipping dex loading.
09-07 19:57:19.525 17226 17290 W Profilo/TraceControl: Loom client config id: 0
09-07 19:57:19.528 17226 17290 W AppInitScheduler|Run:   Finished MaybeTraceColdStart in 12ms
09-07 19:57:19.529 17226 17291 W DexTricksAppInit: MultiDexClassLoaderLight: false
09-07 19:57:19.530 17226 17291 W DexTricksAppInit: ReflectionClassLoader: true
09-07 19:57:19.531 17226 17291 W DexTricksAppInit: isVanillaClassLoaderRequested: false
09-07 19:57:19.538 17226 17291 W AppInitScheduler|Run:   Finished LoadDexes in 21ms
09-07 19:57:19.538 17226 17291 W AppInitScheduler|Schedule:   Executing 234:IsolatedLongtailAppInit
09-07 19:57:19.538 17226 17291 W AppInitScheduler|Schedule:   Executing 0:AddMainDexStoreInfoToReliabilityLogging
09-07 19:57:19.546 17226 17291 W AppInitScheduler|Schedule:   Executing 278:MprotectCode
09-07 19:57:19.548 17226 17265 W AppInitScheduler|Run: Running IsolatedLongtailAppInit [*], order=8, priorityHint=NORMAL 
09-07 19:57:19.548 17226 17265 W AppInitScheduler|Run:   Finished IsolatedLongtailAppInit in 0ms
09-07 19:57:19.548 17226 17262 W AppInitScheduler|Run: Running AddMainDexStoreInfoToReliabilityLogging, order=14, priorityHint=NORMAL 
09-07 19:57:19.549 17226 17262 W AppInitScheduler|Run:   Finished AddMainDexStoreInfoToReliabilityLogging in 0ms
09-07 19:57:19.550 17226 17263 W AppInitScheduler|Run: Running MprotectCode, order=23, priorityHint=NORMAL 
09-07 19:57:19.557 17226 17263 W AppInitScheduler|Run:   Finished MprotectCode in 7ms
09-07 19:57:19.572 17226 17297 I runtime-internals: integrateWithCrashLog crashlog: /data/user/0/com.facebook.katana/crash_log, insta_crashlog: /data/user/0/com.facebook.katana/insta_crash_log
09-07 19:57:19.582 17274 17274 W ComponentDiscovery: Class com.google.firebase.installations.FirebaseInstallationsKtxRegistrar is not an found.
09-07 19:57:19.593 17226 17296 W lacrima : The minidump file is empty!
09-07 19:57:19.595 17226 17296 W lacrima : Start AnrAppDeathDetector... X.00u
09-07 19:57:19.597 17226 17296 W AppInitScheduler|Run:   Finished InitLacrimaEarlyNative in 81ms
09-07 19:57:19.597 17226 17296 W AppInitScheduler|Schedule:   Executing 243:LoadVoltronModules
09-07 19:57:19.597 17226 17296 W AppInitScheduler|Schedule:   Executing 241:LoadLibColdStart
09-07 19:57:19.597 17226 17296 W AppInitScheduler|Run: Running LoadVoltronModules [*], order=10, priorityHint=NORMAL 
09-07 19:57:19.600 17226 17292 W AppInitScheduler|Run: Running LoadLibColdStart [*], order=22, priorityHint=NORMAL 
09-07 19:57:19.605 17226 17297 I runtime-internals: installed sigmux crash handler for crash log
09-07 19:57:19.606 17226 17297 W AppInitScheduler|Run:   Finished InitCrashLoopMitigation in 108ms
09-07 19:57:19.621 17226 17296 W AppInitScheduler|Run:   Finished LoadVoltronModules in 23ms
09-07 19:57:19.621 17226 17296 W AppInitScheduler|Schedule:   Executing 120:CreateApplicationImpl
09-07 19:57:19.621 17226 17296 W AppInitScheduler|Schedule:   Executing 233:InitUltralight
09-07 19:57:19.621 17226 17296 W AppInitScheduler|Schedule:   Executing 411:RunOnApplicationInit
09-07 19:57:19.621 17226 17296 W AppInitScheduler|Run: Running CreateApplicationImpl [*], order=11, priorityHint=CRITICAL_PATH 
09-07 19:57:19.629 10013 10013 I cr_VideoPersist: Attempted picture-in-picture with result: failure
09-07 19:57:19.750 14328 14358 I m26.nwa : (REDACTED) Failed to find any valid flight records for process id %d
09-07 19:57:19.764 10013 10092 E AtomicFile: Failed to sync file output stream
09-07 19:57:19.764 14328 14358 I m26.nwa : (REDACTED) Failed to find any valid flight records for process id %d
09-07 19:57:19.767 14328 14358 I m26.nwa : (REDACTED) Failed to find any valid flight records for process id %d
09-07 19:57:19.771 14328 14358 I m26.nwa : (REDACTED) Failed to find any valid flight records for process id %d
09-07 19:57:19.809 14328 14358 I m26.nwa : (REDACTED) Failed to find any valid flight records for process id %d
09-07 19:57:19.814 14328 14358 I m26.nwa : (REDACTED) Failed to find any valid flight records for process id %d
09-07 19:57:19.844 14328 14358 I m26.nwa : (REDACTED) Failed to find any valid flight records for process id %d
09-07 19:57:19.847 14328 14358 I m26.nwa : (REDACTED) Failed to find any valid flight records for process id %d
09-07 19:57:19.849 14328 14358 I m26.nwa : (REDACTED) Failed to find any valid flight records for process id %d
09-07 19:57:19.855 14328 14358 I m26.nwa : (REDACTED) Failed to find any valid flight records for process id %d
09-07 19:57:19.870 16904 16966 W JobInfo : Requested important-while-foreground flag for job2562 is ignored and takes no effect
09-07 19:57:19.879 17274 17274 W ndroid.apps.adm: Method void mdu.c(android.app.Activity) failed lock verification and will run slower.
09-07 19:57:19.879 17274 17274 W ndroid.apps.adm: Common causes for lock verification issues are non-optimized dex code
09-07 19:57:19.879 17274 17274 W ndroid.apps.adm: and incorrect proguard optimizations.
09-07 19:57:19.905 14328 14358 I m26.nwa : (REDACTED) Failed to find any valid flight records for process id %d
09-07 19:57:19.934 17274 17274 W FDL     : FDL logging failed. Add a dependency for Firebase Analytics to your app to enable logging of Dynamic Link events.
09-07 19:57:20.238 16016 16847 I Finsky  : [256] registerListener
09-07 19:57:20.239 16016 16847 I Finsky  : [256] DSC: reviveDownloads()
09-07 19:57:20.240 16016 16016 I Finsky  : [2] Detected restoreservicev2://recovery not needed, will not run
09-07 19:57:20.244 16016 16847 I Finsky  : [256] Initialized AssetModuleDownloader.
09-07 19:57:20.259 16016 16016 W Finsky  : [2] No LoggingContext in the bundle, which breaks event chain!. Creating a new logging context.
09-07 19:57:20.267 16016 16016 W Finsky  : [2] No LoggingContext in the bundle, which breaks event chain!. Creating a new logging context.
09-07 19:57:20.275 16016 16016 I Finsky  : [2] [AV::AE]: Does the account [-0EO7GmXd_Oz7NA3tqW6Jh7Bz_bLx95qZqhtrfGD3H8] have a permanently ineligible reason? false
09-07 19:57:20.276 16016 16016 I Finsky  : [2] AV::Onboarding eligible blocking [-0EO7GmXd_Oz7NA3tqW6Jh7Bz_bLx95qZqhtrfGD3H8], false
09-07 19:57:20.276 16016 16016 I Finsky  : [2] MAIHI: AV::Onboarding check result - [-0EO7GmXd_Oz7NA3tqW6Jh7Bz_bLx95qZqhtrfGD3H8], false
09-07 19:57:20.349 10013 10013 E cr_CompositorSurfaceMgr: surfaceDestroyed format : -3
09-07 19:57:20.382 10013 11099 I HWUI    : [destroy] CanvasContext will be destroyed.
09-07 19:57:20.435 17443 17443 I .chromecast.app: Using generational CollectorTypeCC GC.
09-07 19:57:20.452 17443 17443 E .chromecast.app: BBinder_init Processname  com.google.android.apps.chromecast.app  
09-07 19:57:20.452 17443 17443 E .chromecast.app: BBinder_init hasGetProcessName  com.google.android.apps.chromecast.app
09-07 19:57:20.502 16016 16041 I Finsky  : [122] Verifying app locale consistency (current locale = English (India))
09-07 19:57:20.502 16016 16041 I Finsky  : [122] Language Split Installed = true
09-07 19:57:20.503 16016 16041 I Finsky  : [122] Has Inconsistent Persistent Cache = false (cache has locale(s) = [en-IN])
09-07 19:57:20.503 16016 16041 I Finsky  : [122] Has Inconsistent Memory Cache = false (initial locale = English (India))
09-07 19:57:20.573 17443 17443 W .chromecast.app: Failed to find entry 'classes.dex': Entry not found
09-07 19:57:20.576 17443 17443 W .chromecast.app: Failed to find entry 'classes.dex': Entry not found
09-07 19:57:20.578 17443 17443 W .chromecast.app: Failed to find entry 'classes.dex': Entry not found
09-07 19:57:20.599 16016 16060 W BLASTBufferQueue: Unable to open /proc/vivo_rsc/frame_set_priority: No such file or directory
09-07 19:57:20.599 16016 16060 I BLASTBufferQueue: QoSAllocBuff Successful. Ret 0 
09-07 19:57:20.608 17443 17443 I .chromecast.app: AssetManager2(0xb400007395e27138) locale list changing from [] to [en-IN]
09-07 19:57:20.641  8145  8159 I ewrk    : (REDACTED) HDM. appOpsListener %s %s
09-07 19:57:20.644 17226 17290 W AppInitScheduler|Run: Running InitUltralight [*], order=12, priorityHint=CRITICAL_PATH 
09-07 19:57:20.644  8145  8159 I ewrk    : (REDACTED) HDM. Ignoring irrelevant audio permission changes for package %s
09-07 19:57:20.658 17226 17261 W AppInitScheduler|Run:   Waiting on CreateApplicationImpl for 1037ms...
09-07 19:57:20.660 17226 17261 W AppInitScheduler|Run:   Waiting on LoadLibColdStart for 1058ms...
09-07 19:57:20.675 16016 16016 E Finsky  : [2] ComposeVisualElement Error: veType=1, CVE is already removed from parent
09-07 19:57:20.710 12456 12496 W native  : W0000 00:00:1788791240.708418   12496 lag_detector.cc:58] Pipeline lagging by 1.216960708s. Continue processing samples.
09-07 19:57:20.715 17226 17296 W AppInitScheduler|Run:   Finished CreateApplicationImpl in 1094ms
09-07 19:57:20.716 17226 17296 W AppInitScheduler|Run: Running RunOnApplicationInit [*], order=13, priorityHint=CRITICAL_PATH 
09-07 19:57:20.726 17226 17296 W AppInitScheduler|Schedule: Schedule 160:FbSharedPreferenceInitializer, deps=null (3 pending tasks, PriorityHint=VERY_HIGH, isCritical=true)
09-07 19:57:20.727 17226 17296 W AppInitScheduler|Schedule:   Executing 160:FbSharedPreferenceInitializer
09-07 19:57:20.727 17226 17296 W AppInitScheduler|Schedule: Schedule 194:InitAuthentication, deps=null (4 pending tasks, PriorityHint=NORMAL, isCritical=true)
09-07 19:57:20.727 17226 17296 W AppInitScheduler|Schedule:   Executing 194:InitAuthentication
09-07 19:57:20.727 17226 17296 W AppInitScheduler|Schedule: Schedule 271:MobileConfigAdminIdInit, deps=[194] (5 pending tasks, PriorityHint=VERY_HIGH, isCritical=true)
09-07 19:57:20.727 17226 17296 W AppInitScheduler|Schedule: Schedule 273:MobileConfigInit, deps=[194] (6 pending tasks, PriorityHint=VERY_HIGH, isCritical=true)
09-07 19:57:20.727 17226 17296 W AppInitScheduler|Schedule: Schedule 276:MobileConfigSessionlessInit, deps=null (7 pending tasks, PriorityHint=VERY_HIGH, isCritical=true)
09-07 19:57:20.727 17226 17296 W AppInitScheduler|Schedule:   Executing 276:MobileConfigSessionlessInit
09-07 19:57:20.727 17226 17296 W AppInitScheduler|Schedule: Schedule 203:InitExecutors, deps=null (8 pending tasks, PriorityHint=NORMAL, isCritical=true)
09-07 19:57:20.727 17226 17296 W AppInitScheduler|Schedule:   Executing 203:InitExecutors
09-07 19:57:20.727 17226 17296 W AppInitScheduler|Schedule: Schedule 436:StringResourcesDelegate, deps=[160, 203] (9 pending tasks, PriorityHint=HIGH, isCritical=true)
09-07 19:57:20.728 17226 17296 W AppInitScheduler|Schedule: Schedule 3:AnalyticsLoggerInit, deps=[203, 271, 273, 276] (10 pending tasks, PriorityHint=NORMAL, isCritical=true)
09-07 19:57:20.728 17226 17296 W AppInitScheduler|Schedule: Schedule 131:E2EForceMobileConfigAdminIdFetch, deps=[271, 276] (11 pending tasks, PriorityHint=NORMAL, isCritical=true)
09-07 19:57:20.728 17226 17296 W AppInitScheduler|Schedule: Schedule 132:E2EForceMobileConfigFetch, deps=[3] (12 pending tasks, PriorityHint=NORMAL, isCritical=true)
09-07 19:57:20.729 17226 17296 W AppInitScheduler|Schedule: Schedule 133:E2EForceMobileConfigSessionlessFetch, deps=[276] (13 pending tasks, PriorityHint=NORMAL, isCritical=true)
09-07 19:57:20.729 17226 17296 W AppInitScheduler|Schedule: Schedule 163:FdidInitSync, deps=[273] (14 pending tasks, PriorityHint=NORMAL, isCritical=true)
09-07 19:57:20.730 17226 17296 W AppInitScheduler|Schedule: Schedule 193:InitAppModuleFallbackLoader, deps=null (15 pending tasks, PriorityHint=NORMAL, isCritical=true)
09-07 19:57:20.730 17226 17296 W AppInitScheduler|Schedule:   Executing 193:InitAppModuleFallbackLoader
09-07 19:57:20.731 17226 17296 W AppInitScheduler|Schedule: Schedule 412:RunPerfMarkers, deps=[203, 251] (16 pending tasks, PriorityHint=NORMAL, isCritical=true)
09-07 19:57:20.731 17226 17296 W AppInitScheduler|Schedule: Schedule 222:InitPushLiteSdk, deps=[3, 412] (17 pending tasks, PriorityHint=NORMAL, isCritical=true)
09-07 19:57:20.731 17226 17296 W AppInitScheduler|Schedule: Schedule 239:LithoConfiguration, deps=[160, 203, 271, 273] (18 pending tasks, PriorityHint=NORMAL, isCritical=true)
09-07 19:57:20.731 17226 17296 W AppInitScheduler|Schedule: Schedule 392:PreloadWordmark, deps=[3] (19 pending tasks, PriorityHint=NORMAL, isCritical=true)
09-07 19:57:20.731 17226 17296 W AppInitScheduler|Schedule: Schedule 138:EagerInitImagePipeline, deps=[3] (20 pending tasks, PriorityHint=LOW, isCritical=true)
09-07 19:57:20.731 17226 17296 W AppInitScheduler|Schedule: Schedule 393:PrivacyUiiDetectionLogger, deps=[276] (21 pending tasks, PriorityHint=LOW, isCritical=true)
09-07 19:57:20.731 17226 17296 W AppInitScheduler|Schedule: Schedule 466:WaitForUIDependenciesInitializer, deps=[131, 132, 133, 138, 163, 193, 222, 239, 392, 393, 436] (22 pending tasks, PriorityHint=CRITICAL_PATH, isCritical=true)
09-07 19:57:20.731 17226 17296 W AppInitScheduler|Schedule: Schedule 126:DismissSplashScreens, deps=[466] (23 pending tasks, PriorityHint=CRITICAL_PATH, isCritical=true)
09-07 19:57:20.731 17226 17296 W AppInitScheduler|Schedule: Schedule 136:EagerInitFBTigonLight, deps=[194, 241] (24 pending tasks, PriorityHint=CRITICAL_PATH, isCritical=true)
09-07 19:57:20.732 17226 17296 W AppInitScheduler|Schedule: Schedule 472:ZeroABTestStaticBootstrap, deps=null (25 pending tasks, PriorityHint=NORMAL, isCritical=true)
09-07 19:57:20.732 17226 17296 W AppInitScheduler|Schedule:   Executing 472:ZeroABTestStaticBootstrap
09-07 19:57:20.732 17226 17296 W AppInitScheduler|Schedule: Schedule 135:EagerInitFBTigon, deps=[136, 203, 276, 472] (26 pending tasks, PriorityHint=CRITICAL_PATH, isCritical=true)
09-07 19:57:20.732 17226 17296 W AppInitScheduler|Schedule: Schedule 430:StartupDestinationAppInit, deps=[160, 194, 233] (27 pending tasks, PriorityHint=CRITICAL_PATH, isCritical=true)
09-07 19:57:20.739 17226 17296 W AppInitScheduler|Schedule: Schedule 141:EarlyFetchStartupDestinationAppInit, deps=[271, 430] (28 pending tasks, PriorityHint=CRITICAL_PATH, isCritical=true)
09-07 19:57:20.739 17226 17296 W AppInitScheduler|Schedule: Schedule 434:StaticGraphServiceFactoryInitializer, deps=[241] (29 pending tasks, PriorityHint=CRITICAL_PATH, isCritical=true)
09-07 19:57:20.739 17226 17296 W AppInitScheduler|Schedule: Schedule 182:GraphServiceEagerInit, deps=[135, 434] (30 pending tasks, PriorityHint=CRITICAL_PATH, isCritical=true)
09-07 19:57:20.739 17226 17296 W AppInitScheduler|Schedule: Schedule 185:HwuiSetStoppedEarlyInstall, deps=[209] (31 pending tasks, PriorityHint=CRITICAL_PATH, isCritical=true)
09-07 19:57:20.739 17226 17296 W AppInitScheduler|Schedule:   Executing 185:HwuiSetStoppedEarlyInstall
09-07 19:57:20.739 17226 17296 W AppInitScheduler|Schedule: Schedule 252:MaybeUnblockComponentsEarly, deps=[271, 273, 276] (32 pending tasks, PriorityHint=CRITICAL_PATH, isCritical=true)
09-07 19:57:20.739 17226 17296 W AppInitScheduler|Schedule: Schedule 410:RunEarlyInitForActivity, deps=[131, 132, 133, 430] (33 pending tasks, PriorityHint=CRITICAL_PATH, isCritical=true)
09-07 19:57:20.739 17226 17296 W AppInitScheduler|Schedule: Schedule 114:CheckUnstableContentProvider, deps=[273] (34 pending tasks, PriorityHint=VERY_HIGH, isCritical=false)
09-07 19:57:20.739 17226 17296 W AppInitScheduler|Schedule: Schedule 161:FbSharedPreferenceInitializerAsync, deps=null (35 pending tasks, PriorityHint=VERY_HIGH, isCritical=false)
09-07 19:57:20.740 17226 17296 W AppInitScheduler|Schedule:   Executing 161:FbSharedPreferenceInitializerAsync
09-07 19:57:20.740 17226 17296 W AppInitScheduler|Schedule: Schedule 382:PreloadStartupLightSharedPreferenceUsagesAppInit, deps=null (36 pending tasks, PriorityHint=VERY_HIGH, isCritical=false)
09-07 19:57:20.740 17226 17296 W AppInitScheduler|Schedule:   Executing 382:PreloadStartupLightSharedPreferenceUsagesAppInit
09-07 19:57:20.740 17226 17296 W AppInitScheduler|Schedule: Schedule 431:StartupQPLInit, deps=[203, 271, 273, 276] (37 pending tasks, PriorityHint=VERY_HIGH, isCritical=false)
09-07 19:57:20.740 17226 17296 W AppInitScheduler|Schedule: Schedule 474:ZeroV2GateEarlyInit, deps=null (38 pending tasks, PriorityHint=VERY_HIGH, isCritical=false)
09-07 19:57:20.740 17226 17296 W AppInitScheduler|Schedule:   Executing 474:ZeroV2GateEarlyInit
09-07 19:57:20.740 17226 17296 W AppInitScheduler|Schedule: Schedule 139:EarliestPossibleColdStartClassPreloadStarter, deps=null (39 pending tasks, PriorityHint=HIGH, isCritical=false)
09-07 19:57:20.740 17226 17296 W AppInitScheduler|Schedule:   Executing 139:EarliestPossibleColdStartClassPreloadStarter
09-07 19:57:20.740 17226 17296 W AppInitScheduler|Schedule: Schedule 368:PreloadFeedRequestHighPriority, deps=[430, 431] (40 pending tasks, PriorityHint=HIGH, isCritical=false)
09-07 19:57:20.740 17226 17296 W AppInitScheduler|Schedule: Schedule 470:WarmVolumeCache, deps=[160, 271] (41 pending tasks, PriorityHint=HIGH, isCritical=false)
09-07 19:57:20.740 17226 17296 W AppInitScheduler|Schedule: Schedule 1:AddProcessNameToErrorReport, deps=null (42 pending tasks, PriorityHint=NORMAL, isCritical=false)
09-07 19:57:20.740 17226 17296 W AppInitScheduler|Schedule:   Executing 1:AddProcessNameToErrorReport
09-07 19:57:20.740 17226 17296 W AppInitScheduler|Schedule: Schedule 2:AnalyticsInit, deps=[273] (43 pending tasks, PriorityHint=NORMAL, isCritical=false)
09-07 19:57:20.740 17226 17296 W AppInitScheduler|Schedule: Schedule 4:AnalyticsLoggerPostInitReplay, deps=[3] (44 pending tasks, PriorityHint=NORMAL, isCritical=false)
09-07 19:57:20.740 17226 17296 W AppInitScheduler|Schedule: Schedule 103:BloksInitializer, deps=[3] (45 pending tasks, PriorityHint=NORMAL, isCritical=false)
09-07 19:57:20.740 17226 17296 W AppInitScheduler|Schedule: Schedule 115:ClientCacheEdgeManagerInitializer, deps=[203, 271, 273, 430] (46 pending tasks, PriorityHint=NORMAL, isCritical=false)
09-07 19:57:20.740 17226 17296 W AppInitScheduler|Schedule: Schedule 116:ClientCacheEdgeManagerInitializerUserScoped, deps=[203, 273, 430] (47 pending tasks, PriorityHint=NORMAL, isCritical=false)
09-07 19:57:20.741 17226 17296 W AppInitScheduler|Schedule: Schedule 118:ComposerSavedSessionStoreInitializer, deps=[160, 194, 203] (48 pending tasks, PriorityHint=NORMAL, isCritical=false)
09-07 19:57:20.741 17226 17296 W AppInitScheduler|Schedule: Schedule 123:DgwEarlySyncInitializer, deps=[203, 241, 271, 273, 276, 472] (49 pending tasks, PriorityHint=NORMAL, isCritical=false)
09-07 19:57:20.741 17226 17296 W AppInitScheduler|Schedule: Schedule 130:DownloadedFbResources, deps=[273, 276] (50 pending tasks, PriorityHint=NORMAL, isCritical=false)
09-07 19:57:20.741 17226 17296 W AppInitScheduler|Schedule: Schedule 153:ErrorReporterSecondaryInit, deps=[160, 194, 203] (51 pending tasks, PriorityHint=NORMAL, isCritical=false)
09-07 19:57:20.741 17226 17296 W AppInitScheduler|Schedule: Schedule 155:Fb4aReactEagerInitHotMCUnpacker, deps=[160, 203, 273] (52 pending tasks, PriorityHint=NORMAL, isCritical=false)
09-07 19:57:20.741 17226 17296 W AppInitScheduler|Schedule: Schedule 157:FbMCPPluginInitializer, deps=[160, 241] (53 pending tasks, PriorityHint=NORMAL, isCritical=false)
09-07 19:57:20.741 17226 17296 W AppInitScheduler|Schedule: Schedule 158:FbMsysImmediateInitializer, deps=[3, 157] (54 pending tasks, PriorityHint=NORMAL, isCritical=false)
09-07 19:57:20.741 17226 17296 W AppInitScheduler|Schedule: Schedule 159:FbMsysPostBootstrapListenerRegistrarOnAppInit, deps=[203, 273, 276] (55 pending tasks, PriorityHint=NORMAL, isCritical=false)
09-07 19:57:20.741 17226 17296 W AppInitScheduler|Schedule: Schedule 348:NotifyAppStateManagerOnCreateComplete, deps=[203, 273] (56 pending tasks, PriorityHint=NORMAL, isCritical=false)
09-07 19:57:20.741 17226 17296 W AppInitScheduler|Schedule: Schedule 162:FbSharedUIQREnvironment, deps=[160, 348] (57 pending tasks, PriorityHint=NORMAL, isCritical=false)
09-07 19:57:20.741 17226 17296 W AppInitScheduler|Schedule: Schedule 165:FixieActivityManagerHook, deps=null (58 pending tasks, PriorityHint=NORMAL, isCritical=false)
09-07 19:57:20.741 17226 17296 W AppInitScheduler|Schedule:   Executing 165:FixieActivityManagerHook
09-07 19:57:20.741 17226 17296 W AppInitScheduler|Schedule: Schedule 166:FixieLimitNativeStackSize, deps=null (59 pending tasks, PriorityHint=NORMAL, isCritical=false)
09-07 19:57:20.741 17226 17296 W AppInitScheduler|Schedule:   Executing 166:FixieLimitNativeStackSize
09-07 19:57:20.741 17226 17296 W AppInitScheduler|Schedule: Schedule 167:FixieNoSync, deps=[273] (60 pending tasks, PriorityHint=NORMAL, isCritical=false)
09-07 19:57:20.741 17226 17296 W AppInitScheduler|Schedule: Schedule 191:InitAppChoreographer, deps=null (61 pending tasks, PriorityHint=NORMAL, isCritical=false)
09-07 19:57:20.741 17226 17296 W AppInitScheduler|Schedule:   Executing 191:InitAppChoreographer
09-07 19:57:20.741 17226 17296 W AppInitScheduler|Schedule: Schedule 168:FixieScheduleIdleWork, deps=[191, 466] (62 pending tasks, PriorityHint=NORMAL, isCritical=false)
09-07 19:57:20.741 17226 17296 W AppInitScheduler|Schedule: Schedule 183:HandleAppComponentsForPreTosBuild, deps=null (63 pending tasks, PriorityHint=NORMAL, isCritical=false)
09-07 19:57:20.746 17226 17296 W AppInitScheduler|Schedule:   Executing 183:HandleAppComponentsForPreTosBuild
09-07 19:57:20.746 17226 17296 W AppInitScheduler|Schedule: Schedule 186:INeedInitForBroadcastReceiverRegister, deps=[431] (64 pending tasks, PriorityHint=NORMAL, isCritical=false)
09-07 19:57:20.746 17226 17296 W AppInitScheduler|Schedule: Schedule 187:INeedInitForEventBusRegister, deps=null (65 pending tasks, PriorityHint=NORMAL, isCritical=false)
09-07 19:57:20.746 17226 17296 W AppInitScheduler|Schedule:   Executing 187:INeedInitForEventBusRegister
09-07 19:57:20.746 17226 17296 W AppInitScheduler|Schedule: Schedule 189:INeedInitForSharedPrefsListenerRegister, deps=[271, 273, 276] (66 pending tasks, PriorityHint=NORMAL, isCritical=false)
09-07 19:57:20.746 17226 17296 W AppInitScheduler|Schedule: Schedule 190:InitAndroidX, deps=[240] (67 pending tasks, PriorityHint=NORMAL, isCritical=false)
09-07 19:57:20.746 17226 17296 W AppInitScheduler|Schedule:   Executing 190:InitAndroidX
09-07 19:57:20.746 17226 17296 W AppInitScheduler|Schedule: Schedule 205:InitFeedVpvSeenStore, deps=[160, 431] (68 pending tasks, PriorityHint=NORMAL, isCritical=false)
09-07 19:57:20.747 17226 17296 W AppInitScheduler|Schedule: Schedule 206:InitFury, deps=[273] (69 pending tasks, PriorityHint=NORMAL, isCritical=false)
09-07 19:57:20.748 17226 17296 W AppInitScheduler|Schedule: Schedule 207:InitHelium, deps=[273] (70 pending tasks, PriorityHint=NORMAL, isCritical=false)
09-07 19:57:20.748 17226 17296 W AppInitScheduler|Schedule: Schedule 210:InitLacrimaLaterInit, deps=[203, 209] (71 pending tasks, PriorityHint=NORMAL, isCritical=false)
09-07 19:57:20.748 17226 17296 W AppInitScheduler|Schedule: Schedule 211:InitLogging, deps=null (72 pending tasks, PriorityHint=NORMAL, isCritical=false)
09-07 19:57:20.748 17226 17296 W AppInitScheduler|Schedule:   Executing 211:InitLogging
09-07 19:57:20.748 17226 17290 W AppInitScheduler|Run:   Finished InitUltralight in 105ms
09-07 19:57:20.748 17226 17290 W AppInitScheduler|Run: Running FbSharedPreferenceInitializer [*], order=25, priorityHint=VERY_HIGH 
09-07 19:57:20.749 17226 17296 W AppInitScheduler|Schedule: Schedule 212:InitMallocHooks, deps=null (72 pending tasks, PriorityHint=NORMAL, isCritical=false)
09-07 19:57:20.749 17226 17296 W AppInitScheduler|Schedule:   Executing 212:InitMallocHooks
09-07 19:57:20.749 17226 17296 W AppInitScheduler|Schedule: Schedule 213:InitMemoryDumpHandler, deps=[273] (73 pending tasks, PriorityHint=NORMAL, isCritical=false)
09-07 19:57:20.749 17226 17296 W AppInitScheduler|Schedule: Schedule 221:InitPushabilityCheck, deps=[182, 222] (74 pending tasks, PriorityHint=NORMAL, isCritical=false)
09-07 19:57:20.749 17226 17296 W AppInitScheduler|Schedule: Schedule 473:ZeroLibraryInitializer, deps=[3, 135, 160, 431, 474] (75 pending tasks, PriorityHint=NORMAL, isCritical=false)
09-07 19:57:20.750 17226 17296 W AppInitScheduler|Schedule: Schedule 223:InitReliableMedia, deps=[412, 473] (76 pending tasks, PriorityHint=NORMAL, isCritical=false)
09-07 19:57:20.754 17226 17296 W AppInitScheduler|Schedule: Schedule 229:InitSurfaces, deps=[203] (77 pending tasks, PriorityHint=NORMAL, isCritical=false)
09-07 19:57:20.754 17226 17296 W AppInitScheduler|Schedule: Schedule 230:InitSystrace, deps=null (78 pending tasks, PriorityHint=NORMAL, isCritical=false)
09-07 19:57:20.754 17226 17296 W AppInitScheduler|Schedule:   Executing 230:InitSystrace
09-07 19:57:20.754 17226 17296 W AppInitScheduler|Schedule: Schedule 232:InitTrafficNTS, deps=[135, 271, 273] (79 pending tasks, PriorityHint=NORMAL, isCritical=false)
09-07 19:57:20.754 17226 17296 W AppInitScheduler|Schedule: Schedule 236:LanguageSwitcherCommonExInit, deps=[162] (80 pending tasks, PriorityHint=NORMAL, isCritical=false)
09-07 19:57:20.754 17226 17296 W AppInitScheduler|Schedule: Schedule 244:LocationRequestDetector, deps=[273] (81 pending tasks, PriorityHint=NORMAL, isCritical=false)
09-07 19:57:20.754 17226 17296 W AppInitScheduler|Schedule: Schedule 245:LogController, deps=[160] (82 pending tasks, PriorityHint=NORMAL, isCritical=false)
09-07 19:57:20.754 17226 17296 W AppInitScheduler|Schedule: Schedule 253:MessageQueueDoctor, deps=[3] (83 pending tasks, PriorityHint=NORMAL, isCritical=false)
09-07 19:57:20.754 17226 17296 W AppInitScheduler|Schedule: Schedule 280:MqttEarlySyncInitializerAfterAppCreate, deps=[126, 157] (84 pending tasks, PriorityHint=NORMAL, isCritical=false)
09-07 19:57:20.754 17226 17296 W AppInitScheduler|Schedule: Schedule 349:NpuSrRendererInitializer, deps=null (85 pending tasks, PriorityHint=NORMAL, isCritical=false)
09-07 19:57:20.754 17226 17296 W AppInitScheduler|Schedule:   Executing 349:NpuSrRendererInitializer
09-07 19:57:20.754 17226 17296 W AppInitScheduler|Schedule: Schedule 350:ObjectCountJestE2EBridge, deps=null (86 pending tasks, PriorityHint=NORMAL, isCritical=false)
09-07 19:57:20.754 17226 17296 W AppInitScheduler|Schedule:   Executing 350:ObjectCountJestE2EBridge
09-07 19:57:20.754 17226 17296 W AppInitScheduler|Schedule: Schedule 355:PendingStoryStoreInitializer, deps=[160, 203, 273] (87 pending tasks, PriorityHint=NORMAL, isCritical=false)
09-07 19:57:20.754 17226 17296 W AppInitScheduler|Schedule: Schedule 372:PreloadIconsInit, deps=[430, 431] (88 pending tasks, PriorityHint=NORMAL, isCritical=false)
09-07 19:57:20.755 17226 17296 W AppInitScheduler|Schedule: Schedule 377:PreloadNativeLibrariesVif, deps=[241, 271, 273] (89 pending tasks, PriorityHint=NORMAL, isCritical=false)
09-07 19:57:20.755 17226 17296 W AppInitScheduler|Schedule: Schedule 380:PreloadReelsCsrForReelsTabStarts, deps=[182, 431] (90 pending tasks, PriorityHint=NORMAL, isCritical=false)
09-07 19:57:20.755 17226 17296 W AppInitScheduler|Schedule: Schedule 389:PreloadVideoHomeDataController, deps=[430, 431] (91 pending tasks, PriorityHint=NORMAL, isCritical=false)
09-07 19:57:20.755 17226 17296 W AppInitScheduler|Schedule: Schedule 394:ProfiloBridgeFactoryImpl, deps=[251, 431] (92 pending tasks, PriorityHint=NORMAL, isCritical=false)
09-07 19:57:20.755 17226 17296 W AppInitScheduler|Schedule: Schedule 401:RasFileInitializer, deps=null (93 pending tasks, PriorityHint=NORMAL, isCritical=false)
09-07 19:57:20.755 17226 17296 W AppInitScheduler|Schedule:   Executing 401:RasFileInitializer
09-07 19:57:20.755 17226 17296 W AppInitScheduler|Schedule: Schedule 402:RegisterMainLooperTracer, deps=null (94 pending tasks, PriorityHint=NORMAL, isCritical=false)
09-07 19:57:20.755 17226 17296 W AppInitScheduler|Schedule:   Executing 402:RegisterMainLooperTracer
09-07 19:57:20.755 17226 17296 W AppInitScheduler|Schedule: Schedule 404:ReleaseDeferredBroadcastReceiver, deps=null (95 pending tasks, PriorityHint=NORMAL, isCritical=false)
09-07 19:57:20.755 17226 17296 W AppInitScheduler|Schedule:   Executing 404:ReleaseDeferredBroadcastReceiver
09-07 19:57:20.755 17226 17296 W AppInitScheduler|Schedule: Schedule 405:ReliabilityExperiments, deps=null (96 pending tasks, PriorityHint=NORMAL, isCritical=false)
09-07 19:57:20.755 17226 17296 W AppInitScheduler|Schedule:   Executing 405:ReliabilityExperiments
09-07 19:57:20.755 17226 17296 W AppInitScheduler|Schedule: Schedule 408:ReliabilityUserPerceptibleScopeToQPL, deps=[431] (97 pending tasks, PriorityHint=NORMAL, isCritical=false)
09-07 19:57:20.755 17226 17296 W AppInitScheduler|Schedule: Schedule 409:ReplayBroadcastReceivedDuringAppInit, deps=[466] (98 pending tasks, PriorityHint=NORMAL, isCritical=false)
09-07 19:57:20.755 17226 17296 W AppInitScheduler|Schedule: Schedule 414:ScheduleLowPriWork, deps=[466] (99 pending tasks, PriorityHint=NORMAL, isCritical=false)
09-07 19:57:20.755 17226 17296 W AppInitScheduler|Schedule: Schedule 423:SetupDynaBuilds, deps=null (100 pending tasks, PriorityHint=NORMAL, isCritical=false)
09-07 19:57:20.755 17226 17296 W AppInitScheduler|Schedule:   Executing 423:SetupDynaBuilds
09-07 19:57:20.755 17226 17296 W AppInitScheduler|Schedule: Schedule 437:TabBadgeFetchAppInit, deps=[271, 273] (101 pending tasks, PriorityHint=NORMAL, isCritical=false)
09-07 19:57:20.755 17226 17296 W AppInitScheduler|Schedule: Schedule 468:WarmFacebookEmojiFont, deps=[160, 273] (102 pending tasks, PriorityHint=NORMAL, isCritical=false)
09-07 19:57:20.755 17226 17296 W AppInitScheduler|Schedule: Schedule 471:WhitehatOverlayInitializer, deps=[160] (103 pending tasks, PriorityHint=NORMAL, isCritical=false)
09-07 19:57:20.756 17226 17296 W AppInitScheduler|Schedule: Schedule 363:PreloadFeedDataLoader, deps=[430, 431] (104 pending tasks, PriorityHint=LOW, isCritical=false)
09-07 19:57:20.756 17226 17296 W AppInitScheduler|Schedule: Schedule 365:PreloadFeedFullCacheLoad, deps=[430, 431] (105 pending tasks, PriorityHint=LOW, isCritical=false)
09-07 19:57:20.756 17226 17296 W AppInitScheduler|Schedule: Schedule 137:EagerInitFeedDataLoader, deps=[363, 365] (106 pending tasks, PriorityHint=LOW, isCritical=false)
09-07 19:57:20.756 17226 17296 W AppInitScheduler|Schedule: Schedule 142:EarlyInitStoriesTrayForActivity, deps=[430, 431] (107 pending tasks, PriorityHint=LOW, isCritical=false)
09-07 19:57:20.756 17226 17296 W AppInitScheduler|Schedule: Schedule 173:FriendlyFeedPrefetch, deps=[271] (108 pending tasks, PriorityHint=LOW, isCritical=false)
09-07 19:57:20.756 17226 17296 W AppInitScheduler|Schedule: Schedule 174:FriendlyFeedPrefetchOnFirstForegroundWarmStart, deps=[271] (109 pending tasks, PriorityHint=LOW, isCritical=false)
09-07 19:57:20.756 17226 17296 W AppInitScheduler|Schedule: Schedule 192:InitAppComponentFactoryStartupController, deps=[126] (110 pending tasks, PriorityHint=LOW, isCritical=false)
09-07 19:57:20.756 17226 17296 W AppInitScheduler|Schedule: Schedule 218:InitPeriodicThreadBooster, deps=[191, 273] (111 pending tasks, PriorityHint=LOW, isCritical=false)
09-07 19:57:20.756 17226 17296 W AppInitScheduler|Schedule: Schedule 235:KeepWarm, deps=[430, 431] (112 pending tasks, PriorityHint=LOW, isCritical=false)
09-07 19:57:20.756 17226 17296 W AppInitScheduler|Schedule: Schedule 249:LongtailVoltronAppInit, deps=[203, 273] (113 pending tasks, PriorityHint=LOW, isCritical=false)
09-07 19:57:20.756 17226 17296 W AppInitScheduler|Schedule: Schedule 270:MetaCasper, deps=[430, 431] (114 pending tasks, PriorityHint=LOW, isCritical=false)
09-07 19:57:20.756 17226 17296 W AppInitScheduler|Schedule: Schedule 272:MobileConfigAdminIdLaterInit, deps=[131, 203] (115 pending tasks, PriorityHint=LOW, isCritical=false)
09-07 19:57:20.756 17226 17296 W AppInitScheduler|Schedule: Schedule 274:MobileConfigLaterInit, deps=[132] (116 pending tasks, PriorityHint=LOW, isCritical=false)
09-07 19:57:20.792  1949  2146 I ActivityTaskManager: Displayed com.android.vending/com.google.android.finsky.activities.MainActivity for user 0: +1s153ms
09-07 19:57:20.822 16016 16016 I android.vending: AssetManager2(0xb400007395e7f5b8) locale list changing from [] to [en-IN]
09-07 19:57:20.859 17226 17290 W AppInitScheduler|Run:   Finished FbSharedPreferenceInitializer in 110ms
09-07 19:57:20.859 17226 17290 W AppInitScheduler|Schedule:   Executing 245:LogController
09-07 19:57:20.859 17226 17290 W AppInitScheduler|Schedule:   Executing 471:WhitehatOverlayInitializer
09-07 19:57:20.859 17226 17290 W AppInitScheduler|Run: Running InitAuthentication [*], order=26, priorityHint=NORMAL 
09-07 19:57:20.861 17226 17296 W AppInitScheduler|Schedule: Schedule 277:MobileConfigSessionlessLaterInit, deps=[133, 203] (116 pending tasks, PriorityHint=LOW, isCritical=false)
09-07 19:57:20.862 17226 17296 E AppInitScheduler|Schedule: Call to schedule after shutdown: 354:PartialScrollOnFirstForegroundWarmStart, deps=[430, 431]
09-07 19:57:20.862 17226 17296 E AppInitScheduler|Schedule: Call to schedule after shutdown: 366:PreloadFeedRequest, deps=[430, 431]
09-07 19:57:20.862 17226 17296 E AppInitScheduler|Schedule: Call to schedule after shutdown: 357:PrefetchFeedNetwork, deps=[366]
09-07 19:57:20.868 17226 17296 E AppInitScheduler|Schedule: Call to schedule after shutdown: 358:PreloadClashManager, deps=[430, 431]
09-07 19:57:20.868 17226 17296 E AppInitScheduler|Schedule: Call to schedule after shutdown: 361:PreloadCreatorsHomeToHUnit, deps=[271, 273]
09-07 19:57:20.868 17226 17296 E AppInitScheduler|Schedule: Call to schedule after shutdown: 362:PreloadFeedConfig, deps=[430, 431]
09-07 19:57:20.868 17226 17296 E AppInitScheduler|Schedule: Call to schedule after shutdown: 364:PreloadFeedFetchMetadata, deps=[430, 431]
09-07 19:57:20.868 17226 17296 E AppInitScheduler|Schedule: Call to schedule after shutdown: 367:PreloadFeedRequestForAllStarts, deps=[430, 431]
09-07 19:57:20.868 17226 17296 E AppInitScheduler|Schedule: Call to schedule after shutdown: 369:PreloadFreshFeedRanker, deps=[160, 431]
09-07 19:57:20.868 17226 17296 E AppInitScheduler|Schedule: Call to schedule after shutdown: 370:PreloadFriendlyFeedFullCacheLoad, deps=[430, 431]
09-07 19:57:20.868 17226 17296 E AppInitScheduler|Schedule: Call to schedule after shutdown: 371:PreloadHeroManager, deps=[430, 431]
09-07 19:57:20.869 17226 17296 E AppInitScheduler|Schedule: Call to schedule after shutdown: 373:PreloadInlineComposerProfileImage, deps=[138, 160, 431]
09-07 19:57:20.869 17226 17296 E AppInitScheduler|Schedule: Call to schedule after shutdown: 374:PreloadInlineComposerProfileImageDeferred, deps=[138, 191, 430, 431]
09-07 19:57:20.869 17226 17296 E AppInitScheduler|Schedule: Call to schedule after shutdown: 375:PreloadLogDb, deps=[3, 430, 431]
09-07 19:57:20.872 17226 17296 E AppInitScheduler|Schedule: Call to schedule after shutdown: 379:PreloadReactions, deps=[3, 160, 431]
09-07 19:57:20.872 17226 17296 E AppInitScheduler|Schedule: Call to schedule after shutdown: 384:PreloadStoriesTray, deps=[137]
09-07 19:57:20.872 17226 17296 E AppInitScheduler|Schedule: Call to schedule after shutdown: 385:PreloadStoriesTrayFetchController, deps=[160, 431]
09-07 19:57:20.872 17226 17296 E AppInitScheduler|Schedule: Call to schedule after shutdown: 386:PreloadStoriesTrayQuery, deps=[160, 431]
09-07 19:57:20.873 17226 17296 E AppInitScheduler|Schedule: Call to schedule after shutdown: 387:PreloadStoryAdsInStoriesTray, deps=[160, 431]
09-07 19:57:20.873 17226 17296 E AppInitScheduler|Schedule: Call to schedule after shutdown: 388:PreloadTabPreloadablesBackgroundPrefetch, deps=[160, 431]
09-07 19:57:20.873 17226 17296 E AppInitScheduler|Schedule: Call to schedule after shutdown: 390:PreloadVideoPrivateSharing, deps=[160, 431]
09-07 19:57:20.873 17226 17296 E AppInitScheduler|Schedule: Call to schedule after shutdown: 415:ScreenOnFeedPrefetch, deps=[271, 273]
09-07 19:57:20.873 17226 17296 E AppInitScheduler|Schedule: Call to schedule after shutdown: 417:SecondaryDexPreloaderBg, deps=[139, 273]
09-07 19:57:20.873 17226 17296 E AppInitScheduler|Schedule: Call to schedule after shutdown: 419:SecureHashDigestReuseInit, deps=null
09-07 19:57:20.874 17226 17296 W AppInitScheduler|Schedule:   Executing 419:SecureHashDigestReuseInit
09-07 19:57:20.874 17226 17296 E AppInitScheduler|Schedule: Call to schedule after shutdown: 422:SetupBlockingBackgroundComponentReporting, deps=[431]
09-07 19:57:20.874 17226 17296 E AppInitScheduler|Schedule: Call to schedule after shutdown: 432:StartupQPLReplayer, deps=[431]
09-07 19:57:20.874 17226 17296 E AppInitScheduler|Schedule: Call to schedule after shutdown: 433:StartupQPLTransitToMatureStage, deps=[432]
09-07 19:57:20.874 17226 17296 E AppInitScheduler|Schedule: Call to schedule after shutdown: 465:VideoMetaCasper, deps=[430, 431]
09-07 19:57:20.877 17226 17296 W OnApplicationInitInvoker: Ignored missing AppInit dependency: 117:ComposeRecompositionTracking
09-07 19:57:20.877 17226 17296 W OnApplicationInitInvoker: Ignored missing AppInit dependency: 119:ComposeTracingInit
09-07 19:57:20.878 17226 17290 W AppInitScheduler|Run:   Finished InitAuthentication in 19ms
09-07 19:57:20.878 17226 17290 W AppInitScheduler|Schedule:   Executing 271:MobileConfigAdminIdInit
09-07 19:57:20.878 17226 17290 W AppInitScheduler|Schedule:   Executing 273:MobileConfigInit
09-07 19:57:20.878 17226 17290 W AppInitScheduler|Schedule:   Executing 430:StartupDestinationAppInit
09-07 19:57:20.879 17226 17290 W AppInitScheduler|Run: Running MobileConfigAdminIdInit [*], order=27, priorityHint=VERY_HIGH 
09-07 19:57:20.877 17226 17296 W OnApplicationInitInvoker: Ignored missing AppInit dependency: 175:GatekeeperStoreInitializer
09-07 19:57:20.879 17226 17296 W OnApplicationInitInvoker: Ignored missing AppInit dependency: 260:MessengerMCPPluginInitializer
09-07 19:57:20.879 17226 17296 W AppInitScheduler|Run:   Finished RunOnApplicationInit in 164ms
09-07 19:57:20.881 17226 17296 W AppInitScheduler|Run: Running MobileConfigInit [*], order=28, priorityHint=VERY_HIGH 
09-07 19:57:20.885  8145  8155 I ewrk    : (REDACTED) HDM. appOpsListener %s %s
09-07 19:57:20.885  8145  8155 I ewrk    : (REDACTED) HDM. Ignoring irrelevant audio permission changes for package %s
09-07 19:57:20.895 16016 16016 I Finsky  : [2] Set up MAUI
09-07 19:57:20.903 17226 17292 W runtime-internals: redirecting sigaction to sigmux_sigaction for signal 4
09-07 19:57:20.903 17226 17292 W runtime-internals: redirecting sigaction to sigmux_sigaction for signal 4
09-07 19:57:20.910 16016 16038 I Finsky  : [119] Verifying app locale consistency (current locale = English (India))
09-07 19:57:20.910 16016 16038 I Finsky  : [119] Language Split Installed = true
09-07 19:57:20.910 16016 16038 I Finsky  : [119] Has Inconsistent Persistent Cache = false (cache has locale(s) = [en-IN])
09-07 19:57:20.910 16016 16038 I Finsky  : [119] Has Inconsistent Memory Cache = false (initial locale = English (India))
09-07 19:57:20.932 17226 17292 W AppInitScheduler|Run:   Finished LoadLibColdStart in 1332ms
09-07 19:57:20.932 17226 17292 W AppInitScheduler|Schedule:   Executing 136:EagerInitFBTigonLight
09-07 19:57:20.932 17226 17292 W AppInitScheduler|Schedule:   Executing 434:StaticGraphServiceFactoryInitializer
09-07 19:57:20.932 17226 17292 W AppInitScheduler|Schedule:   Executing 157:FbMCPPluginInitializer
09-07 19:57:20.932 17226 17292 W AppInitScheduler|Run: Running MobileConfigSessionlessInit [*], order=29, priorityHint=VERY_HIGH 
09-07 19:57:20.944 16016 16060 W BLASTBufferQueue: Unable to open /proc/vivo_rsc/frame_set_priority: No such file or directory
09-07 19:57:20.944 16016 16060 I BLASTBufferQueue: QoSAllocBuff Successful. Ret 0 
09-07 19:57:20.960 16016 16016 I Finsky  : [2] [AV::AE]: Does the account [-0EO7GmXd_Oz7NA3tqW6Jh7Bz_bLx95qZqhtrfGD3H8] have a permanently ineligible reason? false
09-07 19:57:20.961 16016 16016 I Finsky  : [2] AV::Onboarding eligible blocking [-0EO7GmXd_Oz7NA3tqW6Jh7Bz_bLx95qZqhtrfGD3H8], false
09-07 19:57:20.961 16016 16016 I Finsky  : [2] TMAIHI: AV::Onboarding check result - [-0EO7GmXd_Oz7NA3tqW6Jh7Bz_bLx95qZqhtrfGD3H8], false
09-07 19:57:20.975 17226 17290 W AppInitScheduler|Run:   Finished MobileConfigAdminIdInit in 96ms
09-07 19:57:20.975 17226 17290 W AppInitScheduler|Schedule:   Executing 470:WarmVolumeCache
09-07 19:57:20.975 17226 17290 W AppInitScheduler|Schedule:   Executing 173:FriendlyFeedPrefetch
09-07 19:57:20.978 16016 16016 I Finsky  : [2] Selecting account [-0EO7GmXd_Oz7NA3tqW6Jh7Bz_bLx95qZqhtrfGD3H8] for package com.realshare.app. overriding=[true]
09-07 19:57:20.978  1949  2146 I ActivityTaskManager: Displayed com.android.vending/com.google.android.finsky.transparentmainactivity.TransparentMainActivityPrivate for user 0: +259ms
09-07 19:57:20.981 17226 17292 W AppInitScheduler|Run:   Finished MobileConfigSessionlessInit in 49ms
09-07 19:57:20.981 17226 17290 W AppInitScheduler|Schedule:   Executing 174:FriendlyFeedPrefetchOnFirstForegroundWarmStart
09-07 19:57:20.981 17226 17290 W AppInitScheduler|Run: Running InitExecutors [*], order=30, priorityHint=NORMAL 
09-07 19:57:20.989 17226 17292 W AppInitScheduler|Schedule:   Executing 131:E2EForceMobileConfigAdminIdFetch
09-07 19:57:20.989 17226 17292 W AppInitScheduler|Schedule:   Executing 133:E2EForceMobileConfigSessionlessFetch
09-07 19:57:20.989 17226 17292 W AppInitScheduler|Schedule:   Executing 393:PrivacyUiiDetectionLogger
09-07 19:57:20.989 17226 17292 W AppInitScheduler|Run: Running E2EForceMobileConfigAdminIdFetch [*], order=33, priorityHint=NORMAL 
09-07 19:57:20.990 17226 17292 W AppInitScheduler|Run:   Finished E2EForceMobileConfigAdminIdFetch in 1ms
09-07 19:57:20.990 17226 17292 W AppInitScheduler|Run: Running E2EForceMobileConfigSessionlessFetch [*], order=35, priorityHint=NORMAL 
09-07 19:57:20.991 17226 17292 W AppInitScheduler|Run:   Finished E2EForceMobileConfigSessionlessFetch in 0ms
09-07 19:57:20.991 17226 17292 W AppInitScheduler|Run: Running InitAppModuleFallbackLoader [*], order=37, priorityHint=NORMAL 
09-07 19:57:20.992 17226 17292 W AppInitScheduler|Run:   Finished InitAppModuleFallbackLoader in 1ms
09-07 19:57:21.016 17226 17292 W AppInitScheduler|Run: Running PrivacyUiiDetectionLogger [*], order=43, priorityHint=LOW 
09-07 19:57:21.020 10013 10013 W WindowOnBackDispatcher: sendCancelIfRunning: isInProgress=false callback=vbi@5352bea
09-07 19:57:21.021 10013 11099 I HWUI    : [setStopped] CanvasContext will be destroyed.
09-07 19:57:21.040 17226 17290 W AppInitScheduler|Run:   Finished InitExecutors in 58ms
09-07 19:57:21.040 17226 17290 W AppInitScheduler|Schedule:   Executing 436:StringResourcesDelegate
09-07 19:57:21.040 17226 17290 W AppInitScheduler|Schedule:   Executing 412:RunPerfMarkers
09-07 19:57:21.040 17226 17290 W AppInitScheduler|Schedule:   Executing 118:ComposerSavedSessionStoreInitializer
09-07 19:57:21.040 17226 17290 W AppInitScheduler|Schedule:   Executing 153:ErrorReporterSecondaryInit
09-07 19:57:21.040 17226 17290 W AppInitScheduler|Schedule:   Executing 210:InitLacrimaLaterInit
09-07 19:57:21.040 17226 17290 W AppInitScheduler|Schedule:   Executing 229:InitSurfaces
09-07 19:57:21.040 17226 17290 W AppInitScheduler|Schedule:   Executing 272:MobileConfigAdminIdLaterInit
09-07 19:57:21.040 17226 17290 W AppInitScheduler|Schedule:   Executing 277:MobileConfigSessionlessLaterInit
09-07 19:57:21.040 17226 17290 W AppInitScheduler|Run: Running StringResourcesDelegate [*], order=31, priorityHint=HIGH 
09-07 19:57:21.054 16016 16038 I Finsky  : [119] PN init
09-07 19:57:21.055 16016 16016 W AccessibilityDelegate: Drawing order is not available, was AccessibilityNodeInfo requested for a child node before its parent?
09-07 19:57:21.074 17226 17290 W FrscLanguagePackLoader: Loading FRSC strings for locale (en)
09-07 19:57:21.075 17226 17290 W AppInitScheduler|Run:   Finished StringResourcesDelegate in 34ms
09-07 19:57:21.075 17226 17290 W AppInitScheduler|Run: Running RunPerfMarkers [*], order=38, priorityHint=NORMAL 
09-07 19:57:21.080 10013 10013 I cr_A11yState: Enabled accessibility services list updated. [com.sand.airdroidkids/.services.AccessibilityLimitService]
09-07 19:57:21.081 10013 10013 I cr_A11yState: Informing listeners of changes.
09-07 19:57:21.081 10013 10013 I cr_A11yState: New AccessibilityState: State{isComplexUserInteractionServiceEnabled=true, isTouchExplorationEnabled=false, isPerformGesturesEnabled=true, isAnyAccessibilityServiceEnabled=true, isAccessibilityToolPresent=false, isTextShowPasswordEnabled=true, isOnlyAutofillRunning=false, isOnlyPasswordManagersEnabled=false, isKnownScreenReaderEnabled=false}
09-07 19:57:21.081 17226 17290 W StartupMetricTracker: Waiting for foreground/background determination...
09-07 19:57:21.083 17226 17290 W StartupMetricTracker: Begin BACKGROUND UNTRACKED start
09-07 19:57:21.102 17226 17290 E QPLProvider: QuickPerformanceLogger instance wasn't installed in provider, returning noop. Please call QuickPerformanceLoggerProvider.setQuickPerformanceLogger() before getting the instance.
09-07 19:57:21.102 17226 17290 E QPLProvider: java.lang.IllegalStateException: No QPL instance provided
09-07 19:57:21.102 17226 17290 E QPLProvider: 	at com.facebook.quicklog.QuickPerformanceLoggerProvider.getQPLInstance(:35)
09-07 19:57:21.102 17226 17290 E QPLProvider: 	at X.1FE.EtW(:1)
09-07 19:57:21.102 17226 17290 E QPLProvider: 	at X.1F5.<init>(:11)
09-07 19:57:21.102 17226 17290 E QPLProvider: 	at X.1FC.apply(:18)
09-07 19:57:21.102 17226 17290 E QPLProvider: 	at java.util.concurrent.ConcurrentHashMap.computeIfAbsent(ConcurrentHashMap.java:1729)
09-07 19:57:21.102 17226 17290 E QPLProvider: 	at X.1F1.A00(:71)
09-07 19:57:21.102 17226 17290 E QPLProvider: 	at X.1Eo.<clinit>(:2)
09-07 19:57:21.102 17226 17290 E QPLProvider: 	at X.1Em.<init>(:9)
09-07 19:57:21.102 17226 17290 E QPLProvider: 	at X.EEV.A0D(:317)
09-07 19:57:21.102 17226 17290 E QPLProvider: 	at X.EEV.A02(:3)
09-07 19:57:21.102 17226 17290 E QPLProvider: 	at X.EEV.A0E(:3)
09-07 19:57:21.102 17226 17290 E QPLProvider: 	at X.EEV.A03(:3)
09-07 19:57:21.102 17226 17290 E QPLProvider: 	at X.EEV.A04(:3)
09-07 19:57:21.102 17226 17290 E QPLProvider: 	at X.EEV.A0A(:11)
09-07 19:57:21.102 17226 17290 E QPLProvider: 	at X.EEV.A09(:9)
09-07 19:57:21.102 17226 17290 E QPLProvider: 	at X.EEV.A08(:11)
09-07 19:57:21.102 17226 17290 E QPLProvider: 	at X.17k.A01(:147)
09-07 19:57:21.102 17226 17290 E QPLProvider: 	at X.3OT.A03(:69)
09-07 19:57:21.102 17226 17290 E QPLProvider: 	at com.facebook.common.appinit.invoker.OnApplicationInitInvoker.CWu(:2200)
09-07 19:57:21.102 17226 17290 E QPLProvider: 	at X.0ju.run(:305)
09-07 19:57:21.102 17226 17290 E QPLProvider: 	at java.util.concurrent.ThreadPoolExecutor.runWorker(ThreadPoolExecutor.java:1100)
09-07 19:57:21.102 17226 17290 E QPLProvider: 	at java.util.concurrent.ThreadPoolExecutor$Worker.run(ThreadPoolExecutor.java:624)
09-07 19:57:21.102 17226 17290 E QPLProvider: 	at X.0EP.run(:11)
09-07 19:57:21.102 17226 17290 E QPLProvider: 	at java.lang.Thread.run(Thread.java:1572)
09-07 19:57:21.103 17226 17290 E AppState: Returning default for firstRunInfo
09-07 19:57:21.103 17226 17290 E AppState: Returning default for firstRunInfo
09-07 19:57:21.103 17226 17290 W AppInitScheduler|Run:   Finished RunPerfMarkers in 29ms
09-07 19:57:21.113 17226 17290 W AppInitScheduler|Run: Running EagerInitFBTigonLight [*], order=46, priorityHint=CRITICAL_PATH 
09-07 19:57:21.119 17226 17290 W AppInitScheduler|Run:   Finished EagerInitFBTigonLight in 11ms
09-07 19:57:21.119 17226 17290 W AppInitScheduler|Run: Running ZeroABTestStaticBootstrap [*], order=47, priorityHint=NORMAL 
09-07 19:57:21.120 17226 17290 W AppInitScheduler|Run:   Finished ZeroABTestStaticBootstrap in 0ms
09-07 19:57:21.120 17226 17290 W AppInitScheduler|Schedule:   Executing 135:EagerInitFBTigon
09-07 19:57:21.123 17226 17290 W AppInitScheduler|Run: Running EagerInitFBTigon [*], order=48, priorityHint=CRITICAL_PATH 
09-07 19:57:21.123 17226 17290 W AppInitScheduler|Run:   Finished EagerInitFBTigon in 1ms
09-07 19:57:21.123 17226 17290 W AppInitScheduler|Run: Running StartupDestinationAppInit [*], order=49, priorityHint=CRITICAL_PATH 
09-07 19:57:21.123 17226 17290 W AppInitScheduler|Run:   Finished StartupDestinationAppInit in 0ms
09-07 19:57:21.123 17226 17290 W AppInitScheduler|Schedule:   Executing 141:EarlyFetchStartupDestinationAppInit
09-07 19:57:21.123 17226 17290 W AppInitScheduler|Run: Running EarlyFetchStartupDestinationAppInit [*], order=50, priorityHint=CRITICAL_PATH 
09-07 19:57:21.123 17226 17290 W AppInitScheduler|Run:   Finished EarlyFetchStartupDestinationAppInit in 0ms
09-07 19:57:21.123 17226 17290 W AppInitScheduler|Run: Running StaticGraphServiceFactoryInitializer [*], order=51, priorityHint=CRITICAL_PATH 
09-07 19:57:21.130 10013 11372 I cr_BindingManager: onTrimMemory: level=20, size=1
09-07 19:57:21.136  8005  8005 I SubtypeOperator: SubtypeOperator$1.onUnbindInput():43 
09-07 19:57:21.136  8005  8005 I SubtypeOperator: SubtypeOperator$1.onBindInput():33 
09-07 19:57:21.137  8005  8005 I GoogleInputMethodService: GoogleInputMethodService.onFinishInput():2361 
09-07 19:57:21.139 17226 17290 W AppInitScheduler|Run:   Finished StaticGraphServiceFactoryInitializer in 16ms
09-07 19:57:21.139 17226 17290 W AppInitScheduler|Schedule:   Executing 182:GraphServiceEagerInit
09-07 19:57:21.141 17226 17290 W AppInitScheduler|Run: Running GraphServiceEagerInit [*], order=52, priorityHint=CRITICAL_PATH 
09-07 19:57:21.141 17226 17290 W AppInitScheduler|Run:   Finished GraphServiceEagerInit in 0ms
09-07 19:57:21.142 17226 17290 W AppInitScheduler|Run: Running HwuiSetStoppedEarlyInstall [*], order=53, priorityHint=CRITICAL_PATH 
09-07 19:57:21.142 17226 17290 W AppInitScheduler|Run:   Finished HwuiSetStoppedEarlyInstall in 0ms
09-07 19:57:21.142 17226 17290 W AppInitScheduler|Run: Running FbSharedPreferenceInitializerAsync, order=57, priorityHint=VERY_HIGH 
09-07 19:57:21.145  8005  8005 I GoogleInputMethodService: GoogleInputMethodService.onStartInput():1532 onStartInput(EditorInfo{EditorInfo{packageName=com.android.vending, inputType=0, inputTypeString=NULL, enableLearning=false, autoCorrection=false, autoComplete=false, imeOptions=0, privateImeOptions=null, actionName=UNSPECIFIED, actionLabel=null, initialSelStart=-1, initialSelEnd=-1, initialCapsMode=0, label=null, fieldId=0, fieldName=null, extras=null, hintText=null, hintLocales=[]}}, false)
09-07 19:57:21.145  8005 14660 I Module  : DeviceLockedStatusModuleProvider$Module.updateDeviceLockedStatusInternal():119 repeatCheckTimes = 0, locked = false
09-07 19:57:21.145  8005  8005 I LatinIMEBase: LatinIMEBase.updateInputViewCoverNavigation():316 Update input view padding, isNavbarOverInputWindow=true, bottom inset=132
09-07 19:57:21.150 17226 17296 W AppInitScheduler|Run:   Finished MobileConfigInit in 269ms
09-07 19:57:21.150 17226 17296 W AppInitScheduler|Schedule:   Executing 3:AnalyticsLoggerInit
09-07 19:57:21.150 17226 17296 W AppInitScheduler|Schedule:   Executing 163:FdidInitSync
09-07 19:57:21.150 17226 17296 W AppInitScheduler|Schedule:   Executing 239:LithoConfiguration
09-07 19:57:21.150 17226 17296 W AppInitScheduler|Schedule:   Executing 252:MaybeUnblockComponentsEarly
09-07 19:57:21.150 17226 17296 W AppInitScheduler|Schedule:   Executing 114:CheckUnstableContentProvider
09-07 19:57:21.150 17226 17296 W AppInitScheduler|Schedule:   Executing 431:StartupQPLInit
09-07 19:57:21.150 17226 17296 W AppInitScheduler|Schedule:   Executing 2:AnalyticsInit
09-07 19:57:21.150 17226 17296 W AppInitScheduler|Schedule:   Executing 115:ClientCacheEdgeManagerInitializer
09-07 19:57:21.150 17226 17296 W AppInitScheduler|Schedule:   Executing 116:ClientCacheEdgeManagerInitializerUserScoped
09-07 19:57:21.150 17226 17296 W AppInitScheduler|Schedule:   Executing 123:DgwEarlySyncInitializer
09-07 19:57:21.150 17226 17296 W AppInitScheduler|Schedule:   Executing 130:DownloadedFbResources
09-07 19:57:21.150 17226 17296 W AppInitScheduler|Schedule:   Executing 155:Fb4aReactEagerInitHotMCUnpacker
09-07 19:57:21.150 17226 17296 W AppInitScheduler|Schedule:   Executing 159:FbMsysPostBootstrapListenerRegistrarOnAppInit
09-07 19:57:21.150 17226 17296 W AppInitScheduler|Schedule:   Executing 348:NotifyAppStateManagerOnCreateComplete
09-07 19:57:21.150 17226 17296 W AppInitScheduler|Schedule:   Executing 167:FixieNoSync
09-07 19:57:21.150 17226 17296 W AppInitScheduler|Schedule:   Executing 189:INeedInitForSharedPrefsListenerRegister
09-07 19:57:21.150 17226 17296 W AppInitScheduler|Schedule:   Executing 206:InitFury
09-07 19:57:21.150 17226 17296 W AppInitScheduler|Schedule:   Executing 207:InitHelium
09-07 19:57:21.150 17226 17296 W AppInitScheduler|Schedule:   Executing 213:InitMemoryDumpHandler
09-07 19:57:21.150 17226 17296 W AppInitScheduler|Schedule:   Executing 232:InitTrafficNTS
09-07 19:57:21.150 17226 17296 W AppInitScheduler|Schedule:   Executing 244:LocationRequestDetector
09-07 19:57:21.150 17226 17296 W AppInitScheduler|Schedule:   Executing 355:PendingStoryStoreInitializer
09-07 19:57:21.150 17226 17296 W AppInitScheduler|Schedule:   Executing 377:PreloadNativeLibrariesVif
09-07 19:57:21.150 17226 17296 W AppInitScheduler|Schedule:   Executing 437:TabBadgeFetchAppInit
09-07 19:57:21.150 17226 17296 W AppInitScheduler|Schedule:   Executing 468:WarmFacebookEmojiFont
09-07 19:57:21.150 17226 17296 W AppInitScheduler|Schedule:   Executing 249:LongtailVoltronAppInit
09-07 19:57:21.150 17226 17296 W AppInitScheduler|Schedule:   Executing 361:PreloadCreatorsHomeToHUnit
09-07 19:57:21.150 17226 17296 W AppInitScheduler|Schedule:   Executing 415:ScreenOnFeedPrefetch
09-07 19:57:21.155 17226 17296 W AppInitScheduler|Run: Running AnalyticsLoggerInit [*], order=32, priorityHint=NORMAL 
09-07 19:57:21.155  8005 14942 I Module  : DeviceLockedStatusModuleProvider$Module.updateDeviceLockedStatusInternal():119 repeatCheckTimes = 1, locked = false
09-07 19:57:21.155 10013 10013 I ImeTracker: com.android.chrome:9f4f10fc: onRequestHide at ORIGIN_CLIENT reason HIDE_WINDOW_LOST_FOCUS fromUser false
09-07 19:57:21.160 17226 17290 W AppInitScheduler|Run:   Finished FbSharedPreferenceInitializerAsync in 19ms
09-07 19:57:21.161 17226 17290 W AppInitScheduler|Run: Running FdidInitSync [*], order=36, priorityHint=NORMAL 
09-07 19:57:21.179 10013 10013 I ImeTracker: com.android.chrome:9f4f10fc: onCancelled at PHASE_CLIENT_ALREADY_HIDDEN
09-07 19:57:21.179 17226 17292 W AppInitScheduler|Run:   Finished PrivacyUiiDetectionLogger in 172ms
09-07 19:57:21.179 17226 17292 W AppInitScheduler|Run: Running LithoConfiguration [*], order=40, priorityHint=NORMAL 
09-07 19:57:21.186 10013 10093 I cr_OPArchivePublisher: ADM threw while trying to remove a download. java.lang.IllegalArgumentException: input param 'ids' can't be null
09-07 19:57:21.223 16016 16038 I Finsky  : [119] GMS-INS: Get module metadata from GmsCore, package=com.realshare.app.
09-07 19:57:21.228 16016 16095 I cn_CronetUrlRequestContext: destroyNativeStreamLocked android.net.http.internal.org.chromium.net.impl.CronetBidirectionalStream@2dc222a
09-07 19:57:21.232 16016 16102 W HWUI    : Image decoding logging dropped!
09-07 19:57:21.247 16016 16050 I Finsky  : [131] Capture referrer for com.realshare.app
09-07 19:57:21.259 16016 16016 I ImeTracker: com.android.vending:d9ae7847: onCancelled at PHASE_CLIENT_ALREADY_HIDDEN
09-07 19:57:21.288 16016 16119 I PlayCommon: [167] Preparing logs for uploading
09-07 19:57:21.292 17226 17273 W AppInitScheduler|Schedule: Shutting down, all work scheduled.
09-07 19:57:21.292 17226 17273 W AppInitScheduler|Schedule: java.lang.RuntimeException
09-07 19:57:21.292 17226 17273 W AppInitScheduler|Schedule: 	at X.0k9.A03(:5)
09-07 19:57:21.292 17226 17273 W AppInitScheduler|Schedule: 	at com.facebook.katana.app.FacebookApplicationImpl.A00(:42)
09-07 19:57:21.292 17226 17273 W AppInitScheduler|Schedule: 	at X.0gZ.run(:9)
09-07 19:57:21.292 17226 17273 W AppInitScheduler|Schedule: Shut down called with 123 pending tasks
09-07 19:57:21.300 16016 16109 W HWUI    : Image decoding logging dropped!
09-07 19:57:21.301 17226 17265 W AppInitScheduler|Run: Running MaybeUnblockComponentsEarly [*], order=54, priorityHint=CRITICAL_PATH 
09-07 19:57:21.303 17226 17265 W AppInitScheduler|Run:   Finished MaybeUnblockComponentsEarly in 2ms
09-07 19:57:21.306 17226 17262 W AppInitScheduler|Run: Running CheckUnstableContentProvider, order=56, priorityHint=VERY_HIGH 
09-07 19:57:21.307 17226 17262 W AppInitScheduler|Run:   Finished CheckUnstableContentProvider in 2ms
09-07 19:57:21.308 17226 17263 W AppInitScheduler|Run: Running StartupQPLInit, order=59, priorityHint=VERY_HIGH 
09-07 19:57:21.308 17226 17291 W AppInitScheduler|Run: Running ZeroV2GateEarlyInit, order=60, priorityHint=VERY_HIGH 
09-07 19:57:21.308 17226 17291 W AppInitScheduler|Run:   Finished ZeroV2GateEarlyInit in 1ms
09-07 19:57:21.309 17226 17265 W AppInitScheduler|Run: Running WarmVolumeCache, order=63, priorityHint=HIGH 
09-07 19:57:21.309 17226 17265 W AppInitScheduler|Run:   Finished WarmVolumeCache in 1ms
09-07 19:57:21.309 17226 17265 W AppInitScheduler|Run: Running AddProcessNameToErrorReport, order=64, priorityHint=NORMAL 
09-07 19:57:21.310 17226 17265 W AppInitScheduler|Run:   Finished AddProcessNameToErrorReport in 0ms
09-07 19:57:21.310 17226 17265 W AppInitScheduler|Run: Running AnalyticsInit, order=65, priorityHint=NORMAL 
09-07 19:57:21.312 17226 17265 W AppInitScheduler|Run:   Finished AnalyticsInit in 3ms
09-07 19:57:21.313 17226 17265 W AppInitScheduler|Run: Running ClientCacheEdgeManagerInitializerUserScoped, order=69, priorityHint=NORMAL 
09-07 19:57:21.314 17226 17263 W QuickPerformanceLoggerModule: Providing QPL... begin
09-07 19:57:21.315 17226 17291 W AppInitScheduler|Run: Running EarliestPossibleColdStartClassPreloadStarter, order=61, priorityHint=HIGH 
09-07 19:57:21.330 16016 16119 I PlayCommon: [167] Connecting to server: https://play.googleapis.com/play/log?format=raw&proto_v2=true
09-07 19:57:21.341  8736  8757 I nd.airdroidkids: Background young concurrent copying GC freed 2237KB AllocSpace bytes, 0(0B) LOS objects, 10% free, 13MB/15MB, paused 76us,59us total 251.792ms
09-07 19:57:21.364 16016 16016 W HWUI    : Image decoding logging dropped!
09-07 19:57:21.370 16016 16095 I cn_CronetUrlRequestContext: destroyNativeStreamLocked android.net.http.internal.org.chromium.net.impl.CronetBidirectionalStream@1b8efd1
09-07 19:57:21.307 17226 17262 W AppInitScheduler|Run: Running PreloadStartupLightSharedPreferenceUsagesAppInit, order=58, priorityHint=VERY_HIGH 
09-07 19:57:21.389 17226 17291 W EarliestPossibleColdStartClassPreloadStarter: Class preload op code: 0
09-07 19:57:21.389 17226 17291 W AppInitScheduler|Run:   Finished EarliestPossibleColdStartClassPreloadStarter in 81ms
09-07 19:57:21.390 17226 17291 W AppInitScheduler|Schedule:   Executing 417:SecondaryDexPreloaderBg
09-07 19:57:21.393 16016 16016 E Finsky  : [2] ComposeVisualElement Error: veType=1869, CVE is already linked to the same parent
09-07 19:57:21.393 16016 16016 E Finsky  : [2] ComposeVisualElement Error: veType=1881, CVE is already linked to the same parent
09-07 19:57:21.393 16016 16016 E Finsky  : [2] ComposeVisualElement Error: veType=1894, CVE is already linked to the same parent
09-07 19:57:21.393 16016 16016 E Finsky  : [2] ComposeVisualElement Error: veType=1865, CVE is already linked to the same parent
09-07 19:57:21.393 16016 16016 E Finsky  : [2] ComposeVisualElement Error: veType=1863, CVE is already linked to the same parent
09-07 19:57:21.393 16016 16016 E Finsky  : [2] ComposeVisualElement Error: veType=1862, CVE is already linked to the same parent
09-07 19:57:21.400 17226 17262 W AppInitScheduler|Run:   Finished PreloadStartupLightSharedPreferenceUsagesAppInit in 92ms
09-07 19:57:21.401 17226 17291 W AppInitScheduler|Run: Running DgwEarlySyncInitializer, order=71, priorityHint=NORMAL 
09-07 19:57:21.402 17226 17291 W AppInitScheduler|Run:   Finished DgwEarlySyncInitializer in 2ms
09-07 19:57:21.403 17226 17291 W AppInitScheduler|Run: Running DownloadedFbResources, order=72, priorityHint=NORMAL 
09-07 19:57:21.411 17226 17263 E facebook.katana: No implementation found for void com.facebook.quicklog.QuickPerformanceLoggerNativeProvider.nativeUpdateQPLInstance() (tried Java_com_facebook_quicklog_QuickPerformanceLoggerNativeProvider_nativeUpdateQPLInstance and Java_com_facebook_quicklog_QuickPerformanceLoggerNativeProvider_nativeUpdateQPLInstance__) - is the library loaded, e.g. System.loadLibrary?
09-07 19:57:21.439 16016 16145 I Finsky  : [188] GMS-INS: Metadata response for package:com.realshare.app, status:4
09-07 19:57:21.444 16016 16016 E Finsky  : [2] ComposeVisualElement Error: veType=1921, CVE is already removed from parent
09-07 19:57:21.457 17226 17262 W AppInitScheduler|Run: Running ErrorReporterSecondaryInit, order=73, priorityHint=NORMAL 
09-07 19:57:21.462 16016 16041 I Finsky  : [122] DM: Start summary flow
09-07 19:57:21.477 16016 16119 I PlayCommon: [167] Successfully uploaded logs.
09-07 19:57:21.484 16016 16095 I cn_CronetUrlRequestContext: destroyNativeStreamLocked android.net.http.internal.org.chromium.net.impl.CronetBidirectionalStream@a906cd2
09-07 19:57:21.530 17443 17443 W ComponentDiscovery: Class com.google.firebase.installations.FirebaseInstallationsKtxRegistrar is not an found.
09-07 19:57:21.571 16016 16041 E Finsky  : [122] Unhandled button type.
09-07 19:57:21.579 16016 16038 E Finsky  : [119] Unhandled button type.
09-07 19:57:21.630 16016 16039 E Finsky  : [120] Unhandled CTA button type: BUTTON_WITH_LINK
09-07 19:57:21.630 16016 16041 E Finsky  : [122] Unhandled CTA button type: BUTTON_WITH_LINK
09-07 19:57:21.630 16016 16112 I android.vending: Waiting for a blocking GC Explicit
09-07 19:57:21.635 16970 17248 I SQLiteConnection: Long db operation: /data/user/0/com.google.android.calendar/no_backup/androidx.work.workdb
09-07 19:57:21.638 16016 16016 E Finsky  : [2] ComposeVisualElement Error: veType=4152, CVE is already linked to the same parent
09-07 19:57:21.639 16016 16016 E Finsky  : [2] ComposeVisualElement Error: veType=480, CVE is already linked to the same parent
09-07 19:57:21.639 16016 16016 E Finsky  : [2] ComposeVisualElement Error: veType=400, CVE is already linked to the same parent
09-07 19:57:21.643 16016 16039 E Finsky  : [120] Unhandled button type.
09-07 19:57:21.663 17443 17443 W PhenotypeFlag: Setting enableAutoSubpackage on SharedPrefs-backed flags
09-07 19:57:21.669 17226 17264 W AppInitScheduler|Run: Running ClientCacheEdgeManagerInitializer, order=68, priorityHint=NORMAL 
09-07 19:57:21.669 17226 17297 W AppInitScheduler|Run: Running ComposerSavedSessionStoreInitializer, order=70, priorityHint=NORMAL 
09-07 19:57:21.670 17226 17297 W AppInitScheduler|Run:   Finished ComposerSavedSessionStoreInitializer in 351ms
09-07 19:57:21.670 17226 17297 W AppInitScheduler|Run: Running Fb4aReactEagerInitHotMCUnpacker, order=74, priorityHint=NORMAL 
09-07 19:57:21.670 17226 17297 E AppState: Returning default for firstRunInfo
09-07 19:57:21.670 16970 17040 I SQLiteConnection: Long db operation: /data/user/0/com.google.android.calendar/databases/cal_v2a
09-07 19:57:21.670 17226 17297 E AppState: Returning default for firstRunInfo
09-07 19:57:21.671 17226 17297 E AppState: Returning default for firstRunInfo
09-07 19:57:21.671 17226 17297 W AppInitScheduler|Run:   Finished Fb4aReactEagerInitHotMCUnpacker in 1ms
09-07 19:57:21.671 17226 17297 W AppInitScheduler|Run: Running FbMCPPluginInitializer, order=75, priorityHint=NORMAL 
09-07 19:57:21.685 17226 17297 W AppInitScheduler|Run:   Finished FbMCPPluginInitializer in 15ms
09-07 19:57:21.689 17226 17297 W AppInitScheduler|Run: Running FbMsysPostBootstrapListenerRegistrarOnAppInit, order=77, priorityHint=NORMAL 
09-07 19:57:21.689 17226 17297 W AppInitScheduler|Run:   Finished FbMsysPostBootstrapListenerRegistrarOnAppInit in 0ms
09-07 19:57:21.690 17226 17297 W AppInitScheduler|Run: Running NotifyAppStateManagerOnCreateComplete, order=78, priorityHint=NORMAL 
09-07 19:57:21.690 17226 17297 W AppInitScheduler|Run:   Finished NotifyAppStateManagerOnCreateComplete in 0ms
09-07 19:57:21.690 17226 17297 W AppInitScheduler|Schedule:   Executing 162:FbSharedUIQREnvironment
09-07 19:57:21.691 17226 17297 W AppInitScheduler|Run: Running FbSharedUIQREnvironment, order=79, priorityHint=NORMAL 
09-07 19:57:21.698 17226 17297 W AppInitScheduler|Run:   Finished FbSharedUIQREnvironment in 7ms
09-07 19:57:21.698 17226 17297 W AppInitScheduler|Schedule:   Executing 236:LanguageSwitcherCommonExInit
09-07 19:57:21.698 17226 17297 W AppInitScheduler|Run: Running FixieActivityManagerHook, order=80, priorityHint=NORMAL 
09-07 19:57:21.700 17226 17297 W AppInitScheduler|Run:   Finished FixieActivityManagerHook in 2ms
09-07 19:57:21.701 17226 17297 W AppInitScheduler|Run: Running FixieLimitNativeStackSize, order=81, priorityHint=NORMAL 
09-07 19:57:21.701 17226 17297 W AppInitScheduler|Run:   Finished FixieLimitNativeStackSize in 1ms
09-07 19:57:21.702 17226 17297 W AppInitScheduler|Run: Running FixieNoSync, order=82, priorityHint=NORMAL 
09-07 19:57:21.702 17226 17297 W AppInitScheduler|Run:   Finished FixieNoSync in 0ms
09-07 19:57:21.702 17226 17297 W AppInitScheduler|Run: Running InitAppChoreographer, order=83, priorityHint=NORMAL 
09-07 19:57:21.703 17226 17297 W AppInitScheduler|Run:   Finished InitAppChoreographer in 2ms
09-07 19:57:21.704 17226 17297 W AppInitScheduler|Schedule:   Executing 218:InitPeriodicThreadBooster
09-07 19:57:21.704 17226 17297 W AppInitScheduler|Run: Running HandleAppComponentsForPreTosBuild, order=85, priorityHint=NORMAL 
09-07 19:57:21.708 17226 17297 W AppInitScheduler|Run:   Finished HandleAppComponentsForPreTosBuild in 4ms
09-07 19:57:21.709 17226 17297 W AppInitScheduler|Run: Running INeedInitForEventBusRegister, order=87, priorityHint=NORMAL 
09-07 19:57:21.710 17226 17297 W AppInitScheduler|Run:   Finished INeedInitForEventBusRegister in 1ms
09-07 19:57:21.710 17226 17297 W AppInitScheduler|Run: Running INeedInitForSharedPrefsListenerRegister, order=88, priorityHint=NORMAL 
09-07 19:57:21.775  3867  4305 I GoogleSignatureVerifier: package info is not set correctly
09-07 19:57:21.777 17443 17443 W PhenotypeFlag: Setting enableAutoSubpackage on SharedPrefs-backed flags
09-07 19:57:21.780 16016 16111 W HWUI    : Image decoding logging dropped!
09-07 19:57:21.788 16016 16016 E Finsky  : [2] ComposeVisualElement Error: veType=480, CVE is already removed from parent
09-07 19:57:21.788 16016 16016 E Finsky  : [2] ComposeVisualElement Error: veType=480, CVE is already removed from parent
09-07 19:57:21.411 17226 17263 W QPLProvider: QuickPerformanceLoggerProvider failed to update native QPL instance, native library. This is expected during early app initialization
09-07 19:57:21.792 16016 16016 E Finsky  : [2] ComposeVisualElement Error: veType=1921, CVE is already removed from parent
09-07 19:57:21.792 16016 16016 E Finsky  : [2] ComposeVisualElement Error: veType=1874, CVE is already removed from parent
09-07 19:57:21.796 16016 16106 W HWUI    : Image decoding logging dropped!
09-07 19:57:21.798 17443 17443 W PhenotypeFlag: Setting enableAutoSubpackage on SharedPrefs-backed flags
09-07 19:57:21.812 17443 17443 W PhenotypeFlag: Setting enableAutoSubpackage on SharedPrefs-backed flags
09-07 19:57:21.815 17226 17263 W QuickPerformanceLoggerModule: Providing QPL... end
09-07 19:57:21.818 17226 17263 W AppInitScheduler|Run:   Finished StartupQPLInit in 510ms
09-07 19:57:21.832 16016 16078 W HWUI    : Image decoding logging dropped!
09-07 19:57:21.832 17443 17443 W PhenotypeFlag: Setting enableAutoSubpackage on SharedPrefs-backed flags
09-07 19:57:21.833 16016 16143 W HWUI    : Image decoding logging dropped!
09-07 19:57:21.834 16016 16107 W HWUI    : Image decoding logging dropped!
09-07 19:57:21.835 17226 17264 W AppInitScheduler|Run:   Finished ClientCacheEdgeManagerInitializer in 518ms
09-07 19:57:21.835 17226 17264 W AppInitScheduler|Run: Running InitAndroidX, order=89, priorityHint=NORMAL 
09-07 19:57:21.837 17226 17264 W AppInitScheduler|Run:   Finished InitAndroidX in 1ms
09-07 19:57:21.837 17226 17264 W AppInitScheduler|Run: Running InitFury, order=91, priorityHint=NORMAL 
09-07 19:57:21.838 17443 17443 W PhenotypeFlag: Setting enableAutoSubpackage on SharedPrefs-backed flags
09-07 19:57:21.839 17226 17265 W AppInitScheduler|Run:   Finished ClientCacheEdgeManagerInitializerUserScoped in 526ms
09-07 19:57:21.839 17226 17265 W AppInitScheduler|Run: Running InitHelium, order=92, priorityHint=NORMAL 
09-07 19:57:21.841 17226 17262 W AppInitScheduler|Run:   Finished ErrorReporterSecondaryInit in 384ms
09-07 19:57:21.841 17226 17262 W AppInitScheduler|Run: Running InitLacrimaLaterInit, order=93, priorityHint=NORMAL 
09-07 19:57:21.841 17226 17262 W lacrima : FbErrorReportingConfig.laterInit
09-07 19:57:21.845 17443 17443 W PhenotypeFlag: Setting enableAutoSubpackage on SharedPrefs-backed flags
09-07 19:57:21.849 17443 17443 W PhenotypeFlag: Setting enableAutoSubpackage on SharedPrefs-backed flags
09-07 19:57:21.857 16016 16106 W HWUI    : Image decoding logging dropped!
09-07 19:57:21.863 16016 16109 W HWUI    : Image decoding logging dropped!
09-07 19:57:21.866 16016 16145 W HWUI    : Image decoding logging dropped!
09-07 19:57:21.869 17443 17443 W PhenotypeFlag: Setting enableAutoSubpackage on SharedPrefs-backed flags
09-07 19:57:21.877 16016 16107 W HWUI    : Image decoding logging dropped!
09-07 19:57:21.892 17443 17443 W PhenotypeFlag: Setting enableAutoSubpackage on SharedPrefs-backed flags
09-07 19:57:21.894 16016 16106 W HWUI    : Image decoding logging dropped!
09-07 19:57:21.899 17226 17263 W AppInitScheduler|Schedule:   Executing 368:PreloadFeedRequestHighPriority
09-07 19:57:21.900 17226 17263 W AppInitScheduler|Schedule:   Executing 186:INeedInitForBroadcastReceiverRegister
09-07 19:57:21.900 17226 17263 W AppInitScheduler|Schedule:   Executing 205:InitFeedVpvSeenStore
09-07 19:57:21.900 17226 17265 W AppInitScheduler|Run:   Finished InitHelium in 61ms
09-07 19:57:21.900 17226 17263 W AppInitScheduler|Schedule:   Executing 372:PreloadIconsInit
09-07 19:57:21.900 17226 17263 W AppInitScheduler|Schedule:   Executing 380:PreloadReelsCsrForReelsTabStarts
09-07 19:57:21.900 17226 17263 W AppInitScheduler|Schedule:   Executing 389:PreloadVideoHomeDataController
09-07 19:57:21.901 17226 17263 W AppInitScheduler|Schedule:   Executing 394:ProfiloBridgeFactoryImpl
09-07 19:57:21.901 17226 17263 W AppInitScheduler|Schedule:   Executing 408:ReliabilityUserPerceptibleScopeToQPL
09-07 19:57:21.901 17226 17263 W AppInitScheduler|Schedule:   Executing 363:PreloadFeedDataLoader
09-07 19:57:21.901 17226 17263 W AppInitScheduler|Schedule:   Executing 365:PreloadFeedFullCacheLoad
09-07 19:57:21.901 17226 17263 W AppInitScheduler|Schedule:   Executing 142:EarlyInitStoriesTrayForActivity
09-07 19:57:21.901 17226 17263 W AppInitScheduler|Schedule:   Executing 235:KeepWarm
09-07 19:57:21.901 17226 17263 W AppInitScheduler|Schedule:   Executing 270:MetaCasper
09-07 19:57:21.901 17226 17263 W AppInitScheduler|Schedule:   Executing 354:PartialScrollOnFirstForegroundWarmStart
09-07 19:57:21.902 17226 17263 W AppInitScheduler|Schedule:   Executing 366:PreloadFeedRequest
09-07 19:57:21.902 17226 17263 W AppInitScheduler|Schedule:   Executing 358:PreloadClashManager
09-07 19:57:21.902 17226 17263 W AppInitScheduler|Schedule:   Executing 362:PreloadFeedConfig
09-07 19:57:21.902 17226 17263 W AppInitScheduler|Schedule:   Executing 364:PreloadFeedFetchMetadata
09-07 19:57:21.902 17226 17263 W AppInitScheduler|Schedule:   Executing 367:PreloadFeedRequestForAllStarts
09-07 19:57:21.902 17226 17263 W AppInitScheduler|Schedule:   Executing 369:PreloadFreshFeedRanker
09-07 19:57:21.902 17226 17263 W AppInitScheduler|Schedule:   Executing 370:PreloadFriendlyFeedFullCacheLoad
09-07 19:57:21.902 17226 17263 W AppInitScheduler|Schedule:   Executing 371:PreloadHeroManager
09-07 19:57:21.903 17226 17263 W AppInitScheduler|Schedule:   Executing 385:PreloadStoriesTrayFetchController
09-07 19:57:21.903 17226 17263 W AppInitScheduler|Schedule:   Executing 386:PreloadStoriesTrayQuery
09-07 19:57:21.903 17226 17263 W AppInitScheduler|Schedule:   Executing 387:PreloadStoryAdsInStoriesTray
09-07 19:57:21.903 17226 17263 W AppInitScheduler|Schedule:   Executing 388:PreloadTabPreloadablesBackgroundPrefetch
09-07 19:57:21.904 17226 17263 W AppInitScheduler|Schedule:   Executing 390:PreloadVideoPrivateSharing
09-07 19:57:21.904 17226 17263 W AppInitScheduler|Schedule:   Executing 422:SetupBlockingBackgroundComponentReporting
09-07 19:57:21.904 17226 17263 W AppInitScheduler|Schedule:   Executing 432:StartupQPLReplayer
09-07 19:57:21.904 17226 17263 W AppInitScheduler|Schedule:   Executing 465:VideoMetaCasper
09-07 19:57:21.904 17226 17263 W AppInitScheduler|Run: Running PreloadFeedRequestHighPriority, order=62, priorityHint=HIGH 
09-07 19:57:21.905 17226 17263 W AppInitScheduler|Run:   Finished PreloadFeedRequestHighPriority in 1ms
09-07 19:57:21.905 17226 17263 W AppInitScheduler|Run: Running INeedInitForBroadcastReceiverRegister, order=86, priorityHint=NORMAL 
09-07 19:57:21.913 16016 16109 W HWUI    : Image decoding logging dropped!
09-07 19:57:21.915 14328 15169 I MdiSyncModule: (REDACTED) Receiving API connection from package '%s'...
09-07 19:57:21.917 17443 17542 W PhenotypeFlag: Setting enableAutoSubpackage on SharedPrefs-backed flags
09-07 19:57:21.917 17443 17542 W PhenotypeFlag: Setting enableAutoSubpackage on SharedPrefs-backed flags
09-07 19:57:21.925 16016 16107 W HWUI    : Image decoding logging dropped!
09-07 19:57:21.927 17443 17542 W PhenotypeFlag: Setting enableAutoSubpackage on SharedPrefs-backed flags
09-07 19:57:21.959 17443 17564 W PhenotypeFlag: Setting enableAutoSubpackage on SharedPrefs-backed flags
09-07 19:57:21.962 17443 17443 W PhenotypeFlag: Setting enableAutoSubpackage on SharedPrefs-backed flags
09-07 19:57:21.969 17443 17443 W PhenotypeFlag: Setting enableAutoSubpackage on SharedPrefs-backed flags
09-07 19:57:21.976 14328 15169 I MdiSyncModule: API connection successful!
09-07 19:57:21.990 17226 17265 W AppInitScheduler|Run: Running InitFeedVpvSeenStore, order=90, priorityHint=NORMAL 
09-07 19:57:21.995 17443 17443 W PhenotypeFlag: Setting enableAutoSubpackage on SharedPrefs-backed flags
09-07 19:57:21.996 17226 17290 W AppInitScheduler|Run:   Finished FdidInitSync in 835ms
09-07 19:57:21.996 17226 17290 W AppInitScheduler|Run: Running InitLogging, order=94, priorityHint=NORMAL 
09-07 19:57:21.998 17443 17443 W PhenotypeFlag: Setting enableAutoSubpackage on SharedPrefs-backed flags
09-07 19:57:22.000 17226 17296 W fb4a.EndToEndAnalyticsEventListener: WRITE_ANALYTICS_TO_LOGCAT = null, EndToEnd.isRunningEndToEndTest() = false
09-07 19:57:22.008 17443 17579 W PhenotypeFlag: Setting enableAutoSubpackage on SharedPrefs-backed flags
09-07 19:57:22.011 17443 17443 W PhenotypeFlag: Setting enableAutoSubpackage on SharedPrefs-backed flags
09-07 19:57:22.012 17226 17290 W fb4a.AppInitScheduler|Run:   Finished InitLogging in 2ms
09-07 19:57:22.012 17226 17290 W fb4a.AppInitScheduler|Run: Running InitMallocHooks, order=95, priorityHint=NORMAL 
09-07 19:57:22.012 17226 17290 W fb4a.1EH: GWP-ASan gate: noMallocHooks=false, enableGwpAsan=false
09-07 19:57:22.013 17226 17290 W fb4a.AppInitScheduler|Run:   Finished InitMallocHooks in 1ms
09-07 19:57:22.013 17226 17290 W fb4a.AppInitScheduler|Run: Running InitMemoryDumpHandler, order=96, priorityHint=NORMAL 
09-07 19:57:22.013 17226 17290 W fb4a.AppInitScheduler|Run:   Finished InitMemoryDumpHandler in 0ms
09-07 19:57:22.013 17226 17290 W fb4a.AppInitScheduler|Run: Running InitSurfaces, order=100, priorityHint=NORMAL 
09-07 19:57:22.019 17443 17565 W PhenotypeFlag: Setting enableAutoSubpackage on SharedPrefs-backed flags
09-07 19:57:22.022 16016 16107 W ratelimit: Single process limit 50/s drop 7 lines.
09-07 19:57:22.022 16016 16107 W HWUI    : Image decoding logging dropped!
09-07 19:57:22.023 17443 17443 W PhenotypeFlag: Setting enableAutoSubpackage on SharedPrefs-backed flags
09-07 19:57:22.026 16016 16109 W HWUI    : Image decoding logging dropped!
09-07 19:57:22.031 17226 17297 W fb4a.AppInitScheduler|Run:   Finished INeedInitForSharedPrefsListenerRegister in 320ms
09-07 19:57:22.031 17226 17297 W fb4a.AppInitScheduler|Run: Running InitSystrace, order=101, priorityHint=NORMAL 
09-07 19:57:22.035 16016 16106 W HWUI    : Image decoding logging dropped!
09-07 19:57:22.037 17226 17297 W fb4a.AppInitScheduler|Run:   Finished InitSystrace in 5ms
09-07 19:57:22.037 17226 17297 W fb4a.AppInitScheduler|Run: Running InitTrafficNTS, order=102, priorityHint=NORMAL 
09-07 19:57:22.042 17443 17545 I FA      : App measurement initialized, version: 183000
09-07 19:57:22.042 17443 17545 I FA      : To enable debug logging run: adb shell setprop log.tag.FA VERBOSE
09-07 19:57:22.042 17443 17545 I FA      : To enable faster debug mode event logging run:
09-07 19:57:22.042 17443 17545 I FA      :   adb shell setprop debug.firebase.analytics.app com.google.android.apps.chromecast.app
09-07 19:57:22.042 17226 17297 W fb4a.AppInitScheduler|Run:   Finished InitTrafficNTS in 5ms
09-07 19:57:22.043 17226 17297 W fb4a.AppInitScheduler|Run: Running LanguageSwitcherCommonExInit, order=103, priorityHint=NORMAL 
09-07 19:57:22.044 16016 16216 I android.vending: Explicit concurrent copying GC freed 3772KB AllocSpace bytes, 1(28KB) LOS objects, 25% free, 71MB/95MB, paused 400us,268us total 3.142s
09-07 19:57:22.046 16016 16112 I android.vending: Waiting for a blocking GC Explicit
09-07 19:57:22.062 16016 16109 W HWUI    : Image decoding logging dropped!
09-07 19:57:22.067 16016 16107 W HWUI    : Image decoding logging dropped!
09-07 19:57:22.075 17589 17589 I droid.apps.docs: Using generational CollectorTypeCC GC.
09-07 19:57:22.085 17589 17589 E droid.apps.docs: BBinder_init Processname  com.google.android.apps.docs  
09-07 19:57:22.085 17589 17589 E droid.apps.docs: BBinder_init hasGetProcessName  com.google.android.apps.docs
09-07 19:57:22.086 17226 17291 W fb4a.AppInitScheduler|Run:   Finished DownloadedFbResources in 684ms
09-07 19:57:22.087 17226 17291 W fb4a.AppInitScheduler|Run: Running LocationRequestDetector, order=104, priorityHint=NORMAL 
09-07 19:57:22.088 17226 17291 W fb4a.AppInitScheduler|Run:   Finished LocationRequestDetector in 1ms
09-07 19:57:22.090 17226 17291 W fb4a.AppInitScheduler|Run: Running LogController, order=105, priorityHint=NORMAL 
09-07 19:57:22.092 16016 16109 W HWUI    : Image decoding logging dropped!
09-07 19:57:22.092 17226 17291 W fb4a.AppInitScheduler|Run:   Finished LogController in 3ms
09-07 19:57:22.093 17226 17291 W fb4a.AppInitScheduler|Run: Running NpuSrRendererInitializer, order=108, priorityHint=NORMAL 
09-07 19:57:22.094 16016 16107 W HWUI    : Image decoding logging dropped!
09-07 19:57:22.099 17226 17291 W fb4a.AppInitScheduler|Run:   Finished NpuSrRendererInitializer in 6ms
09-07 19:57:22.099 17226 17291 W fb4a.AppInitScheduler|Run: Running ObjectCountJestE2EBridge, order=109, priorityHint=NORMAL 
09-07 19:57:22.099 17226 17291 W fb4a.AppInitScheduler|Run:   Finished ObjectCountJestE2EBridge in 1ms
09-07 19:57:22.099 17226 17291 W fb4a.AppInitScheduler|Run: Running PendingStoryStoreInitializer, order=110, priorityHint=NORMAL 
09-07 19:57:22.100 17226 17291 W fb4a.AppInitScheduler|Run:   Finished PendingStoryStoreInitializer in 0ms
09-07 19:57:22.100 17226 17291 W fb4a.AppInitScheduler|Run: Running PreloadIconsInit, order=111, priorityHint=NORMAL 
09-07 19:57:22.101 17226 17291 W fb4a.AppInitScheduler|Run:   Finished PreloadIconsInit in 2ms
09-07 19:57:22.102 17226 17291 W fb4a.AppInitScheduler|Run: Running PreloadNativeLibrariesVif, order=112, priorityHint=NORMAL 
09-07 19:57:22.102 17226 17291 W fb4a.AppInitScheduler|Run:   Finished PreloadNativeLibrariesVif in 0ms
09-07 19:57:22.102 17226 17291 W fb4a.AppInitScheduler|Run: Running PreloadReelsCsrForReelsTabStarts, order=113, priorityHint=NORMAL 
09-07 19:57:22.105 17226 17291 W fb4a.AppInitScheduler|Run:   Finished PreloadReelsCsrForReelsTabStarts in 3ms
09-07 19:57:22.105 17226 17291 W fb4a.AppInitScheduler|Run: Running PreloadVideoHomeDataController, order=114, priorityHint=NORMAL 
09-07 19:57:22.105 17226 17291 W fb4a.AppInitScheduler|Run:   Finished PreloadVideoHomeDataController in 1ms
09-07 19:57:22.105 17226 17291 W fb4a.AppInitScheduler|Run: Running ProfiloBridgeFactoryImpl, order=115, priorityHint=NORMAL 
09-07 19:57:22.112 16016 16106 W HWUI    : Image decoding logging dropped!
09-07 19:57:22.127 16016 16107 W HWUI    : Image decoding logging dropped!
09-07 19:57:22.131 16016 16109 W HWUI    : Image decoding logging dropped!
09-07 19:57:22.154 17589 17589 W droid.apps.docs: Failed to find entry 'classes.dex': Entry not found
09-07 19:57:22.154 16016 16107 W HWUI    : Image decoding logging dropped!
09-07 19:57:22.157 17589 17589 W droid.apps.docs: Failed to find entry 'classes.dex': Entry not found
09-07 19:57:22.160 17589 17589 W droid.apps.docs: Failed to find entry 'classes.dex': Entry not found
09-07 19:57:22.161 16016 16111 W HWUI    : Image decoding logging dropped!
09-07 19:57:22.166 16016 16106 W HWUI    : Image decoding logging dropped!
09-07 19:57:22.168 16016 16109 W HWUI    : Image decoding logging dropped!
09-07 19:57:22.183 17589 17589 I droid.apps.docs: AssetManager2(0xb400007395e1f118) locale list changing from [] to [en-IN]
09-07 19:57:22.185 16016 16107 W HWUI    : Image decoding logging dropped!
09-07 19:57:22.194 16016 16109 W HWUI    : Image decoding logging dropped!
09-07 19:57:22.207 16016 16111 W HWUI    : Image decoding logging dropped!
09-07 19:57:22.209 16016 16107 W HWUI    : Image decoding logging dropped!
09-07 19:57:22.223 17443 17564 W bqmz    : Failed to create JWT helper. This is unexpected
09-07 19:57:22.223 17443 17564 W bqmz    : java.lang.NoSuchMethodException: artb.getScopes []
09-07 19:57:22.223 17443 17564 W bqmz    : 	at java.lang.Class.getMethod(Class.java:2942)
09-07 19:57:22.223 17443 17564 W bqmz    : 	at java.lang.Class.getMethod(Class.java:2442)
09-07 19:57:22.223 17443 17564 W bqmz    : 	at bqmx.<init>(PG:15)
09-07 19:57:22.223 17443 17564 W bqmz    : 	at bqmz.<clinit>(PG:27)
09-07 19:57:22.223 17443 17564 W bqmz    : 	at ajkb.b(PG:83)
09-07 19:57:22.223 17443 17564 W bqmz    : 	at aelq.run(PG:784)
09-07 19:57:22.223 17443 17564 W bqmz    : 	at aelw.run(PG:5)
09-07 19:57:22.223 17443 17564 W bqmz    : 	at atcl.run(PG:44)
09-07 19:57:22.223 17443 17564 W bqmz    : 	at aelq.run(PG:872)
09-07 19:57:22.223 17443 17564 W bqmz    : 	at hma.run(PG:197)
09-07 19:57:22.223 17443 17564 W bqmz    : 	at java.lang.Thread.run(Thread.java:1572)
09-07 19:57:22.223 17443 17564 W bqmz    : 	at aemw.run(PG:51)
09-07 19:57:22.224 17443 17564 W PhenotypeFlag: Setting enableAutoSubpackage on SharedPrefs-backed flags
09-07 19:57:22.224 16016 16109 W HWUI    : Image decoding logging dropped!
09-07 19:57:22.234 16016 16111 W HWUI    : Image decoding logging dropped!
09-07 19:57:22.268 17226 17297 W fb4a.AppInitScheduler|Run:   Finished LanguageSwitcherCommonExInit in 226ms
09-07 19:57:22.268 16016 16106 W HWUI    : Image decoding logging dropped!
09-07 19:57:22.268 17226 17297 W fb4a.AppInitScheduler|Run: Running RasFileInitializer, order=116, priorityHint=NORMAL 
09-07 19:57:22.269 17226 17297 W fb4a.AppInitScheduler|Run:   Finished RasFileInitializer in 0ms
09-07 19:57:22.269 17226 17297 W fb4a.AppInitScheduler|Run: Running RegisterMainLooperTracer, order=117, priorityHint=NORMAL 
09-07 19:57:22.269 17226 17297 W fb4a.AppInitScheduler|Run:   Finished RegisterMainLooperTracer in 0ms
09-07 19:57:22.269 17226 17297 W fb4a.AppInitScheduler|Run: Running ReleaseDeferredBroadcastReceiver, order=118, priorityHint=NORMAL 
09-07 19:57:22.269 17226 17297 W fb4a.AppInitScheduler|Run:   Finished ReleaseDeferredBroadcastReceiver in 0ms
09-07 19:57:22.269 17226 17297 W fb4a.AppInitScheduler|Run: Running ReliabilityExperiments, order=119, priorityHint=NORMAL 
09-07 19:57:22.441 17589 17589 W ComponentDiscovery: Class com.google.firebase.installations.FirebaseInstallationsKtxRegistrar is not an found.
09-07 19:57:22.449 17226 17265 W fb4a.AppInitScheduler|Run:   Finished InitFeedVpvSeenStore in 460ms
09-07 19:57:22.460 17589 17651 W CacheStorage: cache doesn't exist
09-07 19:57:22.468 17589 17651 W CacheStorage: cache doesn't exist
09-07 19:57:22.486 16016 16102 W HWUI    : Image decoding logging dropped!
09-07 19:57:22.493 17226 17263 W fb4a.AppInitScheduler|Run:   Finished INeedInitForBroadcastReceiverRegister in 588ms
09-07 19:57:22.494 17226 17263 W fb4a.AppInitScheduler|Run: Running SetupDynaBuilds, order=123, priorityHint=NORMAL 
09-07 19:57:22.499 17226 17263 W fb4a.AppInitScheduler|Run:   Finished SetupDynaBuilds in 6ms
09-07 19:57:22.499 17226 17263 W fb4a.AppInitScheduler|Run: Running TabBadgeFetchAppInit, order=124, priorityHint=NORMAL 
09-07 19:57:22.499 17226 17263 W fb4a.AppInitScheduler|Run:   Finished TabBadgeFetchAppInit in 0ms
09-07 19:57:22.499 17226 17263 W fb4a.AppInitScheduler|Run: Running WarmFacebookEmojiFont, order=125, priorityHint=NORMAL 
09-07 19:57:22.499 17226 17263 W fb4a.AppInitScheduler|Run:   Finished WarmFacebookEmojiFont in 1ms
09-07 19:57:22.500 17226 17263 W fb4a.AppInitScheduler|Run: Running WhitehatOverlayInitializer, order=126, priorityHint=NORMAL 
09-07 19:57:22.510 17226 17263 W fb4a.AppInitScheduler|Run:   Finished WhitehatOverlayInitializer in 10ms
09-07 19:57:22.510 17226 17263 W fb4a.AppInitScheduler|Run: Running PreloadFeedDataLoader, order=127, priorityHint=LOW 
09-07 19:57:22.513 17226 17265 W fb4a.AppInitScheduler|Run: Running ReliabilityUserPerceptibleScopeToQPL, order=120, priorityHint=NORMAL 
09-07 19:57:22.518 17226 17265 W fb4a.AppInitScheduler|Run:   Finished ReliabilityUserPerceptibleScopeToQPL in 69ms
09-07 19:57:22.518 17226 17265 W fb4a.AppInitScheduler|Run: Running PreloadFeedFullCacheLoad, order=128, priorityHint=LOW 
09-07 19:57:22.526 16016 16109 W HWUI    : Image decoding logging dropped!
09-07 19:57:22.530 16016 16111 W HWUI    : Image decoding logging dropped!
09-07 19:57:22.532 16016 16107 W HWUI    : Image decoding logging dropped!
09-07 19:57:22.535 16016 16016 E Finsky  : [2] ComposeVisualElement Error: veType=4153, CVE is already linked to the same parent
09-07 19:57:22.564 17589 17664 E DocsApplication: from onCreate Completable for sending summary about blocked SyncRequests
09-07 19:57:22.564 17589 17664 E DocsApplication: java.lang.IllegalStateException
09-07 19:57:22.564 17589 17664 E DocsApplication: 	at jwq.h(PG:64)
09-07 19:57:22.564 17589 17664 E DocsApplication: 	at mpg.a(PG:263)
09-07 19:57:22.564 17589 17664 E DocsApplication: 	at jgb.lambda$onCreate$2(PG:9)
09-07 19:57:22.564 17589 17664 E DocsApplication: 	at jgb.$r8$lambda$M-tqsz8QJK2QrqieVTlg-c3Lhbo(PG:1)
09-07 19:57:22.564 17589 17664 E DocsApplication: 	at irv.run(PG:250)
09-07 19:57:22.564 17589 17664 E DocsApplication: 	at ajbt.c(PG:13)
09-07 19:57:22.564 17589 17664 E DocsApplication: 	at aiyp.d(PG:3)
09-07 19:57:22.564 17589 17664 E DocsApplication: 	at ajcg.run(PG:3)
09-07 19:57:22.564 17589 17664 E DocsApplication: 	at aiyz.run(PG:10)
09-07 19:57:22.564 17589 17664 E DocsApplication: 	at ajhm.run(PG:14)
09-07 19:57:22.564 17589 17664 E DocsApplication: 	at ajhm.call(PG:1)
09-07 19:57:22.564 17589 17664 E DocsApplication: 	at java.util.concurrent.FutureTask.run(FutureTask.java:328)
09-07 19:57:22.564 17589 17664 E DocsApplication: 	at java.util.concurrent.ScheduledThreadPoolExecutor$ScheduledFutureTask.run(ScheduledThreadPoolExecutor.java:323)
09-07 19:57:22.564 17589 17664 E DocsApplication: 	at java.util.concurrent.ThreadPoolExecutor.runWorker(ThreadPoolExecutor.java:1100)
09-07 19:57:22.564 17589 17664 E DocsApplication: 	at java.util.concurrent.ThreadPoolExecutor$Worker.run(ThreadPoolExecutor.java:624)
09-07 19:57:22.564 17589 17664 E DocsApplication: 	at java.lang.Thread.run(Thread.java:1572)
09-07 19:57:22.567 17698 17698 I cs.editors.docs: Using generational CollectorTypeCC GC.
09-07 19:57:22.574 17698 17698 E cs.editors.docs: BBinder_init Processname  com.google.android.apps.docs.editors.docs  
09-07 19:57:22.574 17698 17698 E cs.editors.docs: BBinder_init hasGetProcessName  com.google.android.apps.docs.editors.docs
09-07 19:57:22.576 17226 17296 W fb4a.AppInitScheduler|Run:   Finished AnalyticsLoggerInit in 1421ms
09-07 19:57:22.576 17226 17296 W fb4a.AppInitScheduler|Schedule:   Executing 132:E2EForceMobileConfigFetch
09-07 19:57:22.576 17226 17296 W fb4a.AppInitScheduler|Schedule:   Executing 222:InitPushLiteSdk
09-07 19:57:22.576 17226 17296 W fb4a.AppInitScheduler|Schedule:   Executing 392:PreloadWordmark
09-07 19:57:22.576 17226 17296 W fb4a.AppInitScheduler|Schedule:   Executing 138:EagerInitImagePipeline
09-07 19:57:22.576 17226 17296 W fb4a.AppInitScheduler|Schedule:   Executing 4:AnalyticsLoggerPostInitReplay
09-07 19:57:22.576 17226 17296 W fb4a.AppInitScheduler|Schedule:   Executing 103:BloksInitializer
09-07 19:57:22.577 17226 17296 W fb4a.AppInitScheduler|Schedule:   Executing 158:FbMsysImmediateInitializer
09-07 19:57:22.577 17226 17296 W fb4a.AppInitScheduler|Schedule:   Executing 473:ZeroLibraryInitializer
09-07 19:57:22.577 17226 17296 W fb4a.AppInitScheduler|Schedule:   Executing 253:MessageQueueDoctor
09-07 19:57:22.577 17226 17296 W fb4a.AppInitScheduler|Schedule:   Executing 375:PreloadLogDb
09-07 19:57:22.577 17226 17296 W fb4a.AppInitScheduler|Schedule:   Executing 379:PreloadReactions
09-07 19:57:22.577 17226 17296 W fb4a.AppInitScheduler|Run: Running E2EForceMobileConfigFetch [*], order=34, priorityHint=NORMAL 
09-07 19:57:22.577 17226 17296 W fb4a.AppInitScheduler|Run:   Finished E2EForceMobileConfigFetch in 0ms
09-07 19:57:22.577 17226 17296 W fb4a.AppInitScheduler|Schedule:   Executing 410:RunEarlyInitForActivity
09-07 19:57:22.577 17226 17296 W fb4a.AppInitScheduler|Schedule:   Executing 274:MobileConfigLaterInit
09-07 19:57:22.577 17226 17296 W fb4a.AppInitScheduler|Run: Running InitPushLiteSdk [*], order=39, priorityHint=NORMAL 
09-07 19:57:22.582 17226 17296 W fb4a.AppInitScheduler|Run:   Finished InitPushLiteSdk in 5ms
09-07 19:57:22.582 17226 17296 W fb4a.AppInitScheduler|Schedule:   Executing 221:InitPushabilityCheck
09-07 19:57:22.582 17226 17296 W fb4a.AppInitScheduler|Run: Running PreloadWordmark [*], order=41, priorityHint=NORMAL 
09-07 19:57:22.619 14328 15169 I MdiSyncModule: (REDACTED) Receiving API connection from package '%s'...
09-07 19:57:22.624 14328 15169 I MdiSyncModule: API connection successful!
09-07 19:57:22.631 17226 17296 W HWUI    : Image decoding logging dropped!
09-07 19:57:22.638 17226 17296 W fb4a.AppInitScheduler|Run:   Finished PreloadWordmark in 56ms
09-07 19:57:22.638 17226 17296 W fb4a.AppInitScheduler|Run: Running EagerInitImagePipeline [*], order=42, priorityHint=LOW 
09-07 19:57:22.681 17226 17261 W fb4a.AppInitScheduler|Run:   Waiting on LithoConfiguration for 1502ms...
09-07 19:57:22.686 17226 17296 W fb4a.AppInitScheduler|Run:   Finished EagerInitImagePipeline in 48ms
09-07 19:57:22.687 17226 17296 W fb4a.AppInitScheduler|Schedule:   Executing 373:PreloadInlineComposerProfileImage
09-07 19:57:22.687 17226 17296 W fb4a.AppInitScheduler|Schedule:   Executing 374:PreloadInlineComposerProfileImageDeferred
09-07 19:57:22.687 17226 17296 W fb4a.AppInitScheduler|Run: Running RunEarlyInitForActivity [*], order=55, priorityHint=CRITICAL_PATH 
09-07 19:57:22.687 17226 17296 W fb4a.AppInitScheduler|Run:   Finished RunEarlyInitForActivity in 1ms
09-07 19:57:22.692 17226 17296 W fb4a.AppInitScheduler|Run: Running AnalyticsLoggerPostInitReplay, order=66, priorityHint=NORMAL 
09-07 19:57:22.694 17698 17698 I cs.editors.docs: AssetManager2(0xb400007395e1f118) locale list changing from [] to [en-IN]
09-07 19:57:22.703 17226 17503 W fb4a.FrscLanguagePackLoader: FRSC English strings buffer size - (limit : 890556, capacity : 890556)
09-07 19:57:22.705 17443 17587 W PhenotypeFlag: Setting enableAutoSubpackage on SharedPrefs-backed flags
09-07 19:57:22.733 17443 17564 W DynamiteModule: Local module descriptor class for com.google.android.gms.providerinstaller.dynamite not found.
09-07 19:57:22.734  3867  8251 W ProviderHelper: Unknown dynamite feature providerinstaller.dynamite
09-07 19:57:22.741 17443 17564 W ProviderInstaller: Failed to load providerinstaller module: No acceptable module com.google.android.gms.providerinstaller.dynamite found. Local version is 0 and remote version is 0.
09-07 19:57:22.800 17105 17161 W DynamiteModule: Local module descriptor class for com.google.android.gms.providerinstaller.dynamite not found.
09-07 19:57:22.818 17226 17296 W fb4a.AppInitScheduler|Run:   Finished AnalyticsLoggerPostInitReplay in 126ms
09-07 19:57:22.818 17226 17296 W fb4a.AppInitScheduler|Run: Running BloksInitializer, order=67, priorityHint=NORMAL 
09-07 19:57:22.819 17226 17296 W fb4a.AppInitScheduler|Run:   Finished BloksInitializer in 0ms
09-07 19:57:22.819 17226 17296 W fb4a.AppInitScheduler|Run: Running FbMsysImmediateInitializer, order=76, priorityHint=NORMAL 
09-07 19:57:22.820 17226 17296 W fb4a.AppInitScheduler|Run:   Finished FbMsysImmediateInitializer in 1ms
09-07 19:57:22.820 17226 17296 W fb4a.AppInitScheduler|Run: Running InitPushabilityCheck, order=97, priorityHint=NORMAL 
09-07 19:57:22.828 17226 17296 W fb4a.AppInitScheduler|Run:   Finished InitPushabilityCheck in 8ms
09-07 19:57:22.828 17226 17296 W fb4a.AppInitScheduler|Run: Running ZeroLibraryInitializer, order=98, priorityHint=NORMAL 
09-07 19:57:22.887 14328 15169 I MdiSyncModule: (REDACTED) Receiving API connection from package '%s'...
09-07 19:57:22.896 14328 15169 I MdiSyncModule: API connection successful!
09-07 19:57:22.965 17226 17296 W fb4a.AppInitScheduler|Run:   Finished ZeroLibraryInitializer in 137ms
09-07 19:57:22.965 17226 17296 W fb4a.AppInitScheduler|Schedule:   Executing 223:InitReliableMedia
09-07 19:57:22.965 17226 17296 W fb4a.AppInitScheduler|Run: Running InitReliableMedia, order=99, priorityHint=NORMAL 
09-07 19:57:22.966 17226 17296 W fb4a.AppInitScheduler|Run:   Finished InitReliableMedia in 0ms
09-07 19:57:22.966 17226 17296 W fb4a.AppInitScheduler|Run: Running MessageQueueDoctor, order=106, priorityHint=NORMAL 
09-07 19:57:22.966 17226 17296 W fb4a.AppInitScheduler|Run:   Finished MessageQueueDoctor in 0ms
09-07 19:57:22.966 17226 17296 W fb4a.AppInitScheduler|Run: Running EarlyInitStoriesTrayForActivity, order=130, priorityHint=LOW 
09-07 19:57:22.967 17226 17296 W fb4a.AppInitScheduler|Run:   Finished EarlyInitStoriesTrayForActivity in 2ms
09-07 19:57:22.968 17226 17296 W fb4a.AppInitScheduler|Run: Running FriendlyFeedPrefetch, order=131, priorityHint=LOW 
09-07 19:57:22.980 17226 17296 W fb4a.AppInitScheduler|Run:   Finished FriendlyFeedPrefetch in 12ms
09-07 19:57:22.980 17226 17296 W fb4a.AppInitScheduler|Run: Running FriendlyFeedPrefetchOnFirstForegroundWarmStart, order=132, priorityHint=LOW 
09-07 19:57:22.981 17226 17296 W fb4a.AppInitScheduler|Run:   Finished FriendlyFeedPrefetchOnFirstForegroundWarmStart in 1ms
09-07 19:57:22.981 17226 17296 W fb4a.AppInitScheduler|Run: Running InitPeriodicThreadBooster, order=134, priorityHint=LOW 
09-07 19:57:23.036 17768 17768 I .editors.sheets: Using generational CollectorTypeCC GC.
09-07 19:57:23.053 17768 17768 E .editors.sheets: BBinder_init Processname  com.google.android.apps.docs.editors.sheets  
09-07 19:57:23.053 17768 17768 E .editors.sheets: BBinder_init hasGetProcessName  com.google.android.apps.docs.editors.sheets
09-07 19:57:23.058 17226 17296 W fb4a.AppInitScheduler|Run:   Finished InitPeriodicThreadBooster in 77ms
09-07 19:57:23.058 17226 17296 W fb4a.AppInitScheduler|Run: Running KeepWarm, order=135, priorityHint=LOW 
09-07 19:57:23.111 17226 17292 W fb4a.AppInitScheduler|Run:   Finished LithoConfiguration in 1933ms
09-07 19:57:23.112 17226 17292 W fb4a.AppInitScheduler|Schedule:   Executing 466:WaitForUIDependenciesInitializer
09-07 19:57:23.157 16016 16216 I android.vending: Explicit concurrent copying GC freed 31MB AllocSpace bytes, 57(2120KB) LOS objects, 34% free, 45MB/69MB, paused 454us,644us total 1.112s
09-07 19:57:23.157 16016 16022 I android.vending: WaitForGcToComplete blocked HeapTrim on Explicit for 4.684s
09-07 19:57:23.158 16016 16112 I android.vending: WaitForGcToComplete blocked Explicit on HeapTrim for 1.527s
09-07 19:57:23.170 16016 16102 W HWUI    : Image decoding logging dropped!
09-07 19:57:23.176 17226 17292 W fb4a.AppInitScheduler|Run: Running WaitForUIDependenciesInitializer [*], order=44, priorityHint=CRITICAL_PATH 
09-07 19:57:23.176 17226 17292 W fb4a.AppInitScheduler|Run:   Finished WaitForUIDependenciesInitializer in 1ms
09-07 19:57:23.177 17226 17292 W fb4a.AppInitScheduler|Schedule:   Executing 126:DismissSplashScreens
09-07 19:57:23.177 17226 17292 W fb4a.AppInitScheduler|Schedule:   Executing 168:FixieScheduleIdleWork
09-07 19:57:23.177 17226 17292 W fb4a.AppInitScheduler|Schedule:   Executing 409:ReplayBroadcastReceivedDuringAppInit
09-07 19:57:23.177 17226 17292 W fb4a.AppInitScheduler|Schedule:   Executing 414:ScheduleLowPriWork
09-07 19:57:23.177 17226 17292 W fb4a.AppInitScheduler|Run: Running DismissSplashScreens [*], order=45, priorityHint=CRITICAL_PATH 
09-07 19:57:23.177 17226 17292 W fb4a.InitStatus: Providers unblocked (156286775)
09-07 19:57:23.177 17226 17292 W fb4a.InitStatus: Services unblocked (221142180)
09-07 19:57:23.177 17226 17292 W fb4a.InitStatus: BroadcastReceivers unblocked (131045901)
09-07 19:57:23.178 17226 17292 W fb4a.AppInitScheduler|Run:   Finished DismissSplashScreens in 1ms
09-07 19:57:23.178 17226 17292 W fb4a.AppInitScheduler|Schedule:   Executing 280:MqttEarlySyncInitializerAfterAppCreate
09-07 19:57:23.178 17226 17292 W fb4a.AppInitScheduler|Schedule:   Executing 192:InitAppComponentFactoryStartupController
09-07 19:57:23.178 17226 17272 W fb4a.InitStatus: Unblocked Provider (156286775)
09-07 19:57:23.178 17226 17292 W fb4a.AppInitScheduler|Run: Running FixieScheduleIdleWork, order=84, priorityHint=NORMAL 
09-07 19:57:23.178 17226 17292 W fb4a.AppInitScheduler|Run:   Finished FixieScheduleIdleWork in 0ms
09-07 19:57:23.178 17226 17292 W fb4a.AppInitScheduler|Run: Running MqttEarlySyncInitializerAfterAppCreate, order=107, priorityHint=NORMAL 
09-07 19:57:23.179 17226 17292 W fb4a.AppInitScheduler|Run:   Finished MqttEarlySyncInitializerAfterAppCreate in 0ms
09-07 19:57:23.179 17226 17272 W fb4a.InitStatus: Not blocking Provider (156286775)
09-07 19:57:23.179 17226 17292 W fb4a.AppInitScheduler|Run: Running ReplayBroadcastReceivedDuringAppInit, order=121, priorityHint=NORMAL 
09-07 19:57:23.180 17226 17292 W fb4a.AppInitBroadcast: Processing broadcast during app init
09-07 19:57:23.180 17226 17292 W fb4a.AppInitBroadcast: Replaying inline
09-07 19:57:23.204 17226 17272 W ComponentDiscovery: Class com.google.firebase.dynamicloading.DynamicLoadingRegistrar is not an found.
09-07 19:57:23.205 17768 17768 I .editors.sheets: AssetManager2(0xb400007395e1f118) locale list changing from [] to [en-IN]
09-07 19:57:23.213 17226 17292 W fb4a.AppInitScheduler|Run:   Finished ReplayBroadcastReceivedDuringAppInit in 34ms
09-07 19:57:23.213 17226 17292 W fb4a.AppInitScheduler|Run: Running ScheduleLowPriWork, order=122, priorityHint=NORMAL 
09-07 19:57:23.214 17226 17292 W fb4a.AppInitScheduler|Run:   Finished ScheduleLowPriWork in 0ms
09-07 19:57:23.214 17226 17292 W fb4a.AppInitScheduler|Run: Running InitAppComponentFactoryStartupController, order=133, priorityHint=LOW 
09-07 19:57:23.214 17226 17292 W fb4a.AppInitScheduler|Run:   Finished InitAppComponentFactoryStartupController in 0ms
09-07 19:57:23.214 17226 17292 W fb4a.AppInitScheduler|Run: Running LongtailVoltronAppInit, order=136, priorityHint=LOW 
09-07 19:57:23.214 17226 17292 E fb4a.AppState: Returning default for firstRunInfo
09-07 19:57:23.214 17226 17292 E fb4a.AppState: Returning default for firstRunInfo
09-07 19:57:23.214 17226 17292 W fb4a.HalfnosisInitializer: Not first run! Skip eager unpacking of longtail.
09-07 19:57:23.214 17226 17292 W fb4a.LongtailVoltronAppInit: HalfnosisInitializer: fail
09-07 19:57:23.214 17226 17292 W fb4a.AppInitScheduler|Run:   Finished LongtailVoltronAppInit in 0ms
09-07 19:57:23.214 17226 17292 W fb4a.AppInitScheduler|Run: Running MetaCasper, order=137, priorityHint=LOW 
09-07 19:57:23.217 17226 17292 W fb4a.AppInitScheduler|Schedule:   Executing async work for MetaCasper: MetaCasperInit
09-07 19:57:23.217 17226 17292 W fb4a.AppInitScheduler|Run:   Finished MetaCasper in 3ms
09-07 19:57:23.227  3867  4328 I Wear_Controller: Wearable module requires a companion app to be installed.
09-07 19:57:23.227  3867  4328 I WearableService: Wearable Services not starting. Wear is not available on this device: MISSING_COMPANION_APP
09-07 19:57:23.229  3867  9210 W WearableService: onGetService: Wear is not available on this device. Calling package: com.android.vending
09-07 19:57:23.243 16016 16111 W HWUI    : Image decoding logging dropped!
09-07 19:57:23.247 16016 16109 W HWUI    : Image decoding logging dropped!
09-07 19:57:23.249 16016 16016 E Finsky  : [2] ComposeVisualElement Error: veType=1904, CVE is already linked to the same parent
09-07 19:57:23.257 16016 16016 E Finsky  : [2] ComposeVisualElement Error: veType=1921, CVE is already removed from parent
09-07 19:57:23.258 16016 16016 E Finsky  : [2] ComposeVisualElement Error: veType=1874, CVE is already removed from parent
09-07 19:57:23.259 16016 16016 E Finsky  : [2] ComposeVisualElement Error: veType=1906, CVE is already removed from parent
09-07 19:57:23.260 16016 16016 E Finsky  : [2] ComposeVisualElement Error: veType=1878, CVE is already removed from parent
09-07 19:57:23.261 16016 16016 E Finsky  : [2] ComposeVisualElement Error: veType=1876, CVE is already removed from parent
09-07 19:57:23.321 16016 16216 I android.vending: Waiting for a blocking GC Explicit
09-07 19:57:23.342 16016 16016 E Finsky  : [2] ComposeVisualElement Error: veType=400, CVE is already linked to the same parent
09-07 19:57:23.252 16016 16106 W HWUI    : Image decoding logging dropped!
09-07 19:57:23.347  8145  8155 I ewrk    : (REDACTED) HDM. appOpsListener %s %s
09-07 19:57:23.347  8145  8155 I ewrk    : (REDACTED) HDM. Ignoring irrelevant audio permission changes for package %s
09-07 19:57:23.349 16016 16107 W HWUI    : Image decoding logging dropped!
09-07 19:57:23.363 16016 16016 E AbstractLogEventBuilder: The provided ProductIdOrigin 3 is not one of the process-level expected values: 1 or 2
09-07 19:57:23.369  3867 14478 I SQLiteConnection: Long db operation: /data/user/0/com.google.android.gms/databases/phenotype.db
09-07 19:57:23.380  3867 14478 W CCTFlatFileLogStore: Excessive logging: 1 events, 265114 bytes from log source GMSCORE_ANDROID_PRIMES last 0s
09-07 19:57:23.405 16016 16111 W HWUI    : Image decoding logging dropped!
09-07 19:57:23.410 16016 16016 I android.vending: AssetManager2(0xb400007395e97938) locale list changing from [] to [en-IN]
09-07 19:57:23.413 16016 16109 W HWUI    : Image decoding logging dropped!
09-07 19:57:23.506 17443 17564 W .chromecast.app: Suspending all threads took: 88.284ms
09-07 19:57:23.509 14328 15169 D SQLiteQueryBuilder: SELECT value FROM partner WHERE ((name=?))
09-07 19:57:23.556 17443 17564 I .chromecast.app: AssetManager2(0xb400007395e21058) locale list changing from [] to [en-IN]
09-07 19:57:23.563 16016 16016 I Finsky  : [2] id: local-l
09-07 19:57:23.582 16438 16742 I cn_CronetUrlRequestContext: destroyNativeStreamLocked android.net.http.internal.org.chromium.net.impl.CronetBidirectionalStream@7e5f50a
09-07 19:57:23.601 17226 17296 W fb4a.AppInitScheduler|Run:   Finished KeepWarm in 521ms
09-07 19:57:23.601 17226 17296 W fb4a.AppInitScheduler|Run: Running MobileConfigAdminIdLaterInit, order=138, priorityHint=LOW 
09-07 19:57:23.610 17226 17296 W fb4a.AppInitScheduler|Run:   Finished MobileConfigAdminIdLaterInit in 9ms
09-07 19:57:23.610 17226 17296 W fb4a.AppInitScheduler|Run: Running MobileConfigLaterInit, order=139, priorityHint=LOW 
09-07 19:57:23.610 17226 17296 W fb4a.AppInitScheduler|Run:   Finished MobileConfigLaterInit in 0ms
09-07 19:57:23.619 17226 17296 W fb4a.AppInitScheduler|Run: Running MobileConfigSessionlessLaterInit, order=140, priorityHint=LOW 
09-07 19:57:23.620 17226 17296 W fb4a.AppInitScheduler|Run:   Finished MobileConfigSessionlessLaterInit in 2ms
09-07 19:57:23.620 17226 17296 W fb4a.AppInitScheduler|Run: Running PartialScrollOnFirstForegroundWarmStart, order=141, priorityHint=LOW 
09-07 19:57:23.621 17226 17296 W fb4a.AppInitScheduler|Run:   Finished PartialScrollOnFirstForegroundWarmStart in 0ms
09-07 19:57:23.621 17226 17296 W fb4a.AppInitScheduler|Run: Running PreloadFeedRequest, order=142, priorityHint=LOW 
09-07 19:57:23.625 17226 17296 W fb4a.AppInitScheduler|Run:   Finished PreloadFeedRequest in 5ms
09-07 19:57:23.626 17226 17296 W fb4a.AppInitScheduler|Schedule:   Executing 357:PrefetchFeedNetwork
09-07 19:57:23.626 17226 17296 W fb4a.AppInitScheduler|Run: Running PrefetchFeedNetwork, order=143, priorityHint=LOW 
09-07 19:57:23.627 17226 17296 W fb4a.AppInitScheduler|Run:   Finished PrefetchFeedNetwork in 1ms
09-07 19:57:23.628 17226 17296 W fb4a.AppInitScheduler|Run: Running PreloadClashManager, order=144, priorityHint=LOW 
09-07 19:57:23.636 16016 16060 W BLASTBufferQueue: Unable to open /proc/vivo_rsc/frame_set_priority: No such file or directory
09-07 19:57:23.636 16016 16060 I BLASTBufferQueue: QoSAllocBuff Successful. Ret 0 
09-07 19:57:23.717 17226 17261 W fb4a.AppInitScheduler|Run:   Waiting on ProfiloBridgeFactoryImpl for 1611ms...
09-07 19:57:23.718 17226 17261 W fb4a.AppInitScheduler|Run:   Waiting on ReliabilityExperiments for 1447ms...
09-07 19:57:23.718 17226 17261 W fb4a.AppInitScheduler|Run:   Waiting on InitSurfaces for 1703ms...
09-07 19:57:23.718 17226 17261 W fb4a.AppInitScheduler|Run:   Waiting on PreloadFeedDataLoader for 1207ms...
09-07 19:57:23.718 17226 17261 W fb4a.AppInitScheduler|Run:   Waiting on InitFury for 1880ms...
09-07 19:57:23.718 17226 17261 W fb4a.AppInitScheduler|Run:   Waiting on PreloadFeedFullCacheLoad for 1199ms...
09-07 19:57:23.718 17226 17261 W fb4a.AppInitScheduler|Run:   Waiting on InitLacrimaLaterInit for 1876ms...
09-07 19:57:23.721 16016 16016 W AccessibilityDelegate: Drawing order is not available, was AccessibilityNodeInfo requested for a child node before its parent?
09-07 19:57:23.723 16016 16016 W AccessibilityDelegate: Drawing order is not available, was AccessibilityNodeInfo requested for a child node before its parent?
09-07 19:57:23.724 16016 16016 W AccessibilityDelegate: Drawing order is not available, was AccessibilityNodeInfo requested for a child node before its parent?
09-07 19:57:23.743 16016 16016 W AccessibilityDelegate: Drawing order is not available, was AccessibilityNodeInfo requested for a child node before its parent?
09-07 19:57:23.760 17226 17296 W fb4a.AppInitScheduler|Run:   Finished PreloadClashManager in 129ms
09-07 19:57:23.779  1949  2146 I ActivityTaskManager: Displayed com.android.vending/com.google.android.finsky.billing.acquire.SheetUiBuilderHostActivity for user 0: +401ms
09-07 19:57:23.820 17226 17296 W fb4a.AppInitScheduler|Run: Running PreloadCreatorsHomeToHUnit, order=145, priorityHint=LOW 
09-07 19:57:23.821 17226 17296 W fb4a.AppInitScheduler|Run:   Finished PreloadCreatorsHomeToHUnit in 21ms
09-07 19:57:23.821 17226 17296 W fb4a.AppInitScheduler|Run: Running PreloadFeedConfig, order=146, priorityHint=LOW 
09-07 19:57:23.821 17226 17296 W fb4a.AppInitScheduler|Run:   Finished PreloadFeedConfig in 1ms
09-07 19:57:23.821 17226 17296 W fb4a.AppInitScheduler|Run: Running PreloadFeedFetchMetadata, order=147, priorityHint=LOW 
09-07 19:57:23.822 17226 17296 W fb4a.AppInitScheduler|Run:   Finished PreloadFeedFetchMetadata in 0ms
09-07 19:57:23.822 17226 17296 W fb4a.AppInitScheduler|Run: Running PreloadFeedRequestForAllStarts, order=148, priorityHint=LOW 
09-07 19:57:23.822 17226 17296 W fb4a.AppInitScheduler|Run:   Finished PreloadFeedRequestForAllStarts in 0ms
09-07 19:57:23.823 17226 17296 W fb4a.AppInitScheduler|Run: Running PreloadFreshFeedRanker, order=149, priorityHint=LOW 
09-07 19:57:23.874 16771 16888 I TY_GnpSdk: [008:834][16888] Finished executing async action [android.accounts.LOGIN_ACCOUNTS_CHANGED] in Coroutine Scope.
09-07 19:57:23.886  8005  8005 I GoogleInputMethodService: GoogleInputMethodService.onFinishInput():2361 
09-07 19:57:23.892  8005  8005 I GoogleInputMethodService: GoogleInputMethodService.onStartInput():1532 onStartInput(EditorInfo{EditorInfo{packageName=com.android.vending, inputType=0, inputTypeString=NULL, enableLearning=false, autoCorrection=false, autoComplete=false, imeOptions=0, privateImeOptions=null, actionName=UNSPECIFIED, actionLabel=null, initialSelStart=-1, initialSelEnd=-1, initialCapsMode=0, label=null, fieldId=0, fieldName=null, extras=null, hintText=null, hintLocales=[]}}, false)
09-07 19:57:23.893  8005  8005 I LatinIMEBase: LatinIMEBase.updateInputViewCoverNavigation():316 Update input view padding, isNavbarOverInputWindow=true, bottom inset=132
09-07 19:57:23.894  8005 14633 I Module  : DeviceLockedStatusModuleProvider$Module.updateDeviceLockedStatusInternal():119 repeatCheckTimes = 0, locked = false
09-07 19:57:23.895  8005 14633 I Module  : DeviceLockedStatusModuleProvider$Module.updateDeviceLockedStatusInternal():119 repeatCheckTimes = 1, locked = false
09-07 19:57:23.903 16016 16016 I ImeTracker: com.android.vending:5ad595d0: onCancelled at PHASE_CLIENT_ALREADY_HIDDEN
09-07 19:57:23.915 16771 16888 I TY_GnpSdk: [008:875][16888] Finished Broadcast execution [257877998].
09-07 19:57:23.919  8736  8757 I nd.airdroidkids: Background young concurrent copying GC freed 2558KB AllocSpace bytes, 0(0B) LOS objects, 13% free, 13MB/15MB, paused 591us,64us total 118.608ms
09-07 19:57:24.021 17226 17296 W fb4a.AppInitScheduler|Run:   Finished PreloadFreshFeedRanker in 199ms
09-07 19:57:24.022 17226 17296 W fb4a.AppInitScheduler|Run: Running PreloadFriendlyFeedFullCacheLoad, order=150, priorityHint=LOW 
09-07 19:57:24.022 17226 17296 W fb4a.AppInitScheduler|Run:   Finished PreloadFriendlyFeedFullCacheLoad in 0ms
09-07 19:57:24.022 17226 17296 W fb4a.AppInitScheduler|Run: Running PreloadHeroManager, order=151, priorityHint=LOW 
09-07 19:57:24.027 17226 17296 W fb4a.AppInitScheduler|Run:   Finished PreloadHeroManager in 6ms
09-07 19:57:24.027 17226 17296 W fb4a.AppInitScheduler|Run: Running PreloadInlineComposerProfileImage, order=152, priorityHint=LOW 
09-07 19:57:24.028 17226 17296 W fb4a.AppInitScheduler|Run:   Finished PreloadInlineComposerProfileImage in 0ms
09-07 19:57:24.028 17226 17296 W fb4a.AppInitScheduler|Run: Running PreloadInlineComposerProfileImageDeferred, order=153, priorityHint=LOW 
09-07 19:57:24.028 17226 17296 W fb4a.AppInitScheduler|Run:   Finished PreloadInlineComposerProfileImageDeferred in 0ms
09-07 19:57:24.028 17226 17296 W fb4a.AppInitScheduler|Run: Running PreloadLogDb, order=154, priorityHint=LOW 
09-07 19:57:24.028 17226 17296 W fb4a.AppInitScheduler|Run:   Finished PreloadLogDb in 1ms
09-07 19:57:24.031 17226 17296 W fb4a.AppInitScheduler|Run: Running PreloadReactions, order=155, priorityHint=LOW 
09-07 19:57:24.054 16016 17860 I ANDR-VIVO-PERF: vivo inside perf_lock_rel of client
09-07 19:57:24.168 16016 16016 I Finsky  : [2] id: bac
09-07 19:57:24.213 17891 17891 E .android.gms.ui: BBinder_init Processname  com.google.android.gms.ui  
09-07 19:57:24.213 17891 17891 E .android.gms.ui: BBinder_init hasGetProcessName  com.google.android.gms.ui
09-07 19:57:24.366 17226 17296 W fb4a.AppInitScheduler|Run:   Finished PreloadReactions in 335ms
09-07 19:57:24.367 17226 17296 W fb4a.AppInitScheduler|Run: Running PreloadStoriesTrayFetchController, order=157, priorityHint=LOW 
09-07 19:57:24.412 17589 17791 W DynamiteModule: Local module descriptor class for com.google.android.gms.providerinstaller.dynamite not found.
09-07 19:57:24.435 17226 17296 E fb4a.AppState: Returning default for firstRunInfo
09-07 19:57:24.473 17891 17891 I .android.gms.ui: AssetManager2(0xb400007395e26af8) locale list changing from [] to [en-IN]
09-07 19:57:24.494 16970 17040 I SQLiteConnection: Long db operation: /data/user/0/com.google.android.calendar/databases/cal_v2a
09-07 19:57:24.496 17891 17891 E ShaderCache: Open /system/etc/shaders_cache/shaders_cache_size_coeffs.json failed
09-07 19:57:24.553 17443 17866 E GoogleApiManager: Failed to get service from broker. 
09-07 19:57:24.553 17443 17866 E GoogleApiManager: java.lang.SecurityException: Unknown calling package name 'com.google.android.gms'.
09-07 19:57:24.553 17443 17866 E GoogleApiManager: 	at android.os.Parcel.createExceptionOrNull(Parcel.java:3353)
09-07 19:57:24.553 17443 17866 E GoogleApiManager: 	at android.os.Parcel.createException(Parcel.java:3337)
09-07 19:57:24.553 17443 17866 E GoogleApiManager: 	at android.os.Parcel.readException(Parcel.java:3320)
09-07 19:57:24.553 17443 17866 E GoogleApiManager: 	at android.os.Parcel.readException(Parcel.java:3262)
09-07 19:57:24.553 17443 17866 E GoogleApiManager: 	at bmrj.a(:com.google.android.gms@263234035@26.32.34 (260400-968093310):36)
09-07 19:57:24.553 17443 17866 E GoogleApiManager: 	at bmpc.y(:com.google.android.gms@263234035@26.32.34 (260400-968093310):143)
09-07 19:57:24.553 17443 17866 E GoogleApiManager: 	at bluz.run(:com.google.android.gms@263234035@26.32.34 (260400-968093310):42)
09-07 19:57:24.553 17443 17866 E GoogleApiManager: 	at android.os.Handler.handleCallback(Handler.java:1051)
09-07 19:57:24.553 17443 17866 E GoogleApiManager: 	at android.os.Handler.dispatchMessage(Handler.java:107)
09-07 19:57:24.553 17443 17866 E GoogleApiManager: 	at dhsb.lJ(:com.google.android.gms@263234035@26.32.34 (260400-968093310):1)
09-07 19:57:24.553 17443 17866 E GoogleApiManager: 	at dhsb.dispatchMessage(:com.google.android.gms@263234035@26.32.34 (260400-968093310):5)
09-07 19:57:24.553 17443 17866 E GoogleApiManager: 	at android.os.Looper.loopOnce(Looper.java:266)
09-07 19:57:24.553 17443 17866 E GoogleApiManager: 	at android.os.Looper.loop(Looper.java:361)
09-07 19:57:24.553 17443 17866 E GoogleApiManager: 	at android.os.HandlerThread.run(HandlerThread.java:103)
09-07 19:57:24.558 17443 17866 W GoogleApiManager: Not showing notification since connectionResult is not user-facing: ConnectionResult{statusCode=DEVELOPER_ERROR, resolution=null, message=null, clientMethodKey=null}
09-07 19:57:24.563 16438 16533 I SQLiteConnection: Long db operation: /data/user/0/com.google.android.apps.maps/databases/XX@YY
09-07 19:57:24.576 17443 17855 W FlagRegistrar: Failed to register com.google.android.gms.providerinstaller#com.google.android.apps.chromecast.app
09-07 19:57:24.576 17443 17855 W FlagRegistrar: gvvj: 17: 17: API: Phenotype.API is not available on this device. Connection failed with: ConnectionResult{statusCode=DEVELOPER_ERROR, resolution=null, message=null, clientMethodKey=null}
09-07 19:57:24.576 17443 17855 W FlagRegistrar: 	at gvvl.a(:com.google.android.gms@263234035@26.32.34 (260400-968093310):13)
09-07 19:57:24.576 17443 17855 W FlagRegistrar: 	at hwtd.d(:com.google.android.gms@263234035@26.32.34 (260400-968093310):3)
09-07 19:57:24.576 17443 17855 W FlagRegistrar: 	at hwtf.run(:com.google.android.gms@263234035@26.32.34 (260400-968093310):139)
09-07 19:57:24.576 17443 17855 W FlagRegistrar: 	at hwvq.execute(:com.google.android.gms@263234035@26.32.34 (260400-968093310):1)
09-07 19:57:24.576 17443 17855 W FlagRegistrar: 	at hwtn.f(:com.google.android.gms@263234035@26.32.34 (260400-968093310):1)
09-07 19:57:24.576 17443 17855 W FlagRegistrar: 	at hwtn.m(:com.google.android.gms@263234035@26.32.34 (260400-968093310):101)
09-07 19:57:24.576 17443 17855 W FlagRegistrar: 	at hwtn.q(:com.google.android.gms@263234035@26.32.34 (260400-968093310):16)
09-07 19:57:24.576 17443 17855 W FlagRegistrar: 	at gpej.jd(:com.google.android.gms@263234035@26.32.34 (260400-968093310):35)
09-07 19:57:24.576 17443 17855 W FlagRegistrar: 	at gbdp.run(:com.google.android.gms@263234035@26.32.34 (260400-968093310):12)
09-07 19:57:24.576 17443 17855 W FlagRegistrar: 	at hwvq.execute(:com.google.android.gms@263234035@26.32.34 (260400-968093310):1)
09-07 19:57:24.576 17443 17855 W FlagRegistrar: 	at gbdq.b(:com.google.android.gms@263234035@26.32.34 (260400-968093310):18)
09-07 19:57:24.576 17443 17855 W FlagRegistrar: 	at gbef.b(:com.google.android.gms@263234035@26.32.34 (260400-968093310):34)
09-07 19:57:24.576 17443 17855 W FlagRegistrar: 	at gbeh.c(:com.google.android.gms@263234035@26.32.34 (260400-968093310):23)
09-07 19:57:24.576 17443 17855 W FlagRegistrar: 	at blsh.e(:com.google.android.gms@263234035@26.32.34 (260400-968093310):9)
09-07 19:57:24.576 17443 17855 W FlagRegistrar: 	at blux.r(:com.google.android.gms@263234035@26.32.34 (260400-968093310):48)
09-07 19:57:24.576 17443 17855 W FlagRegistrar: 	at blux.d(:com.google.android.gms@263234035@26.32.34 (260400-968093310):10)
09-07 19:57:24.576 17443 17855 W FlagRegistrar: 	at blux.g(:com.google.android.gms@263234035@26.32.34 (260400-968093310):191)
09-07 19:57:24.576 17443 17855 W FlagRegistrar: 	at bluz.run(:com.google.android.gms@263234035@26.32.34 (260400-968093310):74)
09-07 19:57:24.576 17443 17855 W FlagRegistrar: 	at android.os.Handler.handleCallback(Handler.java:1051)
09-07 19:57:24.576 17443 17855 W FlagRegistrar: 	at android.os.Handler.dispatchMessage(Handler.java:107)
09-07 19:57:24.576 17443 17855 W FlagRegistrar: 	at dhsb.lJ(:com.google.android.gms@263234035@26.32.34 (260400-968093310):1)
09-07 19:57:24.576 17443 17855 W FlagRegistrar: 	at dhsb.dispatchMessage(:com.google.android.gms@263234035@26.32.34 (260400-968093310):5)
09-07 19:57:24.576 17443 17855 W FlagRegistrar: 	at android.os.Looper.loopOnce(Looper.java:266)
09-07 19:57:24.576 17443 17855 W FlagRegistrar: 	at android.os.Looper.loop(Looper.java:361)
09-07 19:57:24.576 17443 17855 W FlagRegistrar: 	at android.os.HandlerThread.run(HandlerThread.java:103)
09-07 19:57:24.576 17443 17855 W FlagRegistrar: Caused by: blqm: 17: API: Phenotype.API is not available on this device. Connection failed with: ConnectionResult{statusCode=DEVELOPER_ERROR, resolution=null, message=null, clientMethodKey=null}
09-07 19:57:24.576 17443 17855 W FlagRegistrar: 	at bmoo.a(:com.google.android.gms@263234035@26.32.34 (260400-968093310):15)
09-07 19:57:24.576 17443 17855 W FlagRegistrar: 	at blsk.a(:com.google.android.gms@263234035@26.32.34 (260400-968093310):1)
09-07 19:57:24.576 17443 17855 W FlagRegistrar: 	at blsh.e(:com.google.android.gms@263234035@26.32.34 (260400-968093310):5)
09-07 19:57:24.576 17443 17855 W FlagRegistrar: 	... 11 more
09-07 19:57:24.579  3867  9213 W ProviderHelper: Unknown dynamite feature providerinstaller.dynamite
09-07 19:57:24.581 17443 17866 E GoogleApiManager: Failed to get service from broker. 
09-07 19:57:24.581 17443 17866 E GoogleApiManager: java.lang.SecurityException: Unknown calling package name 'com.google.android.gms'.
09-07 19:57:24.581 17443 17866 E GoogleApiManager: 	at android.os.Parcel.createExceptionOrNull(Parcel.java:3353)
09-07 19:57:24.581 17443 17866 E GoogleApiManager: 	at android.os.Parcel.createException(Parcel.java:3337)
09-07 19:57:24.581 17443 17866 E GoogleApiManager: 	at android.os.Parcel.readException(Parcel.java:3320)
09-07 19:57:24.581 17443 17866 E GoogleApiManager: 	at android.os.Parcel.readException(Parcel.java:3262)
09-07 19:57:24.581 17443 17866 E GoogleApiManager: 	at bmrj.a(:com.google.android.gms@263234035@26.32.34 (260400-968093310):36)
09-07 19:57:24.581 17443 17866 E GoogleApiManager: 	at bmpc.y(:com.google.android.gms@263234035@26.32.34 (260400-968093310):143)
09-07 19:57:24.581 17443 17866 E GoogleApiManager: 	at bluz.run(:com.google.android.gms@263234035@26.32.34 (260400-968093310):42)
09-07 19:57:24.581 17443 17866 E GoogleApiManager: 	at android.os.Handler.handleCallback(Handler.java:1051)
09-07 19:57:24.581 17443 17866 E GoogleApiManager: 	at android.os.Handler.dispatchMessage(Handler.java:107)
09-07 19:57:24.581 17443 17866 E GoogleApiManager: 	at dhsb.lJ(:com.google.android.gms@263234035@26.32.34 (260400-968093310):1)
09-07 19:57:24.581 17443 17866 E GoogleApiManager: 	at dhsb.dispatchMessage(:com.google.android.gms@263234035@26.32.34 (260400-968093310):5)
09-07 19:57:24.581 17443 17866 E GoogleApiManager: 	at android.os.Looper.loopOnce(Looper.java:266)
09-07 19:57:24.581 17443 17866 E GoogleApiManager: 	at android.os.Looper.loop(Looper.java:361)
09-07 19:57:24.581 17443 17866 E GoogleApiManager: 	at android.os.HandlerThread.run(HandlerThread.java:103)
09-07 19:57:24.582 17443 17866 W GoogleApiManager: Not showing notification since connectionResult is not user-facing: ConnectionResult{statusCode=DEVELOPER_ERROR, resolution=null, message=null, clientMethodKey=null}
09-07 19:57:24.585 16016 16106 W HWUI    : Image decoding logging dropped!
09-07 19:57:24.586 17443 17879 W FlagStore: Unable to update local snapshot for com.google.android.gms.providerinstaller#com.google.android.apps.chromecast.app, may result in stale flags.
09-07 19:57:24.586 17443 17879 W FlagStore: java.util.concurrent.ExecutionException: gvvj: 17: 17: API: Phenotype.API is not available on this device. Connection failed with: ConnectionResult{statusCode=DEVELOPER_ERROR, resolution=null, message=null, clientMethodKey=null}
09-07 19:57:24.586 17443 17879 W FlagStore: 	at hwtn.j(:com.google.android.gms@263234035@26.32.34 (260400-968093310):21)
09-07 19:57:24.586 17443 17879 W FlagStore: 	at hwtw.t(:com.google.android.gms@263234035@26.32.34 (260400-968093310):24)
09-07 19:57:24.586 17443 17879 W FlagStore: 	at hwtn.get(:com.google.android.gms@263234035@26.32.34 (260400-968093310):1)
09-07 19:57:24.586 17443 17879 W FlagStore: 	at hwyf.a(:com.google.android.gms@263234035@26.32.34 (260400-968093310):2)
09-07 19:57:24.586 17443 17879 W FlagStore: 	at hwwv.s(:com.google.android.gms@263234035@26.32.34 (260400-968093310):10)
09-07 19:57:24.586 17443 17879 W FlagStore: 	at gwar.d(:com.google.android.gms@263234035@26.32.34 (260400-968093310):1)
09-07 19:57:24.586 17443 17879 W FlagStore: 	at gvzv.run(:com.google.android.gms@263234035@26.32.34 (260400-968093310):5)
09-07 19:57:24.586 17443 17879 W FlagStore: 	at java.util.concurrent.Executors$RunnableAdapter.call(Executors.java:520)
09-07 19:57:24.586 17443 17879 W FlagStore: 	at java.util.concurrent.FutureTask.run(FutureTask.java:328)
09-07 19:57:24.586 17443 17879 W FlagStore: 	at java.util.concurrent.ScheduledThreadPoolExecutor$ScheduledFutureTask.run(ScheduledThreadPoolExecutor.java:323)
09-07 19:57:24.586 17443 17879 W FlagStore: 	at java.util.concurrent.ThreadPoolExecutor.runWorker(ThreadPoolExecutor.java:1100)
09-07 19:57:24.586 17443 17879 W FlagStore: 	at java.util.concurrent.ThreadPoolExecutor$Worker.run(ThreadPoolExecutor.java:624)
09-07 19:57:24.586 17443 17879 W FlagStore: 	at java.lang.Thread.run(Thread.java:1572)
09-07 19:57:24.586 17443 17879 W FlagStore: Caused by: gvvj: 17: 17: API: Phenotype.API is not available on this device. Connection failed with: ConnectionResult{statusCode=DEVELOPER_ERROR, resolution=null, message=null, clientMethodKey=null}
09-07 19:57:24.586 17443 17879 W FlagStore: 	at gvvl.a(:com.google.android.gms@263234035@26.32.34 (260400-968093310):13)
09-07 19:57:24.586 17443 17879 W FlagStore: 	at hwtd.d(:com.google.android.gms@263234035@26.32.34 (260400-968093310):3)
09-07 19:57:24.586 17443 17879 W FlagStore: 	at hwtf.run(:com.google.android.gms@263234035@26.32.34 (260400-968093310):139)
09-07 19:57:24.586 17443 17879 W FlagStore: 	at hwvq.execute(:com.google.android.gms@263234035@26.32.34 (260400-968093310):1)
09-07 19:57:24.586 17443 17879 W FlagStore: 	at hwtn.f(:com.google.android.gms@263234035@26.32.34 (260400-968093310):1)
09-07 19:57:24.586 17443 17879 W FlagStore: 	at hwtn.m(:com.google.android.gms@263234035@26.32.34 (260400-968093310):101)
09-07 19:57:24.586 17443 17879 W FlagStore: 	at hwtn.q(:com.google.android.gms@263234035@26.32.34 (260400-968093310):16)
09-07 19:57:24.586 17443 17879 W FlagStore: 	at gpej.jd(:com.google.android.gms@263234035@26.32.34 (260400-968093310):35)
09-07 19:57:24.586 17443 17879 W FlagStore: 	at gbdp.run(:com.google.android.gms@263234035@26.32.34 (260400-968093310):12)
09-07 19:57:24.586 17443 17879 W FlagStore: 	at hwvq.execute(:com.google.android.gms@263234035@26.32.34 (260400-968093310):1)
09-07 19:57:24.586 17443 17879 W FlagStore: 	at gbdq.b(:com.google.android.gms@263234035@26.32.34 (260400-968093310):18)
09-07 19:57:24.586 17443 17879 W FlagStore: 	at gbef.b(:com.google.android.gms@263234035@26.32.34 (260400-968093310):34)
09-07 19:57:24.586 17443 17879 W FlagStore: 	at gbem.B(:com.google.android.gms@263234035@26.32.34 (260400-968093310):17)
09-07 19:57:24.586 17443 17879 W FlagStore: 	at gbdh.run(:com.google.android.gms@263234035@26.32.34 (260400-968093310):60)
09-07 19:57:24.586 17443 17879 W FlagStore: 	at hwvq.execute(:com.google.android.gms@263234035@26.32.34 (260400-968093310):1)
09-07 19:57:24.586 17443 17879 W FlagStore: 	at gbdi.b(:com.google.android.gms@263234035@26.32.34 (260400-968093310):8)
09-07 19:57:24.586 17443 17879 W FlagStore: 	at gbef.b(:com.google.android.gms@263234035@26.32.34 (260400-968093310):34)
09-07 19:57:24.586 17443 17879 W FlagStore: 	at gbeh.c(:com.google.android.gms@263234035@26.32.34 (260400-968093310):23)
09-07 19:57:24.586 17443 17879 W FlagStore: 	at blsh.e(:com.google.android.gms@263234035@26.32.34 (260400-968093310):9)
09-07 19:57:24.586 17443 17879 W FlagStore: 	at blux.r(:com.google.android.gms@263234035@26.32.34 (260400-968093310):48)
09-07 19:57:24.586 17443 17879 W FlagStore: 	at blux.d(:com.google.android.gms@263234035@26.32.34 (260400-968093310):10)
09-07 19:57:24.586 17443 17879 W FlagStore: 	at blux.g(:com.google.android.gms@263234035@26.32.34 (260400-968093310):191)
09-07 19:57:24.586 17443 17879 W FlagStore: 	at bluz.run(:com.google.android.gms@263234035@26.32.34 (260400-968093310):74)
09-07 19:57:24.586 17443 17879 W FlagStore: 	at android.os.Handler.handleCallback(Handler.java:1051)
09-07 19:57:24.586 17443 17879 W FlagStore: 	at android.os.Handler.dispatchMessage(Handler.java:107)
09-07 19:57:24.586 17443 17879 W FlagStore: 	at dhsb.lJ(:com.google.android.gms@263234035@26.32.34 (260400-968093310):1)
09-07 19:57:24.586 17443 17879 W FlagStore: 	at dhsb.dispatchMessage(:com.google.android.gms@263234035@26.32.34 (260400-968093310):5)
09-07 19:57:24.586 17443 17879 W FlagStore: 	at android.os.Looper.loopOnce(Looper.java:266)
09-07 19:57:24.586 17443 17879 W FlagStore: 	at android.os.Looper.loop(Looper.java:361)
09-07 19:57:24.586 17443 17879 W FlagStore: 	at android.os.HandlerThread.run(HandlerThread.java:103)
09-07 19:57:24.586 17443 17879 W FlagStore: Caused by: blqm: 17: API: Phenotype.API is not available on this device. Connection failed with: ConnectionResult{statusCode=DEVELOPER_ERROR, resolution=null, message=null, clientMethodKey=null}
09-07 19:57:24.586 17443 17879 W FlagStore: 	at bmoo.a(:com.google.android.gms@263234035@26.32.34 (260400-968093310):15)
09-07 19:57:24.586 17443 17879 W FlagStore: 	at blsk.a(:com.google.android.gms@263234035@26.32.34 (260400-968093310):1)
09-07 19:57:24.586 17443 17879 W FlagStore: 	at blsh.e(:com.google.android.gms@263234035@26.32.34 (260400-968093310):5)
09-07 19:57:24.586 17443 17879 W FlagStore: 	... 11 more
09-07 19:57:24.593 17443 17564 I ProviderInstaller: Installed default security provider AndroidOpenSSL (via CompatProvider)
09-07 19:57:24.600 17589 17791 W ProviderInstaller: Failed to load providerinstaller module: No acceptable module com.google.android.gms.providerinstaller.dynamite found. Local version is 0 and remote version is 0.
09-07 19:57:24.659 17105 17105 W aqbd    : Canceled query for the previous account.
09-07 19:57:24.675 17891 17891 W ProviderHelper: Unknown dynamite feature providerinstaller.dynamite
09-07 19:57:24.675 17891 17891 I DynamiteModule: Considering local module com.google.android.gms.providerinstaller.dynamite:1 and remote module com.google.android.gms.providerinstaller.dynamite:0
09-07 19:57:24.675 17891 17891 I DynamiteModule: Selected local version of com.google.android.gms.providerinstaller.dynamite
09-07 19:57:24.683 17891 17891 I ProviderInstaller: Installed default security provider AndroidOpenSSL (via CompatProvider)
09-07 19:57:24.693 17226 17262 W fb4a.SigquitDetectorLacrima: nativeInit
09-07 19:57:24.648 17105 17141 W PhenotypeFlagCommitter: Committing snapshot for com.google.android.partnersetup#com.google.android.gm failed, retrying
09-07 19:57:24.648 17105 17141 W PhenotypeFlagCommitter: java.util.concurrent.TimeoutException: Timed out waiting for Task
09-07 19:57:24.648 17105 17141 W PhenotypeFlagCommitter: 	at aojv.B(PG:55)
09-07 19:57:24.648 17105 17141 W PhenotypeFlagCommitter: 	at achw.d(PG:81)
09-07 19:57:24.648 17105 17141 W PhenotypeFlagCommitter: 	at jzb.run(PG:163)
09-07 19:57:24.648 17105 17141 W PhenotypeFlagCommitter: 	at aoiu.run(PG:7)
09-07 19:57:24.648 17105 17141 W PhenotypeFlagCommitter: 	at java.util.concurrent.ThreadPoolExecutor.runWorker(ThreadPoolExecutor.java:1100)
09-07 19:57:24.648 17105 17141 W PhenotypeFlagCommitter: 	at java.util.concurrent.ThreadPoolExecutor$Worker.run(ThreadPoolExecutor.java:624)
09-07 19:57:24.648 17105 17141 W PhenotypeFlagCommitter: 	at aoih.run(PG:550)
09-07 19:57:24.648 17105 17141 W PhenotypeFlagCommitter: 	at java.lang.Thread.run(Thread.java:1572)
09-07 19:57:24.648 17105 17141 W PhenotypeFlagCommitter: 	at aojl.run(PG:61)
09-07 19:57:24.718 17226 17262 W fb4a.lacrima: Start AnrDetector... com.facebook.acra.anr.multisignal.MultiSignalANRDetector
09-07 19:57:24.718 17226 17262 W fb4a.MultiSignalANRDetectorLacrima: Starting
09-07 19:57:24.718 17226 17262 W fb4a.ProcessAnrErrorMonitor: startMonitoring with delay: 0
09-07 19:57:24.728 17226 17261 W fb4a.AppInitScheduler|Run:   Waiting on ProfiloBridgeFactoryImpl for 2623ms...
09-07 19:57:24.729 17226 17261 W fb4a.AppInitScheduler|Run:   Waiting on ReliabilityExperiments for 2459ms...
09-07 19:57:24.729 17226 17261 W fb4a.AppInitScheduler|Run:   Waiting on InitSurfaces for 2715ms...
09-07 19:57:24.729 17226 17261 W fb4a.AppInitScheduler|Run:   Waiting on PreloadFeedDataLoader for 2219ms...
09-07 19:57:24.729 17226 17261 W fb4a.AppInitScheduler|Run:   Waiting on InitFury for 2892ms...
09-07 19:57:24.729 17226 17261 W fb4a.AppInitScheduler|Run:   Waiting on PreloadFeedFullCacheLoad for 2211ms...
09-07 19:57:24.729 17226 17261 W fb4a.AppInitScheduler|Run:   Waiting on InitLacrimaLaterInit for 2888ms...
09-07 19:57:24.735 16970 17920 I c.aqod  : Obtained writable database SQLiteDatabase/47860746 instance with path /data/user/0/com.google.android.calendar/files/tasks/0782e03f-6199-3f15-8737-29105cdd5a02/data.db
09-07 19:57:24.737 16970 17917 I c.aqod  : Obtained writable database SQLiteDatabase/202719985 instance with path /data/user/0/com.google.android.calendar/files/tasks/d661c6bd-9a69-3c02-b734-2e80d9ec5b86/data.db
09-07 19:57:24.743 16970 17060 I c.aqmj  : The schema version is 10, the database version is 10, and there are 0 migrations
09-07 19:57:24.743 16970 17922 I c.aqod  : Obtained writable database SQLiteDatabase/58149528 instance with path /data/user/0/com.google.android.calendar/files/tasks/bf651d5c-74b0-35f3-8218-56ce2b687fd7/data.db
09-07 19:57:24.750 16970 17099 I c.aqmj  : The schema version is 10, the database version is 10, and there are 0 migrations
09-07 19:57:24.752 17226 17292 W fb4a.AppInitScheduler|Run: Running PreloadStoriesTrayQuery, order=158, priorityHint=LOW 
09-07 19:57:24.780 17226 17292 W fb4a.AppInitScheduler|Run:   Finished PreloadStoriesTrayQuery in 28ms
09-07 19:57:24.780 17226 17292 W fb4a.AppInitScheduler|Run: Running PreloadStoryAdsInStoriesTray, order=159, priorityHint=LOW 
09-07 19:57:24.780 17226 17292 W fb4a.AppInitScheduler|Run:   Finished PreloadStoryAdsInStoriesTray in 0ms
09-07 19:57:24.780 17226 17292 W fb4a.AppInitScheduler|Run: Running PreloadTabPreloadablesBackgroundPrefetch, order=160, priorityHint=LOW 
09-07 19:57:24.783 16970 17060 I c.aqmj  : The schema version is 10, the database version is 10, and there are 0 migrations
09-07 19:57:24.821 16016 16016 E Finsky  : [2] ComposeVisualElement Error: veType=1863, CVE is already removed from parent
09-07 19:57:24.822 16016 16016 E Finsky  : [2] ComposeVisualElement Error: veType=1874, CVE is already removed from parent
09-07 19:57:24.822 16016 16016 E Finsky  : [2] ComposeVisualElement Error: veType=1906, CVE is already removed from parent
09-07 19:57:24.879 17443 17565 W HomeApp|zsa: Failed to get Phenotype configuration; not retrying. [CONTEXT android_log_tag="cast_app" ]
09-07 19:57:24.879 17443 17565 W HomeApp|zsa: java.util.concurrent.TimeoutException: Timed out waiting for Task
09-07 19:57:24.879 17443 17565 W HomeApp|zsa: 	at acse.aE(PG:55)
09-07 19:57:24.879 17443 17565 W HomeApp|zsa: 	at advd.h(PG:11)
09-07 19:57:24.879 17443 17565 W HomeApp|zsa: 	at advd.g(PG:18)
09-07 19:57:24.879 17443 17565 W HomeApp|zsa: 	at gyc.invokeSuspend(PG:226)
09-07 19:57:24.879 17443 17565 W HomeApp|zsa: 	at gyc.invoke(PG:69)
09-07 19:57:24.879 17443 17565 W HomeApp|zsa: 	at bmkd.bU(PG:15)
09-07 19:57:24.879 17443 17565 W HomeApp|zsa: 	at brlj.y(PG:53)
09-07 19:57:24.879 17443 17565 W HomeApp|zsa: 	at zsf.a(PG:73)
09-07 19:57:24.879 17443 17565 W HomeApp|zsa: 	at sfx.invokeSuspend(PG:393)
09-07 19:57:24.879 17443 17565 W HomeApp|zsa: 	at sfx.invoke(PG:120)
09-07 19:57:24.879 17443 17565 W HomeApp|zsa: 	at brsy.invokeSuspend(PG:198)
09-07 19:57:24.879 17443 17565 W HomeApp|zsa: 	at brsy.a(PG:100)
09-07 19:57:24.879 17443 17565 W HomeApp|zsa: 	at afap.invokeSuspend(PG:828)
09-07 19:57:24.879 17443 17565 W HomeApp|zsa: 	at afap.invoke(PG:18)
09-07 19:57:24.879 17443 17565 W HomeApp|zsa: 	at brne.m(PG:40)
09-07 19:57:24.879 17443 17565 W HomeApp|zsa: 	at brlj.A(PG:20)
09-07 19:57:24.879 17443 17565 W HomeApp|zsa: 	at brlj.C(PG:12)
09-07 19:57:24.879 17443 17565 W HomeApp|zsa: 	at aksv.a(PG:117)
09-07 19:57:24.879 17443 17565 W HomeApp|zsa: 	at brvn.a(PG:5)
09-07 19:57:24.879 17443 17565 W HomeApp|zsa: 	at brvm.a(PG:127)
09-07 19:57:24.879 17443 17565 W HomeApp|zsa: 	at ajnc.invokeSuspend(PG:670)
09-07 19:57:24.879 17443 17565 W HomeApp|zsa: 	at ajnc.invoke(PG:137)
09-07 19:57:24.879 17443 17565 W HomeApp|zsa: 	at brsj.nj(PG:683)
09-07 19:57:24.879 17443 17565 W HomeApp|zsa: 	at bts.invokeSuspend(PG:60)
09-07 19:57:24.879 17443 17565 W HomeApp|zsa: 	at bts.invoke(PG:35)
09-07 19:57:24.879 17443 17565 W HomeApp|zsa: 	at bmkd.bU(PG:15)
09-07 19:57:24.879 17443 17565 W HomeApp|zsa: 	at brne.n(PG:11)
09-07 19:57:24.879 17443 17565 W HomeApp|zsa: 	at bruz.i(PG:10)
09-07 19:57:24.879 17443 17565 W HomeApp|zsa: 	at bruw.b(PG:6)
09-07 19:57:24.879 17443 17565 W HomeApp|zsa: 	at gae.invokeSuspend(PG:505)
09-07 19:57:24.879 17443 17565 W HomeApp|zsa: 	at brfe.resumeWith(PG:8)
09-07 19:57:24.879 17443 17565 W HomeApp|zsa: 	at brno.run(PG:109)
09-07 19:57:24.879 17443 17565 W HomeApp|zsa: 	at aelw.run(PG:5)
09-07 19:57:24.879 17443 17565 W HomeApp|zsa: 	at atcl.run(PG:44)
09-07 19:57:24.879 17443 17565 W HomeApp|zsa: 	at aelq.run(PG:872)
09-07 19:57:24.879 17443 17565 W HomeApp|zsa: 	at hma.run(PG:197)
09-07 19:57:24.879 17443 17565 W HomeApp|zsa: 	at java.lang.Thread.run(Thread.java:1572)
09-07 19:57:24.879 17443 17565 W HomeApp|zsa: 	at aemw.run(PG:51)
09-07 19:57:24.887 17443 17565 E PhenotypeFlagCommitter: Retrieving snapshot for com.google.android.apps.chromecast.app#com.google.android.apps.chromecast.app failed
09-07 19:57:24.887 17443 17565 E PhenotypeFlagCommitter: java.util.concurrent.TimeoutException: Timed out waiting for Task
09-07 19:57:24.887 17443 17565 E PhenotypeFlagCommitter: 	at acse.aE(PG:55)
09-07 19:57:24.887 17443 17565 E PhenotypeFlagCommitter: 	at advd.h(PG:11)
09-07 19:57:24.887 17443 17565 E PhenotypeFlagCommitter: 	at advd.g(PG:18)
09-07 19:57:24.887 17443 17565 E PhenotypeFlagCommitter: 	at gyc.invokeSuspend(PG:226)
09-07 19:57:24.887 17443 17565 E PhenotypeFlagCommitter: 	at gyc.invoke(PG:69)
09-07 19:57:24.887 17443 17565 E PhenotypeFlagCommitter: 	at bmkd.bU(PG:15)
09-07 19:57:24.887 17443 17565 E PhenotypeFlagCommitter: 	at brlj.y(PG:53)
09-07 19:57:24.887 17443 17565 E PhenotypeFlagCommitter: 	at zsf.a(PG:73)
09-07 19:57:24.887 17443 17565 E PhenotypeFlagCommitter: 	at sfx.invokeSuspend(PG:393)
09-07 19:57:24.887 17443 17565 E PhenotypeFlagCommitter: 	at sfx.invoke(PG:120)
09-07 19:57:24.887 17443 17565 E PhenotypeFlagCommitter: 	at brsy.invokeSuspend(PG:198)
09-07 19:57:24.887 17443 17565 E PhenotypeFlagCommitter: 	at brsy.a(PG:100)
09-07 19:57:24.887 17443 17565 E PhenotypeFlagCommitter: 	at afap.invokeSuspend(PG:828)
09-07 19:57:24.887 17443 17565 E PhenotypeFlagCommitter: 	at afap.invoke(PG:18)
09-07 19:57:24.887 17443 17565 E PhenotypeFlagCommitter: 	at brne.m(PG:40)
09-07 19:57:24.887 17443 17565 E PhenotypeFlagCommitter: 	at brlj.A(PG:20)
09-07 19:57:24.887 17443 17565 E PhenotypeFlagCommitter: 	at brlj.C(PG:12)
09-07 19:57:24.887 17443 17565 E PhenotypeFlagCommitter: 	at aksv.a(PG:117)
09-07 19:57:24.887 17443 17565 E PhenotypeFlagCommitter: 	at brvn.a(PG:5)
09-07 19:57:24.887 17443 17565 E PhenotypeFlagCommitter: 	at brvm.a(PG:127)
09-07 19:57:24.887 17443 17565 E PhenotypeFlagCommitter: 	at ajnc.invokeSuspend(PG:670)
09-07 19:57:24.887 17443 17565 E PhenotypeFlagCommitter: 	at ajnc.invoke(PG:137)
09-07 19:57:24.887 17443 17565 E PhenotypeFlagCommitter: 	at brsj.nj(PG:683)
09-07 19:57:24.887 17443 17565 E PhenotypeFlagCommitter: 	at bts.invokeSuspend(PG:60)
09-07 19:57:24.887 17443 17565 E PhenotypeFlagCommitter: 	at bts.invoke(PG:35)
09-07 19:57:24.887 17443 17565 E PhenotypeFlagCommitter: 	at bmkd.bU(PG:15)
09-07 19:57:24.887 17443 17565 E PhenotypeFlagCommitter: 	at brne.n(PG:11)
09-07 19:57:24.887 17443 17565 E PhenotypeFlagCommitter: 	at bruz.i(PG:10)
09-07 19:57:24.887 17443 17565 E PhenotypeFlagCommitter: 	at bruw.b(PG:6)
09-07 19:57:24.887 17443 17565 E PhenotypeFlagCommitter: 	at gae.invokeSuspend(PG:505)
09-07 19:57:24.887 17443 17565 E PhenotypeFlagCommitter: 	at brfe.resumeWith(PG:8)
09-07 19:57:24.887 17443 17565 E PhenotypeFlagCommitter: 	at brno.run(PG:109)
09-07 19:57:24.887 17443 17565 E PhenotypeFlagCommitter: 	at aelw.run(PG:5)
09-07 19:57:24.887 17443 17565 E PhenotypeFlagCommitter: 	at atcl.run(PG:44)
09-07 19:57:24.887 17443 17565 E PhenotypeFlagCommitter: 	at aelq.run(PG:872)
09-07 19:57:24.887 17443 17565 E PhenotypeFlagCommitter: 	at hma.run(PG:197)
09-07 19:57:24.887 17443 17565 E PhenotypeFlagCommitter: 	at java.lang.Thread.run(Thread.java:1572)
09-07 19:57:24.887 17443 17565 E PhenotypeFlagCommitter: 	at aemw.run(PG:51)
09-07 19:57:24.892 17443 17565 W HomeApp|zsf: Phenotype commit failed
09-07 19:57:24.912 16970 17921 I c.aqod  : Obtained writable database SQLiteDatabase/262806829 instance with path /data/user/0/com.google.android.calendar/files/tasks/4cb7fd37-c18c-3346-837f-fe6c16950b52/data.db
09-07 19:57:24.941 16970 17924 I c.aqod  : Obtained writable database SQLiteDatabase/111747059 instance with path /data/user/0/com.google.android.calendar/files/tasks/6c4a3a0a-29d6-3440-b5bb-a0334f6a5ab2/data.db
09-07 19:57:24.980 17443 17931 W System  : ClassLoader referenced unknown path: 
09-07 19:57:24.990 17226 17262 W fb4a.AppInitScheduler|Run:   Finished InitLacrimaLaterInit in 3150ms
09-07 19:57:24.990 17226 17262 W fb4a.AppInitScheduler|Run: Running PreloadVideoPrivateSharing, order=161, priorityHint=LOW 
09-07 19:57:24.991 17226 17262 W fb4a.AppInitScheduler|Run:   Finished PreloadVideoPrivateSharing in 0ms
09-07 19:57:24.991 17226 17262 W fb4a.AppInitScheduler|Run: Running ScreenOnFeedPrefetch, order=162, priorityHint=LOW 
09-07 19:57:24.991 17226 17262 W fb4a.AppInitScheduler|Run:   Finished ScreenOnFeedPrefetch in 0ms
09-07 19:57:24.991 17226 17262 W fb4a.AppInitScheduler|Run: Running SecondaryDexPreloaderBg, order=163, priorityHint=LOW 
09-07 19:57:24.991 17226 17262 W fb4a.AppInitScheduler|Run:   Finished SecondaryDexPreloaderBg in 0ms
09-07 19:57:24.991 17226 17262 W fb4a.AppInitScheduler|Run: Running SecureHashDigestReuseInit, order=164, priorityHint=LOW 
09-07 19:57:24.991 17226 17262 W fb4a.AppInitScheduler|Run:   Finished SecureHashDigestReuseInit in 0ms
09-07 19:57:24.991 17226 17262 W fb4a.AppInitScheduler|Run: Running SetupBlockingBackgroundComponentReporting, order=165, priorityHint=LOW 
09-07 19:57:24.991 17226 17262 W fb4a.AppInitScheduler|Run:   Finished SetupBlockingBackgroundComponentReporting in 1ms
09-07 19:57:24.991 17226 17262 W fb4a.AppInitScheduler|Run: Running StartupQPLReplayer, order=166, priorityHint=LOW 
09-07 19:57:24.995 17226 17262 W fb4a.AppInitScheduler|Run:   Finished StartupQPLReplayer in 3ms
09-07 19:57:24.995 17226 17262 W fb4a.AppInitScheduler|Schedule:   Executing 433:StartupQPLTransitToMatureStage
09-07 19:57:24.995 17226 17262 W fb4a.AppInitScheduler|Run: Running StartupQPLTransitToMatureStage, order=167, priorityHint=LOW 
09-07 19:57:25.010  3867  3906 W ProviderHelper: Unknown dynamite feature providerinstaller.dynamite
09-07 19:57:25.011 16970 17510 I c.aqmj  : The schema version is 10, the database version is 10, and there are 0 migrations
09-07 19:57:25.016 17443 17931 W .chromecast.app: ClassLoaderContext classpath element checksum mismatch. expected=3267616312, found=841071837 (DLC[];PCL[base.apk*3267616312]{PCL[/system/framework/org.apache.http.legacy.jar*3639482607]#PCL[/system/framework/com.android.location.provider.jar*1570284764]#PCL[/system/framework/com.android.media.remotedisplay.jar*487574312]#PCL[/system_ext/framework/com.android.extensions.appfunctions.jar*2880224042]#PCL[/system_ext/framework/androidx.window.extensions.jar*2113489502]#PCL[/system_ext/framework/androidx.window.sidecar.jar*2896324272]} | DLC[];PCL[/data/app/~~CTm963wHN_1IPnOfWqzgmw==/com.google.android.apps.chromecast.app-hhuCTiSDpnDkFi6pJa1CLw==/base.apk*841071837]{PCL[/system/framework/org.apache.http.legacy.jar*3639482607]#PCL[/system_ext/framework/androidx.window.extensions.jar*2113489502]#PCL[/system_ext/framework/androidx.window.sidecar.jar*2896324272]})
09-07 19:57:25.018 17226 17262 W fb4a.AppInitScheduler|Run:   Finished StartupQPLTransitToMatureStage in 23ms
09-07 19:57:25.020 17226 17291 W fb4a.AppInitScheduler|Run:   Finished ProfiloBridgeFactoryImpl in 2914ms
09-07 19:57:25.037 17226 17262 W fb4a.AppInitScheduler|Run: Running VideoMetaCasper, order=168, priorityHint=LOW 
09-07 19:57:25.040 17226 17262 W fb4a.AppInitScheduler|Run:   Finished VideoMetaCasper in 20ms
09-07 19:57:25.056 17226 17504 W fb4a.QPLConfig: failed to load config
09-07 19:57:25.056 17226 17504 W fb4a.QPLConfig: java.io.FileNotFoundException: /data/user/0/com.facebook.katana/app_qpl/qpl_sampling_config_v2.null: open failed: ENOENT (No such file or directory)
09-07 19:57:25.056 17226 17504 W fb4a.QPLConfig: 	at libcore.io.IoBridge.open(IoBridge.java:574)
09-07 19:57:25.056 17226 17504 W fb4a.QPLConfig: 	at java.io.FileInputStream.<init>(FileInputStream.java:179)
09-07 19:57:25.056 17226 17504 W fb4a.QPLConfig: 	at X.001.A0G(:2)
09-07 19:57:25.056 17226 17504 W fb4a.QPLConfig: 	at X.8nD.A00(:33)
09-07 19:57:25.056 17226 17504 W fb4a.QPLConfig: 	at X.5Pp.run(:50)
09-07 19:57:25.056 17226 17504 W fb4a.QPLConfig: 	at X.1I0.execute(:0)
09-07 19:57:25.056 17226 17504 W fb4a.QPLConfig: 	at X.4WP.<init>(:36)
09-07 19:57:25.056 17226 17504 W fb4a.QPLConfig: 	at X.4o1.call(:24)
09-07 19:57:25.056 17226 17504 W fb4a.QPLConfig: 	at X.4o0.A00(:11)
09-07 19:57:25.056 17226 17504 W fb4a.QPLConfig: 	at X.4o0.BAx(:0)
09-07 19:57:25.056 17226 17504 W fb4a.QPLConfig: 	at X.3Tq.A07(:250)
09-07 19:57:25.056 17226 17504 W fb4a.QPLConfig: 	at X.3Tq.A02(:3)
09-07 19:57:25.056 17226 17504 W fb4a.QPLConfig: 	at X.3Tq.A06(:11)
09-07 19:57:25.056 17226 17504 W fb4a.QPLConfig: 	at X.3Tq.A01(:11)
09-07 19:57:25.056 17226 17504 W fb4a.QPLConfig: 	at X.3Tq.A05(:11)
09-07 19:57:25.056 17226 17504 W fb4a.QPLConfig: 	at X.3Tq.A04(:11)
09-07 19:57:25.056 17226 17504 W fb4a.QPLConfig: 	at X.3Tq.A03(:5)
09-07 19:57:25.056 17226 17504 W fb4a.QPLConfig: 	at X.17k.A01(:172)
09-07 19:57:25.056 17226 17504 W fb4a.QPLConfig: 	at X.3OQ.A04(:44)
09-07 19:57:25.056 17226 17504 W fb4a.QPLConfig: 	at X.3OQ.A03(:5)
09-07 19:57:25.056 17226 17504 W fb4a.QPLConfig: 	at X.3OU.get(:15)
09-07 19:57:25.056 17226 17504 W fb4a.QPLConfig: 	at X.1NQ.A00(:2)
09-07 19:57:25.056 17226 17504 W fb4a.QPLConfig: 	at X.5Po.run(:8)
09-07 19:57:25.056 17226 17504 W fb4a.QPLConfig: 	at X.3P0.run(:2)
09-07 19:57:25.056 17226 17504 W fb4a.QPLConfig: 	at java.util.concurrent.ThreadPoolExecutor.runWorker(ThreadPoolExecutor.java:1100)
09-07 19:57:25.056 17226 17504 W fb4a.QPLConfig: 	at java.util.concurrent.ThreadPoolExecutor$Worker.run(ThreadPoolExecutor.java:624)
09-07 19:57:25.056 17226 17504 W fb4a.QPLConfig: 	at X.1CU.run(:3)
09-07 19:57:25.056 17226 17504 W fb4a.QPLConfig: 	at X.1CW.run(:17)
09-07 19:57:25.056 17226 17504 W fb4a.QPLConfig: 	at java.lang.Thread.run(Thread.java:1572)
09-07 19:57:25.056 17226 17504 W fb4a.QPLConfig: Caused by: android.system.ErrnoException: open failed: ENOENT (No such file or directory)
09-07 19:57:25.056 17226 17504 W fb4a.QPLConfig: 	at libcore.io.Linux.open(Native Method)
09-07 19:57:25.056 17226 17504 W fb4a.QPLConfig: 	at libcore.io.ForwardingOs.open(ForwardingOs.java:579)
09-07 19:57:25.056 17226 17504 W fb4a.QPLConfig: 	at libcore.io.BlockGuardOs.open(BlockGuardOs.java:274)
09-07 19:57:25.056 17226 17504 W fb4a.QPLConfig: 	at libcore.io.ForwardingOs.open(ForwardingOs.java:579)
09-07 19:57:25.056 17226 17504 W fb4a.QPLConfig: 	at android.app.ActivityThread$AndroidOs.open(ActivityThread.java:10260)
09-07 19:57:25.056 17226 17504 W fb4a.QPLConfig: 	at libcore.io.IoBridge.open(IoBridge.java:560)
09-07 19:57:25.056 17226 17504 W fb4a.QPLConfig: 	... 28 more
09-07 19:57:25.063 16970 17510 I c.aqmj  : The schema version is 10, the database version is 10, and there are 0 migrations
09-07 19:57:25.074 17443 17931 I .chromecast.app: AssetManager2(0xb400007395e25e78) locale list changing from [] to [en-IN]
09-07 19:57:25.076 17443 17931 I .chromecast.app: AssetManager2(0xb400007395e22638) locale list changing from [] to [en-IN]
09-07 19:57:25.118  3867 15145 W PhBaseOp: Phenotype API error. Event: # jdpr@2a7794ae, EventCode: COMMIT_CONFIG [CONTEXT service_id=51 ]
09-07 19:57:25.118  3867 15145 W PhBaseOp: fmaa: 29503
09-07 19:57:25.118  3867 15145 W PhBaseOp: 	at fmcd.d(:com.google.android.gms@263234035@26.32.34 (260400-968093310):162)
09-07 19:57:25.118  3867 15145 W PhBaseOp: 	at fmcd.b(:com.google.android.gms@263234035@26.32.34 (260400-968093310):44)
09-07 19:57:25.118  3867 15145 W PhBaseOp: 	at fmcc.i(:com.google.android.gms@263234035@26.32.34 (260400-968093310):3)
09-07 19:57:25.118  3867 15145 W PhBaseOp: 	at fmby.h(:com.google.android.gms@263234035@26.32.34 (260400-968093310):34)
09-07 19:57:25.118  3867 15145 W PhBaseOp: 	at fmby.f(:com.google.android.gms@263234035@26.32.34 (260400-968093310):16)
09-07 19:57:25.118  3867 15145 W PhBaseOp: 	at dgbf.fw(:com.google.android.gms@263234035@26.32.34 (260400-968093310):1)
09-07 19:57:25.118  3867 15145 W PhBaseOp: 	at dgbr.run(:com.google.android.gms@263234035@26.32.34 (260400-968093310):122)
09-07 19:57:25.118  3867 15145 W PhBaseOp: 	at hnyy.run(:com.google.android.gms@263234035@26.32.34 (260400-968093310):23)
09-07 19:57:25.118  3867 15145 W PhBaseOp: 	at bnli.d(:com.google.android.gms@263234035@26.32.34 (260400-968093310):50)
09-07 19:57:25.118  3867 15145 W PhBaseOp: 	at bnli.c(:com.google.android.gms@263234035@26.32.34 (260400-968093310):6)
09-07 19:57:25.118  3867 15145 W PhBaseOp: 	at bnli.run(:com.google.android.gms@263234035@26.32.34 (260400-968093310):33)
09-07 19:57:25.118  3867 15145 W PhBaseOp: 	at java.util.concurrent.ThreadPoolExecutor.runWorker(ThreadPoolExecutor.java:1100)
09-07 19:57:25.118  3867 15145 W PhBaseOp: 	at java.util.concurrent.ThreadPoolExecutor$Worker.run(ThreadPoolExecutor.java:624)
09-07 19:57:25.118  3867 15145 W PhBaseOp: 	at bnri.run(:com.google.android.gms@263234035@26.32.34 (260400-968093310):8)
09-07 19:57:25.118  3867 15145 W PhBaseOp: 	at java.lang.Thread.run(Thread.java:1572)
09-07 19:57:25.119  3867 15145 W AsyncOperation: operation=CommitToConfigurationOperationCall, opStatusCode=29503 [CONTEXT service_id=51 ]
09-07 19:57:25.119  3867 15145 W AsyncOperation: OperationException[Status{statusCode=unknown status code: 29503, resolution=null}]
09-07 19:57:25.119  3867 15145 W AsyncOperation: 	at fmby.h(:com.google.android.gms@263234035@26.32.34 (260400-968093310):63)
09-07 19:57:25.119  3867 15145 W AsyncOperation: 	at fmby.f(:com.google.android.gms@263234035@26.32.34 (260400-968093310):16)
09-07 19:57:25.119  3867 15145 W AsyncOperation: 	at dgbf.fw(:com.google.android.gms@263234035@26.32.34 (260400-968093310):1)
09-07 19:57:25.119  3867 15145 W AsyncOperation: 	at dgbr.run(:com.google.android.gms@263234035@26.32.34 (260400-968093310):122)
09-07 19:57:25.119  3867 15145 W AsyncOperation: 	at hnyy.run(:com.google.android.gms@263234035@26.32.34 (260400-968093310):23)
09-07 19:57:25.119  3867 15145 W AsyncOperation: 	at bnli.d(:com.google.android.gms@263234035@26.32.34 (260400-968093310):50)
09-07 19:57:25.119  3867 15145 W AsyncOperation: 	at bnli.c(:com.google.android.gms@263234035@26.32.34 (260400-968093310):6)
09-07 19:57:25.119  3867 15145 W AsyncOperation: 	at bnli.run(:com.google.android.gms@263234035@26.32.34 (260400-968093310):33)
09-07 19:57:25.119  3867 15145 W AsyncOperation: 	at java.util.concurrent.ThreadPoolExecutor.runWorker(ThreadPoolExecutor.java:1100)
09-07 19:57:25.119  3867 15145 W AsyncOperation: 	at java.util.concurrent.ThreadPoolExecutor$Worker.run(ThreadPoolExecutor.java:624)
09-07 19:57:25.119  3867 15145 W AsyncOperation: 	at bnri.run(:com.google.android.gms@263234035@26.32.34 (260400-968093310):8)
09-07 19:57:25.119  3867 15145 W AsyncOperation: 	at java.lang.Thread.run(Thread.java:1572)
09-07 19:57:25.135 17226 17264 W fb4a.AppInitScheduler|Run:   Finished InitFury in 3298ms
09-07 19:57:25.137  3867 15145 W PhBaseOp: Phenotype API error. Event: # jdpr@2361976e, EventCode: COMMIT_CONFIG [CONTEXT service_id=51 ]
09-07 19:57:25.137  3867 15145 W PhBaseOp: fmaa: 29503
09-07 19:57:25.137  3867 15145 W PhBaseOp: 	at fmcd.d(:com.google.android.gms@263234035@26.32.34 (260400-968093310):162)
09-07 19:57:25.137  3867 15145 W PhBaseOp: 	at fmcd.b(:com.google.android.gms@263234035@26.32.34 (260400-968093310):44)
09-07 19:57:25.137  3867 15145 W PhBaseOp: 	at fmcc.i(:com.google.android.gms@263234035@26.32.34 (260400-968093310):3)
09-07 19:57:25.137  3867 15145 W PhBaseOp: 	at fmby.h(:com.google.android.gms@263234035@26.32.34 (260400-968093310):34)
09-07 19:57:25.137  3867 15145 W PhBaseOp: 	at fmby.f(:com.google.android.gms@263234035@26.32.34 (260400-968093310):16)
09-07 19:57:25.137  3867 15145 W PhBaseOp: 	at dgbf.fw(:com.google.android.gms@263234035@26.32.34 (260400-968093310):1)
09-07 19:57:25.137  3867 15145 W PhBaseOp: 	at dgbr.run(:com.google.android.gms@263234035@26.32.34 (260400-968093310):122)
09-07 19:57:25.137  3867 15145 W PhBaseOp: 	at hnyy.run(:com.google.android.gms@263234035@26.32.34 (260400-968093310):23)
09-07 19:57:25.137  3867 15145 W PhBaseOp: 	at bnli.d(:com.google.android.gms@263234035@26.32.34 (260400-968093310):50)
09-07 19:57:25.137  3867 15145 W PhBaseOp: 	at bnli.c(:com.google.android.gms@263234035@26.32.34 (260400-968093310):6)
09-07 19:57:25.137  3867 15145 W PhBaseOp: 	at bnli.run(:com.google.android.gms@263234035@26.32.34 (260400-968093310):33)
09-07 19:57:25.137  3867 15145 W PhBaseOp: 	at java.util.concurrent.ThreadPoolExecutor.runWorker(ThreadPoolExecutor.java:1100)
09-07 19:57:25.137  3867 15145 W PhBaseOp: 	at java.util.concurrent.ThreadPoolExecutor$Worker.run(ThreadPoolExecutor.java:624)
09-07 19:57:25.137  3867 15145 W PhBaseOp: 	at bnri.run(:com.google.android.gms@263234035@26.32.34 (260400-968093310):8)
09-07 19:57:25.137  3867 15145 W PhBaseOp: 	at java.lang.Thread.run(Thread.java:1572)
09-07 19:57:25.142 17226 17290 W fb4a.AppInitScheduler|Run:   Finished InitSurfaces in 3129ms
09-07 19:57:25.144  3867 15145 W AsyncOperation: operation=CommitToConfigurationOperationCall, opStatusCode=29503 [CONTEXT service_id=51 ]
09-07 19:57:25.144  3867 15145 W AsyncOperation: OperationException[Status{statusCode=unknown status code: 29503, resolution=null}]
09-07 19:57:25.144  3867 15145 W AsyncOperation: 	at fmby.h(:com.google.android.gms@263234035@26.32.34 (260400-968093310):63)
09-07 19:57:25.144  3867 15145 W AsyncOperation: 	at fmby.f(:com.google.android.gms@263234035@26.32.34 (260400-968093310):16)
09-07 19:57:25.144  3867 15145 W AsyncOperation: 	at dgbf.fw(:com.google.android.gms@263234035@26.32.34 (260400-968093310):1)
09-07 19:57:25.144  3867 15145 W AsyncOperation: 	at dgbr.run(:com.google.android.gms@263234035@26.32.34 (260400-968093310):122)
09-07 19:57:25.144  3867 15145 W AsyncOperation: 	at hnyy.run(:com.google.android.gms@263234035@26.32.34 (260400-968093310):23)
09-07 19:57:25.144  3867 15145 W AsyncOperation: 	at bnli.d(:com.google.android.gms@263234035@26.32.34 (260400-968093310):50)
09-07 19:57:25.144  3867 15145 W AsyncOperation: 	at bnli.c(:com.google.android.gms@263234035@26.32.34 (260400-968093310):6)
09-07 19:57:25.144  3867 15145 W AsyncOperation: 	at bnli.run(:com.google.android.gms@263234035@26.32.34 (260400-968093310):33)
09-07 19:57:25.144  3867 15145 W AsyncOperation: 	at java.util.concurrent.ThreadPoolExecutor.runWorker(ThreadPoolExecutor.java:1100)
09-07 19:57:25.144  3867 15145 W AsyncOperation: 	at java.util.concurrent.ThreadPoolExecutor$Worker.run(ThreadPoolExecutor.java:624)
09-07 19:57:25.144  3867 15145 W AsyncOperation: 	at bnri.run(:com.google.android.gms@263234035@26.32.34 (260400-968093310):8)
09-07 19:57:25.144  3867 15145 W AsyncOperation: 	at java.lang.Thread.run(Thread.java:1572)
09-07 19:57:25.145 17443 17578 W PhenotypeFlag: Setting enableAutoSubpackage on SharedPrefs-backed flags
09-07 19:57:25.173 16016 16112 I android.vending: Explicit concurrent copying GC freed 5624KB AllocSpace bytes, 24(896KB) LOS objects, 29% free, 57MB/81MB, paused 1.137ms,277us total 2.015s
09-07 19:57:25.186 16016 16216 I android.vending: Waiting for a blocking GC Explicit
09-07 19:57:25.199 16970 17930 I c.aqod  : Obtained writable database SQLiteDatabase/162869934 instance with path /data/user/0/com.google.android.calendar/files/tasks/d63b6ce9-c786-316e-ae82-4f20deddb079/data.db
09-07 19:57:25.207 17443 17578 W PhenotypeFlag: Setting enableAutoSubpackage on SharedPrefs-backed flags
09-07 19:57:25.243 16438 16742 I cn_CronetUrlRequestContext: destroyNativeStreamLocked android.net.http.internal.org.chromium.net.impl.CronetBidirectionalStream@1422112
09-07 19:57:25.253 17226 17296 W fb4a.AppInitScheduler|Run:   Finished PreloadStoriesTrayFetchController in 886ms
09-07 19:57:25.269 17226 17297 W fb4a.AppInitScheduler|Run:   Finished ReliabilityExperiments in 2999ms
09-07 19:57:25.315 17443 17965 I HttpFlagsLoader: HTTP flags log line (Impl): Using live production flag values from Google
09-07 19:57:25.368 17443 17578 I cn_CronetLibraryLoader: Cronet version: 147.0.7727.132, arch: aarch64
09-07 19:57:25.421 17226 17292 W fb4a.AppInitScheduler|Run:   Finished PreloadTabPreloadablesBackgroundPrefetch in 641ms
09-07 19:57:25.448 17443 17578 W PhenotypeFlag: Setting enableAutoSubpackage on SharedPrefs-backed flags
09-07 19:57:25.451 17443 17578 E HomeApp|ajnf: Refresh homes before calling this
09-07 19:57:25.470  3867  9213 I FontLog : (REDACTED) Received query %s, URI %s
09-07 19:57:25.471  3867  9213 I FontLog : (REDACTED) Query [%s] resolved to %s
09-07 19:57:25.478  3867  9213 I FontLog : (REDACTED) Fetch %s end status %s
09-07 19:57:25.542  3867 15145 W PhBaseOp: Phenotype API error. Event: # jdpr@61907e53, EventCode: COMMIT_CONFIG [CONTEXT service_id=51 ]
09-07 19:57:25.542  3867 15145 W PhBaseOp: fmaa: 29503
09-07 19:57:25.542  3867 15145 W PhBaseOp: 	at fmcd.d(:com.google.android.gms@263234035@26.32.34 (260400-968093310):162)
09-07 19:57:25.542  3867 15145 W PhBaseOp: 	at fmcd.b(:com.google.android.gms@263234035@26.32.34 (260400-968093310):44)
09-07 19:57:25.542  3867 15145 W PhBaseOp: 	at fmcc.i(:com.google.android.gms@263234035@26.32.34 (260400-968093310):3)
09-07 19:57:25.542  3867 15145 W PhBaseOp: 	at fmby.h(:com.google.android.gms@263234035@26.32.34 (260400-968093310):34)
09-07 19:57:25.542  3867 15145 W PhBaseOp: 	at fmby.f(:com.google.android.gms@263234035@26.32.34 (260400-968093310):16)
09-07 19:57:25.542  3867 15145 W PhBaseOp: 	at dgbf.fw(:com.google.android.gms@263234035@26.32.34 (260400-968093310):1)
09-07 19:57:25.542  3867 15145 W PhBaseOp: 	at dgbr.run(:com.google.android.gms@263234035@26.32.34 (260400-968093310):122)
09-07 19:57:25.542  3867 15145 W PhBaseOp: 	at hnyy.run(:com.google.android.gms@263234035@26.32.34 (260400-968093310):23)
09-07 19:57:25.542  3867 15145 W PhBaseOp: 	at bnli.d(:com.google.android.gms@263234035@26.32.34 (260400-968093310):50)
09-07 19:57:25.542  3867 15145 W PhBaseOp: 	at bnli.c(:com.google.android.gms@263234035@26.32.34 (260400-968093310):6)
09-07 19:57:25.542  3867 15145 W PhBaseOp: 	at bnli.run(:com.google.android.gms@263234035@26.32.34 (260400-968093310):33)
09-07 19:57:25.542  3867 15145 W PhBaseOp: 	at java.util.concurrent.ThreadPoolExecutor.runWorker(ThreadPoolExecutor.java:1100)
09-07 19:57:25.542  3867 15145 W PhBaseOp: 	at java.util.concurrent.ThreadPoolExecutor$Worker.run(ThreadPoolExecutor.java:624)
09-07 19:57:25.542  3867 15145 W PhBaseOp: 	at bnri.run(:com.google.android.gms@263234035@26.32.34 (260400-968093310):8)
09-07 19:57:25.542  3867 15145 W PhBaseOp: 	at java.lang.Thread.run(Thread.java:1572)
09-07 19:57:25.543  3867 15145 W AsyncOperation: operation=CommitToConfigurationOperationCall, opStatusCode=29503 [CONTEXT service_id=51 ]
09-07 19:57:25.543  3867 15145 W AsyncOperation: OperationException[Status{statusCode=unknown status code: 29503, resolution=null}]
09-07 19:57:25.543  3867 15145 W AsyncOperation: 	at fmby.h(:com.google.android.gms@263234035@26.32.34 (260400-968093310):63)
09-07 19:57:25.543  3867 15145 W AsyncOperation: 	at fmby.f(:com.google.android.gms@263234035@26.32.34 (260400-968093310):16)
09-07 19:57:25.543  3867 15145 W AsyncOperation: 	at dgbf.fw(:com.google.android.gms@263234035@26.32.34 (260400-968093310):1)
09-07 19:57:25.543  3867 15145 W AsyncOperation: 	at dgbr.run(:com.google.android.gms@263234035@26.32.34 (260400-968093310):122)
09-07 19:57:25.543  3867 15145 W AsyncOperation: 	at hnyy.run(:com.google.android.gms@263234035@26.32.34 (260400-968093310):23)
09-07 19:57:25.543  3867 15145 W AsyncOperation: 	at bnli.d(:com.google.android.gms@263234035@26.32.34 (260400-968093310):50)
09-07 19:57:25.543  3867 15145 W AsyncOperation: 	at bnli.c(:com.google.android.gms@263234035@26.32.34 (260400-968093310):6)
09-07 19:57:25.543  3867 15145 W AsyncOperation: 	at bnli.run(:com.google.android.gms@263234035@26.32.34 (260400-968093310):33)
09-07 19:57:25.543  3867 15145 W AsyncOperation: 	at java.util.concurrent.ThreadPoolExecutor.runWorker(ThreadPoolExecutor.java:1100)
09-07 19:57:25.543  3867 15145 W AsyncOperation: 	at java.util.concurrent.ThreadPoolExecutor$Worker.run(ThreadPoolExecutor.java:624)
09-07 19:57:25.543  3867 15145 W AsyncOperation: 	at bnri.run(:com.google.android.gms@263234035@26.32.34 (260400-968093310):8)
09-07 19:57:25.543  3867 15145 W AsyncOperation: 	at java.lang.Thread.run(Thread.java:1572)
09-07 19:57:25.575  3867 15145 W PhBaseOp: Phenotype API error. Event: # jdpr@51df176f, EventCode: COMMIT_CONFIG [CONTEXT service_id=51 ]
09-07 19:57:25.575  3867 15145 W PhBaseOp: fmaa: 29503
09-07 19:57:25.575  3867 15145 W PhBaseOp: 	at fmcd.d(:com.google.android.gms@263234035@26.32.34 (260400-968093310):162)
09-07 19:57:25.575  3867 15145 W PhBaseOp: 	at fmcd.b(:com.google.android.gms@263234035@26.32.34 (260400-968093310):44)
09-07 19:57:25.575  3867 15145 W PhBaseOp: 	at fmcc.i(:com.google.android.gms@263234035@26.32.34 (260400-968093310):3)
09-07 19:57:25.575  3867 15145 W PhBaseOp: 	at fmby.h(:com.google.android.gms@263234035@26.32.34 (260400-968093310):34)
09-07 19:57:25.575  3867 15145 W PhBaseOp: 	at fmby.f(:com.google.android.gms@263234035@26.32.34 (260400-968093310):16)
09-07 19:57:25.575  3867 15145 W PhBaseOp: 	at dgbf.fw(:com.google.android.gms@263234035@26.32.34 (260400-968093310):1)
09-07 19:57:25.575  3867 15145 W PhBaseOp: 	at dgbr.run(:com.google.android.gms@263234035@26.32.34 (260400-968093310):122)
09-07 19:57:25.575  3867 15145 W PhBaseOp: 	at hnyy.run(:com.google.android.gms@263234035@26.32.34 (260400-968093310):23)
09-07 19:57:25.575  3867 15145 W PhBaseOp: 	at bnli.d(:com.google.android.gms@263234035@26.32.34 (260400-968093310):50)
09-07 19:57:25.575  3867 15145 W PhBaseOp: 	at bnli.c(:com.google.android.gms@263234035@26.32.34 (260400-968093310):6)
09-07 19:57:25.575  3867 15145 W PhBaseOp: 	at bnli.run(:com.google.android.gms@263234035@26.32.34 (260400-968093310):33)
09-07 19:57:25.575  3867 15145 W PhBaseOp: 	at java.util.concurrent.ThreadPoolExecutor.runWorker(ThreadPoolExecutor.java:1100)
09-07 19:57:25.575  3867 15145 W PhBaseOp: 	at java.util.concurrent.ThreadPoolExecutor$Worker.run(ThreadPoolExecutor.java:624)
09-07 19:57:25.575  3867 15145 W PhBaseOp: 	at bnri.run(:com.google.android.gms@263234035@26.32.34 (260400-968093310):8)
09-07 19:57:25.575  3867 15145 W PhBaseOp: 	at java.lang.Thread.run(Thread.java:1572)
09-07 19:57:25.576  3867 15145 W AsyncOperation: operation=CommitToConfigurationOperationCall, opStatusCode=29503 [CONTEXT service_id=51 ]
09-07 19:57:25.576  3867 15145 W AsyncOperation: OperationException[Status{statusCode=unknown status code: 29503, resolution=null}]
09-07 19:57:25.576  3867 15145 W AsyncOperation: 	at fmby.h(:com.google.android.gms@263234035@26.32.34 (260400-968093310):63)
09-07 19:57:25.576  3867 15145 W AsyncOperation: 	at fmby.f(:com.google.android.gms@263234035@26.32.34 (260400-968093310):16)
09-07 19:57:25.576  3867 15145 W AsyncOperation: 	at dgbf.fw(:com.google.android.gms@263234035@26.32.34 (260400-968093310):1)
09-07 19:57:25.576  3867 15145 W AsyncOperation: 	at dgbr.run(:com.google.android.gms@263234035@26.32.34 (260400-968093310):122)
09-07 19:57:25.576  3867 15145 W AsyncOperation: 	at hnyy.run(:com.google.android.gms@263234035@26.32.34 (260400-968093310):23)
09-07 19:57:25.576  3867 15145 W AsyncOperation: 	at bnli.d(:com.google.android.gms@263234035@26.32.34 (260400-968093310):50)
09-07 19:57:25.576  3867 15145 W AsyncOperation: 	at bnli.c(:com.google.android.gms@263234035@26.32.34 (260400-968093310):6)
09-07 19:57:25.576  3867 15145 W AsyncOperation: 	at bnli.run(:com.google.android.gms@263234035@26.32.34 (260400-968093310):33)
09-07 19:57:25.576  3867 15145 W AsyncOperation: 	at java.util.concurrent.ThreadPoolExecutor.runWorker(ThreadPoolExecutor.java:1100)
09-07 19:57:25.576  3867 15145 W AsyncOperation: 	at java.util.concurrent.ThreadPoolExecutor$Worker.run(ThreadPoolExecutor.java:624)
09-07 19:57:25.576  3867 15145 W AsyncOperation: 	at bnri.run(:com.google.android.gms@263234035@26.32.34 (260400-968093310):8)
09-07 19:57:25.576  3867 15145 W AsyncOperation: 	at java.lang.Thread.run(Thread.java:1572)
09-07 19:57:25.581  3867  9213 I FontLog : (REDACTED) Received query %s, URI %s
09-07 19:57:25.581  3867  9213 I FontLog : (REDACTED) Query [%s] resolved to %s
09-07 19:57:25.583  3867  9213 I FontLog : (REDACTED) Fetch %s end status %s
09-07 19:57:25.585  3867  3906 I FontLog : (REDACTED) Pulling font file for id = %d, cache size = %d
09-07 19:57:25.586 17226 17289 W fb4a.lacrima: FixedLengthFiles.init() called twice.
09-07 19:57:25.586 17226 17289 W fb4a.lacrima: FixedLengthFiles.init() called twice.
09-07 19:57:25.643  3867  9210 I FontLog : (REDACTED) Pulling font file for id = %d, cache size = %d
09-07 19:57:25.660 17105 17161 W ProviderInstaller: Failed to load providerinstaller module: No acceptable module com.google.android.gms.providerinstaller.dynamite found. Local version is 0 and remote version is 0.
09-07 19:57:25.698  3867 15145 W PhBaseOp: Phenotype API error. Event: # jdpr@574eb0f5, EventCode: COMMIT_CONFIG [CONTEXT service_id=51 ]
09-07 19:57:25.698  3867 15145 W PhBaseOp: fmaa: 29503
09-07 19:57:25.698  3867 15145 W PhBaseOp: 	at fmcd.d(:com.google.android.gms@263234035@26.32.34 (260400-968093310):162)
09-07 19:57:25.698  3867 15145 W PhBaseOp: 	at fmcd.b(:com.google.android.gms@263234035@26.32.34 (260400-968093310):44)
09-07 19:57:25.698  3867 15145 W PhBaseOp: 	at fmcc.i(:com.google.android.gms@263234035@26.32.34 (260400-968093310):3)
09-07 19:57:25.698  3867 15145 W PhBaseOp: 	at fmby.h(:com.google.android.gms@263234035@26.32.34 (260400-968093310):34)
09-07 19:57:25.698  3867 15145 W PhBaseOp: 	at fmby.f(:com.google.android.gms@263234035@26.32.34 (260400-968093310):16)
09-07 19:57:25.698  3867 15145 W PhBaseOp: 	at dgbf.fw(:com.google.android.gms@263234035@26.32.34 (260400-968093310):1)
09-07 19:57:25.698  3867 15145 W PhBaseOp: 	at dgbr.run(:com.google.android.gms@263234035@26.32.34 (260400-968093310):122)
09-07 19:57:25.698  3867 15145 W PhBaseOp: 	at hnyy.run(:com.google.android.gms@263234035@26.32.34 (260400-968093310):23)
09-07 19:57:25.698  3867 15145 W PhBaseOp: 	at bnli.d(:com.google.android.gms@263234035@26.32.34 (260400-968093310):50)
09-07 19:57:25.698  3867 15145 W PhBaseOp: 	at bnli.c(:com.google.android.gms@263234035@26.32.34 (260400-968093310):6)
09-07 19:57:25.698  3867 15145 W PhBaseOp: 	at bnli.run(:com.google.android.gms@263234035@26.32.34 (260400-968093310):33)
09-07 19:57:25.698  3867 15145 W PhBaseOp: 	at java.util.concurrent.ThreadPoolExecutor.runWorker(ThreadPoolExecutor.java:1100)
09-07 19:57:25.698  3867 15145 W PhBaseOp: 	at java.util.concurrent.ThreadPoolExecutor$Worker.run(ThreadPoolExecutor.java:624)
09-07 19:57:25.698  3867 15145 W PhBaseOp: 	at bnri.run(:com.google.android.gms@263234035@26.32.34 (260400-968093310):8)
09-07 19:57:25.698  3867 15145 W PhBaseOp: 	at java.lang.Thread.run(Thread.java:1572)
09-07 19:57:25.698  3867 15145 W AsyncOperation: operation=CommitToConfigurationOperationCall, opStatusCode=29503 [CONTEXT service_id=51 ]
09-07 19:57:25.698  3867 15145 W AsyncOperation: OperationException[Status{statusCode=unknown status code: 29503, resolution=null}]
09-07 19:57:25.698  3867 15145 W AsyncOperation: 	at fmby.h(:com.google.android.gms@263234035@26.32.34 (260400-968093310):63)
09-07 19:57:25.698  3867 15145 W AsyncOperation: 	at fmby.f(:com.google.android.gms@263234035@26.32.34 (260400-968093310):16)
09-07 19:57:25.698  3867 15145 W AsyncOperation: 	at dgbf.fw(:com.google.android.gms@263234035@26.32.34 (260400-968093310):1)
09-07 19:57:25.698  3867 15145 W AsyncOperation: 	at dgbr.run(:com.google.android.gms@263234035@26.32.34 (260400-968093310):122)
09-07 19:57:25.698  3867 15145 W AsyncOperation: 	at hnyy.run(:com.google.android.gms@263234035@26.32.34 (260400-968093310):23)
09-07 19:57:25.698  3867 15145 W AsyncOperation: 	at bnli.d(:com.google.android.gms@263234035@26.32.34 (260400-968093310):50)
09-07 19:57:25.698  3867 15145 W AsyncOperation: 	at bnli.c(:com.google.android.gms@263234035@26.32.34 (260400-968093310):6)
09-07 19:57:25.698  3867 15145 W AsyncOperation: 	at bnli.run(:com.google.android.gms@263234035@26.32.34 (260400-968093310):33)
09-07 19:57:25.698  3867 15145 W AsyncOperation: 	at java.util.concurrent.ThreadPoolExecutor.runWorker(ThreadPoolExecutor.java:1100)
09-07 19:57:25.698  3867 15145 W AsyncOperation: 	at java.util.concurrent.ThreadPoolExecutor$Worker.run(ThreadPoolExecutor.java:624)
09-07 19:57:25.698  3867 15145 W AsyncOperation: 	at bnri.run(:com.google.android.gms@263234035@26.32.34 (260400-968093310):8)
09-07 19:57:25.698  3867 15145 W AsyncOperation: 	at java.lang.Thread.run(Thread.java:1572)
09-07 19:57:25.701  3867 15145 W PhBaseOp: Phenotype API error. Event: # jdpr@d6be088a, EventCode: COMMIT_CONFIG [CONTEXT service_id=51 ]
09-07 19:57:25.701  3867 15145 W PhBaseOp: fmaa: 29503
09-07 19:57:25.701  3867 15145 W PhBaseOp: 	at fmcd.d(:com.google.android.gms@263234035@26.32.34 (260400-968093310):162)
09-07 19:57:25.701  3867 15145 W PhBaseOp: 	at fmcd.b(:com.google.android.gms@263234035@26.32.34 (260400-968093310):44)
09-07 19:57:25.701  3867 15145 W PhBaseOp: 	at fmcc.i(:com.google.android.gms@263234035@26.32.34 (260400-968093310):3)
09-07 19:57:25.701  3867 15145 W PhBaseOp: 	at fmby.h(:com.google.android.gms@263234035@26.32.34 (260400-968093310):34)
09-07 19:57:25.701  3867 15145 W PhBaseOp: 	at fmby.f(:com.google.android.gms@263234035@26.32.34 (260400-968093310):16)
09-07 19:57:25.701  3867 15145 W PhBaseOp: 	at dgbf.fw(:com.google.android.gms@263234035@26.32.34 (260400-968093310):1)
09-07 19:57:25.701  3867 15145 W PhBaseOp: 	at dgbr.run(:com.google.android.gms@263234035@26.32.34 (260400-968093310):122)
09-07 19:57:25.701  3867 15145 W PhBaseOp: 	at hnyy.run(:com.google.android.gms@263234035@26.32.34 (260400-968093310):23)
09-07 19:57:25.701  3867 15145 W PhBaseOp: 	at bnli.d(:com.google.android.gms@263234035@26.32.34 (260400-968093310):50)
09-07 19:57:25.701  3867 15145 W PhBaseOp: 	at bnli.c(:com.google.android.gms@263234035@26.32.34 (260400-968093310):6)
09-07 19:57:25.701  3867 15145 W PhBaseOp: 	at bnli.run(:com.google.android.gms@263234035@26.32.34 (260400-968093310):33)
09-07 19:57:25.701  3867 15145 W PhBaseOp: 	at java.util.concurrent.ThreadPoolExecutor.runWorker(ThreadPoolExecutor.java:1100)
09-07 19:57:25.701  3867 15145 W PhBaseOp: 	at java.util.concurrent.ThreadPoolExecutor$Worker.run(ThreadPoolExecutor.java:624)
09-07 19:57:25.701  3867 15145 W PhBaseOp: 	at bnri.run(:com.google.android.gms@263234035@26.32.34 (260400-968093310):8)
09-07 19:57:25.701  3867 15145 W PhBaseOp: 	at java.lang.Thread.run(Thread.java:1572)
09-07 19:57:25.701  3867 15145 W AsyncOperation: operation=CommitToConfigurationOperationCall, opStatusCode=29503 [CONTEXT service_id=51 ]
09-07 19:57:25.701  3867 15145 W AsyncOperation: OperationException[Status{statusCode=unknown status code: 29503, resolution=null}]
09-07 19:57:25.701  3867 15145 W AsyncOperation: 	at fmby.h(:com.google.android.gms@263234035@26.32.34 (260400-968093310):63)
09-07 19:57:25.701  3867 15145 W AsyncOperation: 	at fmby.f(:com.google.android.gms@263234035@26.32.34 (260400-968093310):16)
09-07 19:57:25.701  3867 15145 W AsyncOperation: 	at dgbf.fw(:com.google.android.gms@263234035@26.32.34 (260400-968093310):1)
09-07 19:57:25.701  3867 15145 W AsyncOperation: 	at dgbr.run(:com.google.android.gms@263234035@26.32.34 (260400-968093310):122)
09-07 19:57:25.701  3867 15145 W AsyncOperation: 	at hnyy.run(:com.google.android.gms@263234035@26.32.34 (260400-968093310):23)
09-07 19:57:25.701  3867 15145 W AsyncOperation: 	at bnli.d(:com.google.android.gms@263234035@26.32.34 (260400-968093310):50)
09-07 19:57:25.701  3867 15145 W AsyncOperation: 	at bnli.c(:com.google.android.gms@263234035@26.32.34 (260400-968093310):6)
09-07 19:57:25.701  3867 15145 W AsyncOperation: 	at bnli.run(:com.google.android.gms@263234035@26.32.34 (260400-968093310):33)
09-07 19:57:25.701  3867 15145 W AsyncOperation: 	at java.util.concurrent.ThreadPoolExecutor.runWorker(ThreadPoolExecutor.java:1100)
09-07 19:57:25.701  3867 15145 W AsyncOperation: 	at java.util.concurrent.ThreadPoolExecutor$Worker.run(ThreadPoolExecutor.java:624)
09-07 19:57:25.701  3867 15145 W AsyncOperation: 	at bnri.run(:com.google.android.gms@263234035@26.32.34 (260400-968093310):8)
09-07 19:57:25.701  3867 15145 W AsyncOperation: 	at java.lang.Thread.run(Thread.java:1572)
09-07 19:57:25.710  3867 16905 W PhBaseOp: Phenotype API error. Event: # jdpr@51df176f, EventCode: COMMIT_CONFIG [CONTEXT service_id=51 ]
09-07 19:57:25.710  3867 16905 W PhBaseOp: fmaa: 29503
09-07 19:57:25.710  3867 16905 W PhBaseOp: 	at fmcd.d(:com.google.android.gms@263234035@26.32.34 (260400-968093310):162)
09-07 19:57:25.710  3867 16905 W PhBaseOp: 	at fmcd.b(:com.google.android.gms@263234035@26.32.34 (260400-968093310):44)
09-07 19:57:25.710  3867 16905 W PhBaseOp: 	at fmcc.i(:com.google.android.gms@263234035@26.32.34 (260400-968093310):3)
09-07 19:57:25.710  3867 16905 W PhBaseOp: 	at fmby.h(:com.google.android.gms@263234035@26.32.34 (260400-968093310):34)
09-07 19:57:25.710  3867 16905 W PhBaseOp: 	at fmby.f(:com.google.android.gms@263234035@26.32.34 (260400-968093310):16)
09-07 19:57:25.710  3867 16905 W PhBaseOp: 	at dgbf.fw(:com.google.android.gms@263234035@26.32.34 (260400-968093310):1)
09-07 19:57:25.710  3867 16905 W PhBaseOp: 	at dgbr.run(:com.google.android.gms@263234035@26.32.34 (260400-968093310):122)
09-07 19:57:25.710  3867 16905 W PhBaseOp: 	at hnyy.run(:com.google.android.gms@263234035@26.32.34 (260400-968093310):23)
09-07 19:57:25.710  3867 16905 W PhBaseOp: 	at bnli.d(:com.google.android.gms@263234035@26.32.34 (260400-968093310):50)
09-07 19:57:25.710  3867 16905 W PhBaseOp: 	at bnli.c(:com.google.android.gms@263234035@26.32.34 (260400-968093310):6)
09-07 19:57:25.710  3867 16905 W PhBaseOp: 	at bnli.run(:com.google.android.gms@263234035@26.32.34 (260400-968093310):33)
09-07 19:57:25.710  3867 16905 W PhBaseOp: 	at java.util.concurrent.ThreadPoolExecutor.runWorker(ThreadPoolExecutor.java:1100)
09-07 19:57:25.710  3867 16905 W PhBaseOp: 	at java.util.concurrent.ThreadPoolExecutor$Worker.run(ThreadPoolExecutor.java:624)
09-07 19:57:25.710  3867 16905 W PhBaseOp: 	at bnri.run(:com.google.android.gms@263234035@26.32.34 (260400-968093310):8)
09-07 19:57:25.710  3867 16905 W PhBaseOp: 	at java.lang.Thread.run(Thread.java:1572)
09-07 19:57:25.711  3867 16905 W AsyncOperation: operation=CommitToConfigurationOperationCall, opStatusCode=29503 [CONTEXT service_id=51 ]
09-07 19:57:25.711  3867 16905 W AsyncOperation: OperationException[Status{statusCode=unknown status code: 29503, resolution=null}]
09-07 19:57:25.711  3867 16905 W AsyncOperation: 	at fmby.h(:com.google.android.gms@263234035@26.32.34 (260400-968093310):63)
09-07 19:57:25.711  3867 16905 W AsyncOperation: 	at fmby.f(:com.google.android.gms@263234035@26.32.34 (260400-968093310):16)
09-07 19:57:25.711  3867 16905 W AsyncOperation: 	at dgbf.fw(:com.google.android.gms@263234035@26.32.34 (260400-968093310):1)
09-07 19:57:25.711  3867 16905 W AsyncOperation: 	at dgbr.run(:com.google.android.gms@263234035@26.32.34 (260400-968093310):122)
09-07 19:57:25.711  3867 16905 W AsyncOperation: 	at hnyy.run(:com.google.android.gms@263234035@26.32.34 (260400-968093310):23)
09-07 19:57:25.711  3867 16905 W AsyncOperation: 	at bnli.d(:com.google.android.gms@263234035@26.32.34 (260400-968093310):50)
09-07 19:57:25.711  3867 16905 W AsyncOperation: 	at bnli.c(:com.google.android.gms@263234035@26.32.34 (260400-968093310):6)
09-07 19:57:25.711  3867 16905 W AsyncOperation: 	at bnli.run(:com.google.android.gms@263234035@26.32.34 (260400-968093310):33)
09-07 19:57:25.711  3867 16905 W AsyncOperation: 	at java.util.concurrent.ThreadPoolExecutor.runWorker(ThreadPoolExecutor.java:1100)
09-07 19:57:25.711  3867 16905 W AsyncOperation: 	at java.util.concurrent.ThreadPoolExecutor$Worker.run(ThreadPoolExecutor.java:624)
09-07 19:57:25.711  3867 16905 W AsyncOperation: 	at bnri.run(:com.google.android.gms@263234035@26.32.34 (260400-968093310):8)
09-07 19:57:25.711  3867 16905 W AsyncOperation: 	at java.lang.Thread.run(Thread.java:1572)
09-07 19:57:25.713  3867 15145 W PhBaseOp: Phenotype API error. Event: # jdpr@5485d4a9, EventCode: COMMIT_CONFIG [CONTEXT service_id=51 ]
09-07 19:57:25.713  3867 15145 W PhBaseOp: fmaa: 29503
09-07 19:57:25.713  3867 15145 W PhBaseOp: 	at fmcd.d(:com.google.android.gms@263234035@26.32.34 (260400-968093310):162)
09-07 19:57:25.713  3867 15145 W PhBaseOp: 	at fmcd.b(:com.google.android.gms@263234035@26.32.34 (260400-968093310):44)
09-07 19:57:25.713  3867 15145 W PhBaseOp: 	at fmcc.i(:com.google.android.gms@263234035@26.32.34 (260400-968093310):3)
09-07 19:57:25.713  3867 15145 W PhBaseOp: 	at fmby.h(:com.google.android.gms@263234035@26.32.34 (260400-968093310):34)
09-07 19:57:25.713  3867 15145 W PhBaseOp: 	at fmby.f(:com.google.android.gms@263234035@26.32.34 (260400-968093310):16)
09-07 19:57:25.713  3867 15145 W PhBaseOp: 	at dgbf.fw(:com.google.android.gms@263234035@26.32.34 (260400-968093310):1)
09-07 19:57:25.713  3867 15145 W PhBaseOp: 	at dgbr.run(:com.google.android.gms@263234035@26.32.34 (260400-968093310):122)
09-07 19:57:25.713  3867 15145 W PhBaseOp: 	at hnyy.run(:com.google.android.gms@263234035@26.32.34 (260400-968093310):23)
09-07 19:57:25.713  3867 15145 W PhBaseOp: 	at bnli.d(:com.google.android.gms@263234035@26.32.34 (260400-968093310):50)
09-07 19:57:25.713  3867 15145 W PhBaseOp: 	at bnli.c(:com.google.android.gms@263234035@26.32.34 (260400-968093310):6)
09-07 19:57:25.713  3867 15145 W PhBaseOp: 	at bnli.run(:com.google.android.gms@263234035@26.32.34 (260400-968093310):33)
09-07 19:57:25.713  3867 15145 W PhBaseOp: 	at java.util.concurrent.ThreadPoolExecutor.runWorker(ThreadPoolExecutor.java:1100)
09-07 19:57:25.713  3867 15145 W PhBaseOp: 	at java.util.concurrent.ThreadPoolExecutor$Worker.run(ThreadPoolExecutor.java:624)
09-07 19:57:25.713  3867 15145 W PhBaseOp: 	at bnri.run(:com.google.android.gms@263234035@26.32.34 (260400-968093310):8)
09-07 19:57:25.713  3867 15145 W PhBaseOp: 	at java.lang.Thread.run(Thread.java:1572)
09-07 19:57:25.714  3867 15145 W AsyncOperation: operation=CommitToConfigurationOperationCall, opStatusCode=29503 [CONTEXT service_id=51 ]
09-07 19:57:25.714  3867 15145 W AsyncOperation: OperationException[Status{statusCode=unknown status code: 29503, resolution=null}]
09-07 19:57:25.714  3867 15145 W AsyncOperation: 	at fmby.h(:com.google.android.gms@263234035@26.32.34 (260400-968093310):63)
09-07 19:57:25.714  3867 15145 W AsyncOperation: 	at fmby.f(:com.google.android.gms@263234035@26.32.34 (260400-968093310):16)
09-07 19:57:25.714  3867 15145 W AsyncOperation: 	at dgbf.fw(:com.google.android.gms@263234035@26.32.34 (260400-968093310):1)
09-07 19:57:25.714  3867 15145 W AsyncOperation: 	at dgbr.run(:com.google.android.gms@263234035@26.32.34 (260400-968093310):122)
09-07 19:57:25.714  3867 15145 W AsyncOperation: 	at hnyy.run(:com.google.android.gms@263234035@26.32.34 (260400-968093310):23)
09-07 19:57:25.714  3867 15145 W AsyncOperation: 	at bnli.d(:com.google.android.gms@263234035@26.32.34 (260400-968093310):50)
09-07 19:57:25.714  3867 15145 W AsyncOperation: 	at bnli.c(:com.google.android.gms@263234035@26.32.34 (260400-968093310):6)
09-07 19:57:25.714  3867 15145 W AsyncOperation: 	at bnli.run(:com.google.android.gms@263234035@26.32.34 (260400-968093310):33)
09-07 19:57:25.714  3867 15145 W AsyncOperation: 	at java.util.concurrent.ThreadPoolExecutor.runWorker(ThreadPoolExecutor.java:1100)
09-07 19:57:25.714  3867 15145 W AsyncOperation: 	at java.util.concurrent.ThreadPoolExecutor$Worker.run(ThreadPoolExecutor.java:624)
09-07 19:57:25.714  3867 15145 W AsyncOperation: 	at bnri.run(:com.google.android.gms@263234035@26.32.34 (260400-968093310):8)
09-07 19:57:25.714  3867 15145 W AsyncOperation: 	at java.lang.Thread.run(Thread.java:1572)
09-07 19:57:25.736 17226 17261 W fb4a.AppInitScheduler|Run:   Waiting on PreloadFeedDataLoader for 3227ms...
09-07 19:57:25.737 17226 17261 W fb4a.AppInitScheduler|Run:   Waiting on PreloadFeedFullCacheLoad for 3219ms...
09-07 19:57:25.771 16970 17060 I c.aqmj  : The schema version is 10, the database version is 10, and there are 0 migrations
09-07 19:57:25.827 17443 17971 I cn_CronetUrlRequestContext: destroyNativeStreamLocked android.net.http.internal.org.chromium.net.impl.CronetBidirectionalStream@fdc20dd
09-07 19:57:25.841 17226 17947 W fb4a.ProcessAnrErrorMonitor: Starting process monitor checks for process 'com.facebook.katana'
09-07 19:57:25.841 17226 17947 W fb4a.MultiSignalANRDetectorLacrima: Started monitoring
09-07 19:57:25.846 17443 17557 W HomeApp|aotw: skip logging NetworkEvent due to empty bandwidth/latency data
09-07 19:57:25.959 16438 16533 I SQLiteConnection: Long db operation: /data/user/0/com.google.android.apps.maps/databases/XX@YY
09-07 19:57:26.022 17891 17940 I .android.gms.ui: AssetManager2(0xb400007395e25b58) locale list changing from [] to [en-IN]
09-07 19:57:26.041 17891 17940 I WebViewFactory: Loading com.google.android.webview version 151.0.7922.200 (code 792220003)
09-07 19:57:26.050 17105 17145 I SQLiteConnection: Long db operation: /data/user/0/com.google.android.gm/no_backup/androidx.work.workdb
09-07 19:57:26.063 17891 17940 I .android.gms.ui: AssetManager2(0xb400007395e27db8) locale list changing from [] to [en-IN]
09-07 19:57:26.101 17891 17940 I .android.gms.ui: AssetManager2(0xb400007395e21058) locale list changing from [] to [en-IN]
09-07 19:57:26.109 16016 16112 W android.vending: Cleared Reference was only reachable from finalizer (only reported once)
09-07 19:57:26.112  8145  8155 I ewrk    : (REDACTED) HDM. appOpsListener %s %s
09-07 19:57:26.112  8145  8155 I ewrk    : (REDACTED) HDM. Ignoring irrelevant audio permission changes for package %s
09-07 19:57:26.121 17698 17729 W DynamiteModule: Local module descriptor class for com.google.android.gms.providerinstaller.dynamite not found.
09-07 19:57:26.125  3867  8508 W ProviderHelper: Unknown dynamite feature providerinstaller.dynamite
09-07 19:57:26.135 17698 17729 W ProviderInstaller: Failed to load providerinstaller module: No acceptable module com.google.android.gms.providerinstaller.dynamite found. Local version is 0 and remote version is 0.
09-07 19:57:26.140 16016 16112 I android.vending: Explicit concurrent copying GC freed 19MB AllocSpace bytes, 19(588KB) LOS objects, 37% free, 39MB/63MB, paused 1.162ms,278us total 966.745ms
09-07 19:57:26.141 16016 16216 I android.vending: WaitForGcToComplete blocked Explicit on Explicit for 2.819s
09-07 19:57:26.141 16016 16112 I android.vending: Waiting for a blocking GC Explicit
09-07 19:57:26.260 17226 17263 W fb4a.AppInitScheduler|Run:   Finished PreloadFeedDataLoader in 3750ms
09-07 19:57:26.264 17226 17265 W fb4a.AppInitScheduler|Run:   Finished PreloadFeedFullCacheLoad in 3746ms
09-07 19:57:26.264 17226 17265 W fb4a.AppInitScheduler|Schedule:   Executing 137:EagerInitFeedDataLoader
09-07 19:57:26.264 17226 17265 W fb4a.AppInitScheduler|Run: Running EagerInitFeedDataLoader, order=129, priorityHint=LOW 
09-07 19:57:26.264 17226 17265 W fb4a.AppInitScheduler|Run:   Finished EagerInitFeedDataLoader in 1ms
09-07 19:57:26.264 17226 17265 W fb4a.AppInitScheduler|Schedule:   Executing 384:PreloadStoriesTray
09-07 19:57:26.264 17226 17265 W fb4a.AppInitScheduler|Run: Running PreloadStoriesTray, order=156, priorityHint=LOW 
09-07 19:57:26.265 17226 17265 W fb4a.AppInitScheduler|Run:   Finished PreloadStoriesTray in 0ms
09-07 19:57:26.265 17226 17265 W fb4a.AppInitScheduler|Schedule: Pending tasks reached zero, maybe shutting down…
09-07 19:57:26.265 17226 17265 W fb4a.AppInitScheduler|Run: All work finished.
09-07 19:57:26.272 16970 17920 I c.aqok  : Slow query took 311 ms: SELECT "Operations"."OperationId", "Operations"."ShardId", "Operations"."Operation" FROM "Operations" WHERE ("Operations"."ShardId") = (?)
09-07 19:57:26.374 17226 17504 W fb4a.QuickPerformanceLoggerModule: Provided QPL: 126228498
09-07 19:57:26.418  3867  8508 I FontLog : (REDACTED) Pulling font file for id = %d, cache size = %d
09-07 19:57:26.479 17274 17355 W ComponentDiscovery: Class com.google.firebase.installations.FirebaseInstallationsKtxRegistrar is not an found.
09-07 19:57:26.570 17698 17729 W cs.editors.docs: Suspending all threads took: 314.127ms
09-07 19:57:26.579 17768 17833 W DynamiteModule: Local module descriptor class for com.google.android.gms.providerinstaller.dynamite not found.
09-07 19:57:26.586  3867  8508 W ProviderHelper: Unknown dynamite feature providerinstaller.dynamite
09-07 19:57:26.598 17698 17729 I cs.editors.docs: AssetManager2(0xb400007395e24898) locale list changing from [] to [en-IN]
09-07 19:57:26.684 17443 17971 I cn_CronetUrlRequestContext: destroyNativeStreamLocked android.net.http.internal.org.chromium.net.impl.CronetBidirectionalStream@ae78e95
09-07 19:57:26.745 17226 17261 W fb4a.AppInitScheduler|Run: DeadlockMonitor exiting.
09-07 19:57:26.823 17768 17833 W ProviderInstaller: Failed to load providerinstaller module: No acceptable module com.google.android.gms.providerinstaller.dynamite found. Local version is 0 and remote version is 0.
09-07 19:57:26.889 16016 16016 I Finsky  : [2] id: af
09-07 19:57:26.933  3867  8508 I FontLog : (REDACTED) Pulling font file for id = %d, cache size = %d
09-07 19:57:27.019 17698 18070 E GoogleApiManager: Failed to get service from broker. 
09-07 19:57:27.019 17698 18070 E GoogleApiManager: java.lang.SecurityException: Unknown calling package name 'com.google.android.gms'.
09-07 19:57:27.019 17698 18070 E GoogleApiManager: 	at android.os.Parcel.createExceptionOrNull(Parcel.java:3353)
09-07 19:57:27.019 17698 18070 E GoogleApiManager: 	at android.os.Parcel.createException(Parcel.java:3337)
09-07 19:57:27.019 17698 18070 E GoogleApiManager: 	at android.os.Parcel.readException(Parcel.java:3320)
09-07 19:57:27.019 17698 18070 E GoogleApiManager: 	at android.os.Parcel.readException(Parcel.java:3262)
09-07 19:57:27.019 17698 18070 E GoogleApiManager: 	at bmrj.a(:com.google.android.gms@263234035@26.32.34 (260400-968093310):36)
09-07 19:57:27.019 17698 18070 E GoogleApiManager: 	at bmpc.y(:com.google.android.gms@263234035@26.32.34 (260400-968093310):143)
09-07 19:57:27.019 17698 18070 E GoogleApiManager: 	at bluz.run(:com.google.android.gms@263234035@26.32.34 (260400-968093310):42)
09-07 19:57:27.019 17698 18070 E GoogleApiManager: 	at android.os.Handler.handleCallback(Handler.java:1051)
09-07 19:57:27.019 17698 18070 E GoogleApiManager: 	at android.os.Handler.dispatchMessage(Handler.java:107)
09-07 19:57:27.019 17698 18070 E GoogleApiManager: 	at dhsb.lJ(:com.google.android.gms@263234035@26.32.34 (260400-968093310):1)
09-07 19:57:27.019 17698 18070 E GoogleApiManager: 	at dhsb.dispatchMessage(:com.google.android.gms@263234035@26.32.34 (260400-968093310):5)
09-07 19:57:27.019 17698 18070 E GoogleApiManager: 	at android.os.Looper.loopOnce(Looper.java:266)
09-07 19:57:27.019 17698 18070 E GoogleApiManager: 	at android.os.Looper.loop(Looper.java:361)
09-07 19:57:27.019 17698 18070 E GoogleApiManager: 	at android.os.HandlerThread.run(HandlerThread.java:103)
09-07 19:57:27.022 17698 18070 W GoogleApiManager: Not showing notification since connectionResult is not user-facing: ConnectionResult{statusCode=DEVELOPER_ERROR, resolution=null, message=null, clientMethodKey=null}
09-07 19:57:27.040 17698 18069 W FlagRegistrar: Failed to register com.google.android.gms.providerinstaller#com.google.android.apps.docs.editors.docs
09-07 19:57:27.040 17698 18069 W FlagRegistrar: gvvj: 17: 17: API: Phenotype.API is not available on this device. Connection failed with: ConnectionResult{statusCode=DEVELOPER_ERROR, resolution=null, message=null, clientMethodKey=null}
09-07 19:57:27.040 17698 18069 W FlagRegistrar: 	at gvvl.a(:com.google.android.gms@263234035@26.32.34 (260400-968093310):13)
09-07 19:57:27.040 17698 18069 W FlagRegistrar: 	at hwtd.d(:com.google.android.gms@263234035@26.32.34 (260400-968093310):3)
09-07 19:57:27.040 17698 18069 W FlagRegistrar: 	at hwtf.run(:com.google.android.gms@263234035@26.32.34 (260400-968093310):139)
09-07 19:57:27.040 17698 18069 W FlagRegistrar: 	at hwvq.execute(:com.google.android.gms@263234035@26.32.34 (260400-968093310):1)
09-07 19:57:27.040 17698 18069 W FlagRegistrar: 	at hwtn.f(:com.google.android.gms@263234035@26.32.34 (260400-968093310):1)
09-07 19:57:27.040 17698 18069 W FlagRegistrar: 	at hwtn.m(:com.google.android.gms@263234035@26.32.34 (260400-968093310):101)
09-07 19:57:27.040 17698 18069 W FlagRegistrar: 	at hwtn.q(:com.google.android.gms@263234035@26.32.34 (260400-968093310):16)
09-07 19:57:27.040 17698 18069 W FlagRegistrar: 	at gpej.jd(:com.google.android.gms@263234035@26.32.34 (260400-968093310):35)
09-07 19:57:27.040 17698 18069 W FlagRegistrar: 	at gbdp.run(:com.google.android.gms@263234035@26.32.34 (260400-968093310):12)
09-07 19:57:27.040 17698 18069 W FlagRegistrar: 	at hwvq.execute(:com.google.android.gms@263234035@26.32.34 (260400-968093310):1)
09-07 19:57:27.040 17698 18069 W FlagRegistrar: 	at gbdq.b(:com.google.android.gms@263234035@26.32.34 (260400-968093310):18)
09-07 19:57:27.040 17698 18069 W FlagRegistrar: 	at gbef.b(:com.google.android.gms@263234035@26.32.34 (260400-968093310):34)
09-07 19:57:27.040 17698 18069 W FlagRegistrar: 	at gbeh.c(:com.google.android.gms@263234035@26.32.34 (260400-968093310):23)
09-07 19:57:27.040 17698 18069 W FlagRegistrar: 	at blsh.e(:com.google.android.gms@263234035@26.32.34 (260400-968093310):9)
09-07 19:57:27.040 17698 18069 W FlagRegistrar: 	at blux.r(:com.google.android.gms@263234035@26.32.34 (260400-968093310):48)
09-07 19:57:27.040 17698 18069 W FlagRegistrar: 	at blux.d(:com.google.android.gms@263234035@26.32.34 (260400-968093310):10)
09-07 19:57:27.040 17698 18069 W FlagRegistrar: 	at blux.g(:com.google.android.gms@263234035@26.32.34 (260400-968093310):191)
09-07 19:57:27.040 17698 18069 W FlagRegistrar: 	at bluz.run(:com.google.android.gms@263234035@26.32.34 (260400-968093310):74)
09-07 19:57:27.040 17698 18069 W FlagRegistrar: 	at android.os.Handler.handleCallback(Handler.java:1051)
09-07 19:57:27.040 17698 18069 W FlagRegistrar: 	at android.os.Handler.dispatchMessage(Handler.java:107)
09-07 19:57:27.040 17698 18069 W FlagRegistrar: 	at dhsb.lJ(:com.google.android.gms@263234035@26.32.34 (260400-968093310):1)
09-07 19:57:27.040 17698 18069 W FlagRegistrar: 	at dhsb.dispatchMessage(:com.google.android.gms@263234035@26.32.34 (260400-968093310):5)
09-07 19:57:27.040 17698 18069 W FlagRegistrar: 	at android.os.Looper.loopOnce(Looper.java:266)
09-07 19:57:27.040 17698 18069 W FlagRegistrar: 	at android.os.Looper.loop(Looper.java:361)
09-07 19:57:27.040 17698 18069 W FlagRegistrar: 	at android.os.HandlerThread.run(HandlerThread.java:103)
09-07 19:57:27.040 17698 18069 W FlagRegistrar: Caused by: blqm: 17: API: Phenotype.API is not available on this device. Connection failed with: ConnectionResult{statusCode=DEVELOPER_ERROR, resolution=null, message=null, clientMethodKey=null}
09-07 19:57:27.040 17698 18069 W FlagRegistrar: 	at bmoo.a(:com.google.android.gms@263234035@26.32.34 (260400-968093310):15)
09-07 19:57:27.040 17698 18069 W FlagRegistrar: 	at blsk.a(:com.google.android.gms@263234035@26.32.34 (260400-968093310):1)
09-07 19:57:27.040 17698 18069 W FlagRegistrar: 	at blsh.e(:com.google.android.gms@263234035@26.32.34 (260400-968093310):5)
09-07 19:57:27.040 17698 18069 W FlagRegistrar: 	... 11 more
09-07 19:57:27.052 16016 16216 I android.vending: Explicit concurrent copying GC freed 1276KB AllocSpace bytes, 0(0B) LOS objects, 38% free, 38MB/62MB, paused 381us,258us total 911.504ms
09-07 19:57:27.052 16016 16112 I android.vending: WaitForGcToComplete blocked Explicit on Explicit for 911.874ms
09-07 19:57:27.379 18080 18080 I .editors.slides: Using generational CollectorTypeCC GC.
09-07 19:57:27.484  8005  8005 I SubtypeOperator: SubtypeOperator$1.onUnbindInput():43 
09-07 19:57:27.485  8005  8005 I SubtypeOperator: SubtypeOperator$1.onBindInput():33 
09-07 19:57:27.486  8005  8005 I GoogleInputMethodService: GoogleInputMethodService.onFinishInput():2361 
09-07 19:57:27.491  8005 14942 I Module  : DeviceLockedStatusModuleProvider$Module.updateDeviceLockedStatusInternal():119 repeatCheckTimes = 0, locked = false
09-07 19:57:27.492  8005  8005 I GoogleInputMethodService: GoogleInputMethodService.onStartInput():1532 onStartInput(EditorInfo{EditorInfo{packageName=com.android.systemui, inputType=0, inputTypeString=NULL, enableLearning=false, autoCorrection=false, autoComplete=false, imeOptions=0, privateImeOptions=null, actionName=UNSPECIFIED, actionLabel=null, initialSelStart=-1, initialSelEnd=-1, initialCapsMode=0, label=null, fieldId=0, fieldName=null, extras=null, hintText=null, hintLocales=[]}}, false)
09-07 19:57:27.493  8005  8005 I LatinIMEBase: LatinIMEBase.updateInputViewCoverNavigation():316 Update input view padding, isNavbarOverInputWindow=true, bottom inset=132
09-07 19:57:27.495  8005 14954 I Module  : DeviceLockedStatusModuleProvider$Module.updateDeviceLockedStatusInternal():119 repeatCheckTimes = 1, locked = false
09-07 19:57:27.597 12910 12924 I PermissionControllerServiceImpl: Updating user sensitive for uid 10344
09-07 19:57:27.643 12910 16403 I PermissionControllerServiceImpl: Updating user sensitive for uid 10344
09-07 19:57:27.652 12910 16403 I PermissionControllerServiceImpl: Updating user sensitive for uid 10344
09-07 19:57:27.659 18080 18080 E .editors.slides: BBinder_init Processname  com.google.android.apps.docs.editors.slides  
09-07 19:57:27.659 18080 18080 E .editors.slides: BBinder_init hasGetProcessName  com.google.android.apps.docs.editors.slides
09-07 19:57:27.964 16016 16216 I android.vending: Waiting for a blocking GC Explicit
09-07 19:57:27.999 16016 16102 W HWUI    : Image decoding logging dropped!
09-07 19:57:28.055 18080 18080 I .editors.slides: AssetManager2(0xb400007395e1f118) locale list changing from [] to [en-IN]
09-07 19:57:28.075  3867 16905 I NearbyMediums: No BLE Fast/GATT advertisements found in the latest cycle.
09-07 19:57:28.075  3867 16905 I NearbyMediums: Current Tracked Scanning Clients are : {NearbyConnections.EnvironmentMonitor, NearbySharing, NearbyConnections.TxAdvertisement}
09-07 19:57:28.204 17698 18070 E GoogleApiManager: Failed to get service from broker. 
09-07 19:57:28.204 17698 18070 E GoogleApiManager: java.lang.SecurityException: Unknown calling package name 'com.google.android.gms'.
09-07 19:57:28.204 17698 18070 E GoogleApiManager: 	at android.os.Parcel.createExceptionOrNull(Parcel.java:3353)
09-07 19:57:28.204 17698 18070 E GoogleApiManager: 	at android.os.Parcel.createException(Parcel.java:3337)
09-07 19:57:28.204 17698 18070 E GoogleApiManager: 	at android.os.Parcel.readException(Parcel.java:3320)
09-07 19:57:28.204 17698 18070 E GoogleApiManager: 	at android.os.Parcel.readException(Parcel.java:3262)
09-07 19:57:28.204 17698 18070 E GoogleApiManager: 	at bmrj.a(:com.google.android.gms@263234035@26.32.34 (260400-968093310):36)
09-07 19:57:28.204 17698 18070 E GoogleApiManager: 	at bmpc.y(:com.google.android.gms@263234035@26.32.34 (260400-968093310):143)
09-07 19:57:28.204 17698 18070 E GoogleApiManager: 	at bluz.run(:com.google.android.gms@263234035@26.32.34 (260400-968093310):42)
09-07 19:57:28.204 17698 18070 E GoogleApiManager: 	at android.os.Handler.handleCallback(Handler.java:1051)
09-07 19:57:28.204 17698 18070 E GoogleApiManager: 	at android.os.Handler.dispatchMessage(Handler.java:107)
09-07 19:57:28.204 17698 18070 E GoogleApiManager: 	at dhsb.lJ(:com.google.android.gms@263234035@26.32.34 (260400-968093310):1)
09-07 19:57:28.204 17698 18070 E GoogleApiManager: 	at dhsb.dispatchMessage(:com.google.android.gms@263234035@26.32.34 (260400-968093310):5)
09-07 19:57:28.204 17698 18070 E GoogleApiManager: 	at android.os.Looper.loopOnce(Looper.java:266)
09-07 19:57:28.204 17698 18070 E GoogleApiManager: 	at android.os.Looper.loop(Looper.java:361)
09-07 19:57:28.204 17698 18070 E GoogleApiManager: 	at android.os.HandlerThread.run(HandlerThread.java:103)
09-07 19:57:28.205 17698 18070 W GoogleApiManager: Not showing notification since connectionResult is not user-facing: ConnectionResult{statusCode=DEVELOPER_ERROR, resolution=null, message=null, clientMethodKey=null}
09-07 19:57:28.216 17226 17226 W fb4a.PeriodicThreadBoost: Periodic thread booster disabled by MC
09-07 19:57:28.282 17698 18110 W FlagStore: Unable to update local snapshot for com.google.android.gms.providerinstaller#com.google.android.apps.docs.editors.docs, may result in stale flags.
09-07 19:57:28.282 17698 18110 W FlagStore: java.util.concurrent.ExecutionException: gvvj: 17: 17: API: Phenotype.API is not available on this device. Connection failed with: ConnectionResult{statusCode=DEVELOPER_ERROR, resolution=null, message=null, clientMethodKey=null}
09-07 19:57:28.282 17698 18110 W FlagStore: 	at hwtn.j(:com.google.android.gms@263234035@26.32.34 (260400-968093310):21)
09-07 19:57:28.282 17698 18110 W FlagStore: 	at hwtw.t(:com.google.android.gms@263234035@26.32.34 (260400-968093310):24)
09-07 19:57:28.282 17698 18110 W FlagStore: 	at hwtn.get(:com.google.android.gms@263234035@26.32.34 (260400-968093310):1)
09-07 19:57:28.282 17698 18110 W FlagStore: 	at hwyf.a(:com.google.android.gms@263234035@26.32.34 (260400-968093310):2)
09-07 19:57:28.282 17698 18110 W FlagStore: 	at hwwv.s(:com.google.android.gms@263234035@26.32.34 (260400-968093310):10)
09-07 19:57:28.282 17698 18110 W FlagStore: 	at gwar.d(:com.google.android.gms@263234035@26.32.34 (260400-968093310):1)
09-07 19:57:28.282 17698 18110 W FlagStore: 	at gvzv.run(:com.google.android.gms@263234035@26.32.34 (260400-968093310):5)
09-07 19:57:28.282 17698 18110 W FlagStore: 	at java.util.concurrent.Executors$RunnableAdapter.call(Executors.java:520)
09-07 19:57:28.282 17698 18110 W FlagStore: 	at java.util.concurrent.FutureTask.run(FutureTask.java:328)
09-07 19:57:28.282 17698 18110 W FlagStore: 	at java.util.concurrent.ScheduledThreadPoolExecutor$ScheduledFutureTask.run(ScheduledThreadPoolExecutor.java:323)
09-07 19:57:28.282 17698 18110 W FlagStore: 	at java.util.concurrent.ThreadPoolExecutor.runWorker(ThreadPoolExecutor.java:1100)
09-07 19:57:28.282 17698 18110 W FlagStore: 	at java.util.concurrent.ThreadPoolExecutor$Worker.run(ThreadPoolExecutor.java:624)
09-07 19:57:28.282 17698 18110 W FlagStore: 	at java.lang.Thread.run(Thread.java:1572)
09-07 19:57:28.282 17698 18110 W FlagStore: Caused by: gvvj: 17: 17: API: Phenotype.API is not available on this device. Connection failed with: ConnectionResult{statusCode=DEVELOPER_ERROR, resolution=null, message=null, clientMethodKey=null}
09-07 19:57:28.282 17698 18110 W FlagStore: 	at gvvl.a(:com.google.android.gms@263234035@26.32.34 (260400-968093310):13)
09-07 19:57:28.282 17698 18110 W FlagStore: 	at hwtd.d(:com.google.android.gms@263234035@26.32.34 (260400-968093310):3)
09-07 19:57:28.282 17698 18110 W FlagStore: 	at hwtf.run(:com.google.android.gms@263234035@26.32.34 (260400-968093310):139)
09-07 19:57:28.282 17698 18110 W FlagStore: 	at hwvq.execute(:com.google.android.gms@263234035@26.32.34 (260400-968093310):1)
09-07 19:57:28.282 17698 18110 W FlagStore: 	at hwtn.f(:com.google.android.gms@263234035@26.32.34 (260400-968093310):1)
09-07 19:57:28.282 17698 18110 W FlagStore: 	at hwtn.m(:com.google.android.gms@263234035@26.32.34 (260400-968093310):101)
09-07 19:57:28.282 17698 18110 W FlagStore: 	at hwtn.q(:com.google.android.gms@263234035@26.32.34 (260400-968093310):16)
09-07 19:57:28.282 17698 18110 W FlagStore: 	at gpej.jd(:com.google.android.gms@263234035@26.32.34 (260400-968093310):35)
09-07 19:57:28.282 17698 18110 W FlagStore: 	at gbdp.run(:com.google.android.gms@263234035@26.32.34 (260400-968093310):12)
09-07 19:57:28.282 17698 18110 W FlagStore: 	at hwvq.execute(:com.google.android.gms@263234035@26.32.34 (260400-968093310):1)
09-07 19:57:28.282 17698 18110 W FlagStore: 	at gbdq.b(:com.google.android.gms@263234035@26.32.34 (260400-968093310):18)
09-07 19:57:28.282 17698 18110 W FlagStore: 	at gbef.b(:com.google.android.gms@263234035@26.32.34 (260400-968093310):34)
09-07 19:57:28.282 17698 18110 W FlagStore: 	at gbem.B(:com.google.android.gms@263234035@26.32.34 (260400-968093310):17)
09-07 19:57:28.282 17698 18110 W FlagStore: 	at gbdh.run(:com.google.android.gms@263234035@26.32.34 (260400-968093310):60)
09-07 19:57:28.282 17698 18110 W FlagStore: 	at hwvq.execute(:com.google.android.gms@263234035@26.32.34 (260400-968093310):1)
09-07 19:57:28.282 17698 18110 W FlagStore: 	at gbdi.b(:com.google.android.gms@263234035@26.32.34 (260400-968093310):8)
09-07 19:57:28.282 17698 18110 W FlagStore: 	at gbef.b(:com.google.android.gms@263234035@26.32.34 (260400-968093310):34)
09-07 19:57:28.282 17698 18110 W FlagStore: 	at gbeh.c(:com.google.android.gms@263234035@26.32.34 (260400-968093310):23)
09-07 19:57:28.282 17698 18110 W FlagStore: 	at blsh.e(:com.google.android.gms@263234035@26.32.34 (260400-968093310):9)
09-07 19:57:28.282 17698 18110 W FlagStore: 	at blux.r(:com.google.android.gms@263234035@26.32.34 (260400-968093310):48)
09-07 19:57:28.282 17698 18110 W FlagStore: 	at blux.d(:com.google.android.gms@263234035@26.32.34 (260400-968093310):10)
09-07 19:57:28.282 17698 18110 W FlagStore: 	at blux.g(:com.google.android.gms@263234035@26.32.34 (260400-968093310):191)
09-07 19:57:28.282 17698 18110 W FlagStore: 	at bluz.run(:com.google.android.gms@263234035@26.32.34 (260400-968093310):74)
09-07 19:57:28.282 17698 18110 W FlagStore: 	at android.os.Handler.handleCallback(Handler.java:1051)
09-07 19:57:28.282 17698 18110 W FlagStore: 	at android.os.Handler.dispatchMessage(Handler.java:107)
09-07 19:57:28.282 17698 18110 W FlagStore: 	at dhsb.lJ(:com.google.android.gms@263234035@26.32.34 (260400-968093310):1)
09-07 19:57:28.282 17698 18110 W FlagStore: 	at dhsb.dispatchMessage(:com.google.android.gms@263234035@26.32.34 (260400-968093310):5)
09-07 19:57:28.282 17698 18110 W FlagStore: 	at android.os.Looper.loopOnce(Looper.java:266)
09-07 19:57:28.282 17698 18110 W FlagStore: 	at android.os.Looper.loop(Looper.java:361)
09-07 19:57:28.282 17698 18110 W FlagStore: 	at android.os.HandlerThread.run(HandlerThread.java:103)
09-07 19:57:28.282 17698 18110 W FlagStore: Caused by: blqm: 17: API: Phenotype.API is not available on this device. Connection failed with: ConnectionResult{statusCode=DEVELOPER_ERROR, resolution=null, message=null, clientMethodKey=null}
09-07 19:57:28.287 17698 18110 W FlagStore: 	at bmoo.a(:com.google.android.gms@263234035@26.32.34 (260400-968093310):15)
09-07 19:57:28.287 17698 18110 W FlagStore: 	at blsk.a(:com.google.android.gms@263234035@26.32.34 (260400-968093310):1)
09-07 19:57:28.287 17698 18110 W FlagStore: 	at blsh.e(:com.google.android.gms@263234035@26.32.34 (260400-968093310):5)
09-07 19:57:28.287 17698 18110 W FlagStore: 	... 11 more
09-07 19:57:28.330 17226 17724 W fb4a.MultiSignalANRDetectorLacrima: Pausing error state checks
09-07 19:57:28.338 16677 16677 I GH.CAR  : onDestroy
09-07 19:57:28.351 17698 17729 I ProviderInstaller: Installed default security provider AndroidOpenSSL (via CompatProvider)
09-07 19:57:28.356 16677 16677 I GH.CAR  : tearDown()
09-07 19:57:28.360 16677 16677 I GH.CarService: tearDown()
09-07 19:57:28.361 16677 16677 I GH.DelegateMngCarSvc: tearDown()
09-07 19:57:28.466 17443 17582 W JobInfo : Requested important-while-foreground flag for job1000147 is ignored and takes no effect
09-07 19:57:28.469 17768 17833 W .editors.sheets: Suspending all threads took: 40.747ms
09-07 19:57:28.520 17768 17833 I .editors.sheets: AssetManager2(0xb400007395e24898) locale list changing from [] to [en-IN]
09-07 19:57:28.618 17768 18164 E GoogleApiManager: Failed to get service from broker. 
09-07 19:57:28.618 17768 18164 E GoogleApiManager: java.lang.SecurityException: Unknown calling package name 'com.google.android.gms'.
09-07 19:57:28.618 17768 18164 E GoogleApiManager: 	at android.os.Parcel.createExceptionOrNull(Parcel.java:3353)
09-07 19:57:28.618 17768 18164 E GoogleApiManager: 	at android.os.Parcel.createException(Parcel.java:3337)
09-07 19:57:28.618 17768 18164 E GoogleApiManager: 	at android.os.Parcel.readException(Parcel.java:3320)
09-07 19:57:28.618 17768 18164 E GoogleApiManager: 	at android.os.Parcel.readException(Parcel.java:3262)
09-07 19:57:28.618 17768 18164 E GoogleApiManager: 	at bmrj.a(:com.google.android.gms@263234035@26.32.34 (260400-968093310):36)
09-07 19:57:28.618 17768 18164 E GoogleApiManager: 	at bmpc.y(:com.google.android.gms@263234035@26.32.34 (260400-968093310):143)
09-07 19:57:28.618 17768 18164 E GoogleApiManager: 	at bluz.run(:com.google.android.gms@263234035@26.32.34 (260400-968093310):42)
09-07 19:57:28.618 17768 18164 E GoogleApiManager: 	at android.os.Handler.handleCallback(Handler.java:1051)
09-07 19:57:28.618 17768 18164 E GoogleApiManager: 	at android.os.Handler.dispatchMessage(Handler.java:107)
09-07 19:57:28.618 17768 18164 E GoogleApiManager: 	at dhsb.lJ(:com.google.android.gms@263234035@26.32.34 (260400-968093310):1)
09-07 19:57:28.618 17768 18164 E GoogleApiManager: 	at dhsb.dispatchMessage(:com.google.android.gms@263234035@26.32.34 (260400-968093310):5)
09-07 19:57:28.618 17768 18164 E GoogleApiManager: 	at android.os.Looper.loopOnce(Looper.java:266)
09-07 19:57:28.618 17768 18164 E GoogleApiManager: 	at android.os.Looper.loop(Looper.java:361)
09-07 19:57:28.618 17768 18164 E GoogleApiManager: 	at android.os.HandlerThread.run(HandlerThread.java:103)
09-07 19:57:28.621 17768 18164 W GoogleApiManager: Not showing notification since connectionResult is not user-facing: ConnectionResult{statusCode=DEVELOPER_ERROR, resolution=null, message=null, clientMethodKey=null}
09-07 19:57:28.624 17768 18163 W FlagRegistrar: Failed to register com.google.android.gms.providerinstaller#com.google.android.apps.docs.editors.sheets
09-07 19:57:28.624 17768 18163 W FlagRegistrar: gvvj: 17: 17: API: Phenotype.API is not available on this device. Connection failed with: ConnectionResult{statusCode=DEVELOPER_ERROR, resolution=null, message=null, clientMethodKey=null}
09-07 19:57:28.624 17768 18163 W FlagRegistrar: 	at gvvl.a(:com.google.android.gms@263234035@26.32.34 (260400-968093310):13)
09-07 19:57:28.624 17768 18163 W FlagRegistrar: 	at hwtd.d(:com.google.android.gms@263234035@26.32.34 (260400-968093310):3)
09-07 19:57:28.624 17768 18163 W FlagRegistrar: 	at hwtf.run(:com.google.android.gms@263234035@26.32.34 (260400-968093310):139)
09-07 19:57:28.624 17768 18163 W FlagRegistrar: 	at hwvq.execute(:com.google.android.gms@263234035@26.32.34 (260400-968093310):1)
09-07 19:57:28.624 17768 18163 W FlagRegistrar: 	at hwtn.f(:com.google.android.gms@263234035@26.32.34 (260400-968093310):1)
09-07 19:57:28.624 17768 18163 W FlagRegistrar: 	at hwtn.m(:com.google.android.gms@263234035@26.32.34 (260400-968093310):101)
09-07 19:57:28.624 17768 18163 W FlagRegistrar: 	at hwtn.q(:com.google.android.gms@263234035@26.32.34 (260400-968093310):16)
09-07 19:57:28.624 17768 18163 W FlagRegistrar: 	at gpej.jd(:com.google.android.gms@263234035@26.32.34 (260400-968093310):35)
09-07 19:57:28.624 17768 18163 W FlagRegistrar: 	at gbdp.run(:com.google.android.gms@263234035@26.32.34 (260400-968093310):12)
09-07 19:57:28.624 17768 18163 W FlagRegistrar: 	at hwvq.execute(:com.google.android.gms@263234035@26.32.34 (260400-968093310):1)
09-07 19:57:28.624 17768 18163 W FlagRegistrar: 	at gbdq.b(:com.google.android.gms@263234035@26.32.34 (260400-968093310):18)
09-07 19:57:28.624 17768 18163 W FlagRegistrar: 	at gbef.b(:com.google.android.gms@263234035@26.32.34 (260400-968093310):34)
09-07 19:57:28.624 17768 18163 W FlagRegistrar: 	at gbeh.c(:com.google.android.gms@263234035@26.32.34 (260400-968093310):23)
09-07 19:57:28.624 17768 18163 W FlagRegistrar: 	at blsh.e(:com.google.android.gms@263234035@26.32.34 (260400-968093310):9)
09-07 19:57:28.624 17768 18163 W FlagRegistrar: 	at blux.r(:com.google.android.gms@263234035@26.32.34 (260400-968093310):48)
09-07 19:57:28.624 17768 18163 W FlagRegistrar: 	at blux.d(:com.google.android.gms@263234035@26.32.34 (260400-968093310):10)
09-07 19:57:28.624 17768 18163 W FlagRegistrar: 	at blux.g(:com.google.android.gms@263234035@26.32.34 (260400-968093310):191)
09-07 19:57:28.624 17768 18163 W FlagRegistrar: 	at bluz.run(:com.google.android.gms@263234035@26.32.34 (260400-968093310):74)
09-07 19:57:28.624 17768 18163 W FlagRegistrar: 	at android.os.Handler.handleCallback(Handler.java:1051)
09-07 19:57:28.624 17768 18163 W FlagRegistrar: 	at android.os.Handler.dispatchMessage(Handler.java:107)
09-07 19:57:28.624 17768 18163 W FlagRegistrar: 	at dhsb.lJ(:com.google.android.gms@263234035@26.32.34 (260400-968093310):1)
09-07 19:57:28.624 17768 18163 W FlagRegistrar: 	at dhsb.dispatchMessage(:com.google.android.gms@263234035@26.32.34 (260400-968093310):5)
09-07 19:57:28.624 17768 18163 W FlagRegistrar: 	at android.os.Looper.loopOnce(Looper.java:266)
09-07 19:57:28.624 17768 18163 W FlagRegistrar: 	at android.os.Looper.loop(Looper.java:361)
09-07 19:57:28.624 17768 18163 W FlagRegistrar: 	at android.os.HandlerThread.run(HandlerThread.java:103)
09-07 19:57:28.624 17768 18163 W FlagRegistrar: Caused by: blqm: 17: API: Phenotype.API is not available on this device. Connection failed with: ConnectionResult{statusCode=DEVELOPER_ERROR, resolution=null, message=null, clientMethodKey=null}
09-07 19:57:28.624 17768 18163 W FlagRegistrar: 	at bmoo.a(:com.google.android.gms@263234035@26.32.34 (260400-968093310):15)
09-07 19:57:28.624 17768 18163 W FlagRegistrar: 	at blsk.a(:com.google.android.gms@263234035@26.32.34 (260400-968093310):1)
09-07 19:57:28.624 17768 18163 W FlagRegistrar: 	at blsh.e(:com.google.android.gms@263234035@26.32.34 (260400-968093310):5)
09-07 19:57:28.624 17768 18163 W FlagRegistrar: 	... 11 more
09-07 19:57:28.734 17768 18164 E GoogleApiManager: Failed to get service from broker. 
09-07 19:57:28.734 17768 18164 E GoogleApiManager: java.lang.SecurityException: Unknown calling package name 'com.google.android.gms'.
09-07 19:57:28.734 17768 18164 E GoogleApiManager: 	at android.os.Parcel.createExceptionOrNull(Parcel.java:3353)
09-07 19:57:28.734 17768 18164 E GoogleApiManager: 	at android.os.Parcel.createException(Parcel.java:3337)
09-07 19:57:28.734 17768 18164 E GoogleApiManager: 	at android.os.Parcel.readException(Parcel.java:3320)
09-07 19:57:28.734 17768 18164 E GoogleApiManager: 	at android.os.Parcel.readException(Parcel.java:3262)
09-07 19:57:28.734 17768 18164 E GoogleApiManager: 	at bmrj.a(:com.google.android.gms@263234035@26.32.34 (260400-968093310):36)
09-07 19:57:28.734 17768 18164 E GoogleApiManager: 	at bmpc.y(:com.google.android.gms@263234035@26.32.34 (260400-968093310):143)
09-07 19:57:28.734 17768 18164 E GoogleApiManager: 	at bluz.run(:com.google.android.gms@263234035@26.32.34 (260400-968093310):42)
09-07 19:57:28.734 17768 18164 E GoogleApiManager: 	at android.os.Handler.handleCallback(Handler.java:1051)
09-07 19:57:28.734 17768 18164 E GoogleApiManager: 	at android.os.Handler.dispatchMessage(Handler.java:107)
09-07 19:57:28.734 17768 18164 E GoogleApiManager: 	at dhsb.lJ(:com.google.android.gms@263234035@26.32.34 (260400-968093310):1)
09-07 19:57:28.734 17768 18164 E GoogleApiManager: 	at dhsb.dispatchMessage(:com.google.android.gms@263234035@26.32.34 (260400-968093310):5)
09-07 19:57:28.734 17768 18164 E GoogleApiManager: 	at android.os.Looper.loopOnce(Looper.java:266)
09-07 19:57:28.734 17768 18164 E GoogleApiManager: 	at android.os.Looper.loop(Looper.java:361)
09-07 19:57:28.734 17768 18164 E GoogleApiManager: 	at android.os.HandlerThread.run(HandlerThread.java:103)
09-07 19:57:28.734 17768 18164 W GoogleApiManager: Not showing notification since connectionResult is not user-facing: ConnectionResult{statusCode=DEVELOPER_ERROR, resolution=null, message=null, clientMethodKey=null}
09-07 19:57:28.764 17768 17833 I ProviderInstaller: Installed default security provider AndroidOpenSSL (via CompatProvider)
09-07 19:57:28.765 16016 16112 I android.vending: Explicit concurrent copying GC freed 3834KB AllocSpace bytes, 3(76KB) LOS objects, 36% free, 41MB/65MB, paused 640us,184us total 1.712s
09-07 19:57:28.764 17768 18165 W FlagStore: Unable to update local snapshot for com.google.android.gms.providerinstaller#com.google.android.apps.docs.editors.sheets, may result in stale flags.
09-07 19:57:28.764 17768 18165 W FlagStore: java.util.concurrent.ExecutionException: gvvj: 17: 17: API: Phenotype.API is not available on this device. Connection failed with: ConnectionResult{statusCode=DEVELOPER_ERROR, resolution=null, message=null, clientMethodKey=null}
09-07 19:57:28.764 17768 18165 W FlagStore: 	at hwtn.j(:com.google.android.gms@263234035@26.32.34 (260400-968093310):21)
09-07 19:57:28.764 17768 18165 W FlagStore: 	at hwtw.t(:com.google.android.gms@263234035@26.32.34 (260400-968093310):24)
09-07 19:57:28.764 17768 18165 W FlagStore: 	at hwtn.get(:com.google.android.gms@263234035@26.32.34 (260400-968093310):1)
09-07 19:57:28.764 17768 18165 W FlagStore: 	at hwyf.a(:com.google.android.gms@263234035@26.32.34 (260400-968093310):2)
09-07 19:57:28.764 17768 18165 W FlagStore: 	at hwwv.s(:com.google.android.gms@263234035@26.32.34 (260400-968093310):10)
09-07 19:57:28.764 17768 18165 W FlagStore: 	at gwar.d(:com.google.android.gms@263234035@26.32.34 (260400-968093310):1)
09-07 19:57:28.764 17768 18165 W FlagStore: 	at gvzv.run(:com.google.android.gms@263234035@26.32.34 (260400-968093310):5)
09-07 19:57:28.764 17768 18165 W FlagStore: 	at java.util.concurrent.Executors$RunnableAdapter.call(Executors.java:520)
09-07 19:57:28.764 17768 18165 W FlagStore: 	at java.util.concurrent.FutureTask.run(FutureTask.java:328)
09-07 19:57:28.764 17768 18165 W FlagStore: 	at java.util.concurrent.ScheduledThreadPoolExecutor$ScheduledFutureTask.run(ScheduledThreadPoolExecutor.java:323)
09-07 19:57:28.764 17768 18165 W FlagStore: 	at java.util.concurrent.ThreadPoolExecutor.runWorker(ThreadPoolExecutor.java:1100)
09-07 19:57:28.764 17768 18165 W FlagStore: 	at java.util.concurrent.ThreadPoolExecutor$Worker.run(ThreadPoolExecutor.java:624)
09-07 19:57:28.764 17768 18165 W FlagStore: 	at java.lang.Thread.run(Thread.java:1572)
09-07 19:57:28.764 17768 18165 W FlagStore: Caused by: gvvj: 17: 17: API: Phenotype.API is not available on this device. Connection failed with: ConnectionResult{statusCode=DEVELOPER_ERROR, resolution=null, message=null, clientMethodKey=null}
09-07 19:57:28.764 17768 18165 W FlagStore: 	at gvvl.a(:com.google.android.gms@263234035@26.32.34 (260400-968093310):13)
09-07 19:57:28.764 17768 18165 W FlagStore: 	at hwtd.d(:com.google.android.gms@263234035@26.32.34 (260400-968093310):3)
09-07 19:57:28.764 17768 18165 W FlagStore: 	at hwtf.run(:com.google.android.gms@263234035@26.32.34 (260400-968093310):139)
09-07 19:57:28.764 17768 18165 W FlagStore: 	at hwvq.execute(:com.google.android.gms@263234035@26.32.34 (260400-968093310):1)
09-07 19:57:28.764 17768 18165 W FlagStore: 	at hwtn.f(:com.google.android.gms@263234035@26.32.34 (260400-968093310):1)
09-07 19:57:28.764 17768 18165 W FlagStore: 	at hwtn.m(:com.google.android.gms@263234035@26.32.34 (260400-968093310):101)
09-07 19:57:28.764 17768 18165 W FlagStore: 	at hwtn.q(:com.google.android.gms@263234035@26.32.34 (260400-968093310):16)
09-07 19:57:28.764 17768 18165 W FlagStore: 	at gpej.jd(:com.google.android.gms@263234035@26.32.34 (260400-968093310):35)
09-07 19:57:28.764 17768 18165 W FlagStore: 	at gbdp.run(:com.google.android.gms@263234035@26.32.34 (260400-968093310):12)
09-07 19:57:28.764 17768 18165 W FlagStore: 	at hwvq.execute(:com.google.android.gms@263234035@26.32.34 (260400-968093310):1)
09-07 19:57:28.764 17768 18165 W FlagStore: 	at gbdq.b(:com.google.android.gms@263234035@26.32.34 (260400-968093310):18)
09-07 19:57:28.764 17768 18165 W FlagStore: 	at gbef.b(:com.google.android.gms@263234035@26.32.34 (260400-968093310):34)
09-07 19:57:28.764 17768 18165 W FlagStore: 	at gbem.B(:com.google.android.gms@263234035@26.32.34 (260400-968093310):17)
09-07 19:57:28.764 17768 18165 W FlagStore: 	at gbdh.run(:com.google.android.gms@263234035@26.32.34 (260400-968093310):60)
09-07 19:57:28.764 17768 18165 W FlagStore: 	at hwvq.execute(:com.google.android.gms@263234035@26.32.34 (260400-968093310):1)
09-07 19:57:28.764 17768 18165 W FlagStore: 	at gbdi.b(:com.google.android.gms@263234035@26.32.34 (260400-968093310):8)
09-07 19:57:28.764 17768 18165 W FlagStore: 	at gbef.b(:com.google.android.gms@263234035@26.32.34 (260400-968093310):34)
09-07 19:57:28.764 17768 18165 W FlagStore: 	at gbeh.c(:com.google.android.gms@263234035@26.32.34 (260400-968093310):23)
09-07 19:57:28.764 17768 18165 W FlagStore: 	at blsh.e(:com.google.android.gms@263234035@26.32.34 (260400-968093310):9)
09-07 19:57:28.764 17768 18165 W FlagStore: 	at blux.r(:com.google.android.gms@263234035@26.32.34 (260400-968093310):48)
09-07 19:57:28.764 17768 18165 W FlagStore: 	at blux.d(:com.google.android.gms@263234035@26.32.34 (260400-968093310):10)
09-07 19:57:28.764 17768 18165 W FlagStore: 	at blux.g(:com.google.android.gms@263234035@26.32.34 (260400-968093310):191)
09-07 19:57:28.764 17768 18165 W FlagStore: 	at bluz.run(:com.google.android.gms@263234035@26.32.34 (260400-968093310):74)
09-07 19:57:28.764 17768 18165 W FlagStore: 	at android.os.Handler.handleCallback(Handler.java:1051)
09-07 19:57:28.764 17768 18165 W FlagStore: 	at android.os.Handler.dispatchMessage(Handler.java:107)
09-07 19:57:28.764 17768 18165 W FlagStore: 	at dhsb.lJ(:com.google.android.gms@263234035@26.32.34 (260400-968093310):1)
09-07 19:57:28.764 17768 18165 W FlagStore: 	at dhsb.dispatchMessage(:com.google.android.gms@263234035@26.32.34 (260400-968093310):5)
09-07 19:57:28.764 17768 18165 W FlagStore: 	at android.os.Looper.loopOnce(Looper.java:266)
09-07 19:57:28.764 17768 18165 W FlagStore: 	at android.os.Looper.loop(Looper.java:361)
09-07 19:57:28.764 17768 18165 W FlagStore: 	at android.os.HandlerThread.run(HandlerThread.java:103)
09-07 19:57:28.764 17768 18165 W FlagStore: Caused by: blqm: 17: API: Phenotype.API is not available on this device. Connection failed with: ConnectionResult{statusCode=DEVELOPER_ERROR, resolution=null, message=null, clientMethodKey=null}
09-07 19:57:28.804 16016 16216 I android.vending: Waiting for a blocking GC Explicit
09-07 19:57:28.865  3867 16905 W PhBaseOp: Phenotype API error. Event: # jdpr@f5993cb5, EventCode: COMMIT_CONFIG [CONTEXT service_id=51 ]
09-07 19:57:28.865  3867 16905 W PhBaseOp: fmaa: 29503
09-07 19:57:28.865  3867 16905 W PhBaseOp: 	at fmcd.d(:com.google.android.gms@263234035@26.32.34 (260400-968093310):162)
09-07 19:57:28.865  3867 16905 W PhBaseOp: 	at fmcd.b(:com.google.android.gms@263234035@26.32.34 (260400-968093310):44)
09-07 19:57:28.865  3867 16905 W PhBaseOp: 	at fmcc.i(:com.google.android.gms@263234035@26.32.34 (260400-968093310):3)
09-07 19:57:28.865  3867 16905 W PhBaseOp: 	at fmby.h(:com.google.android.gms@263234035@26.32.34 (260400-968093310):34)
09-07 19:57:28.865  3867 16905 W PhBaseOp: 	at fmby.f(:com.google.android.gms@263234035@26.32.34 (260400-968093310):16)
09-07 19:57:28.865  3867 16905 W PhBaseOp: 	at dgbf.fw(:com.google.android.gms@263234035@26.32.34 (260400-968093310):1)
09-07 19:57:28.865  3867 16905 W PhBaseOp: 	at dgbr.run(:com.google.android.gms@263234035@26.32.34 (260400-968093310):122)
09-07 19:57:28.865  3867 16905 W PhBaseOp: 	at hnyy.run(:com.google.android.gms@263234035@26.32.34 (260400-968093310):23)
09-07 19:57:28.865  3867 16905 W PhBaseOp: 	at bnli.d(:com.google.android.gms@263234035@26.32.34 (260400-968093310):50)
09-07 19:57:28.865  3867 16905 W PhBaseOp: 	at bnli.c(:com.google.android.gms@263234035@26.32.34 (260400-968093310):6)
09-07 19:57:28.865  3867 16905 W PhBaseOp: 	at bnli.run(:com.google.android.gms@263234035@26.32.34 (260400-968093310):33)
09-07 19:57:28.865  3867 16905 W PhBaseOp: 	at java.util.concurrent.ThreadPoolExecutor.runWorker(ThreadPoolExecutor.java:1100)
09-07 19:57:28.865  3867 16905 W PhBaseOp: 	at java.util.concurrent.ThreadPoolExecutor$Worker.run(ThreadPoolExecutor.java:624)
09-07 19:57:28.865  3867 16905 W PhBaseOp: 	at bnri.run(:com.google.android.gms@263234035@26.32.34 (260400-968093310):8)
09-07 19:57:28.865  3867 16905 W PhBaseOp: 	at java.lang.Thread.run(Thread.java:1572)
09-07 19:57:28.865  3867 16905 W AsyncOperation: operation=CommitToConfigurationOperationCall, opStatusCode=29503 [CONTEXT service_id=51 ]
09-07 19:57:28.865  3867 16905 W AsyncOperation: OperationException[Status{statusCode=unknown status code: 29503, resolution=null}]
09-07 19:57:28.865  3867 16905 W AsyncOperation: 	at fmby.h(:com.google.android.gms@263234035@26.32.34 (260400-968093310):63)
09-07 19:57:28.865  3867 16905 W AsyncOperation: 	at fmby.f(:com.google.android.gms@263234035@26.32.34 (260400-968093310):16)
09-07 19:57:28.865  3867 16905 W AsyncOperation: 	at dgbf.fw(:com.google.android.gms@263234035@26.32.34 (260400-968093310):1)
09-07 19:57:28.865  3867 16905 W AsyncOperation: 	at dgbr.run(:com.google.android.gms@263234035@26.32.34 (260400-968093310):122)
09-07 19:57:28.865  3867 16905 W AsyncOperation: 	at hnyy.run(:com.google.android.gms@263234035@26.32.34 (260400-968093310):23)
09-07 19:57:28.865  3867 16905 W AsyncOperation: 	at bnli.d(:com.google.android.gms@263234035@26.32.34 (260400-968093310):50)
09-07 19:57:28.865  3867 16905 W AsyncOperation: 	at bnli.c(:com.google.android.gms@263234035@26.32.34 (260400-968093310):6)
09-07 19:57:28.865  3867 16905 W AsyncOperation: 	at bnli.run(:com.google.android.gms@263234035@26.32.34 (260400-968093310):33)
09-07 19:57:28.865  3867 16905 W AsyncOperation: 	at java.util.concurrent.ThreadPoolExecutor.runWorker(ThreadPoolExecutor.java:1100)
09-07 19:57:28.865  3867 16905 W AsyncOperation: 	at java.util.concurrent.ThreadPoolExecutor$Worker.run(ThreadPoolExecutor.java:624)
09-07 19:57:28.865  3867 16905 W AsyncOperation: 	at bnri.run(:com.google.android.gms@263234035@26.32.34 (260400-968093310):8)
09-07 19:57:28.865  3867 16905 W AsyncOperation: 	at java.lang.Thread.run(Thread.java:1572)
09-07 19:57:28.777 17768 18165 W FlagStore: 	at bmoo.a(:com.google.android.gms@263234035@26.32.34 (260400-968093310):15)
09-07 19:57:28.777 17768 18165 W FlagStore: 	at blsk.a(:com.google.android.gms@263234035@26.32.34 (260400-968093310):1)
09-07 19:57:28.777 17768 18165 W FlagStore: 	at blsh.e(:com.google.android.gms@263234035@26.32.34 (260400-968093310):5)
09-07 19:57:28.777 17768 18165 W FlagStore: 	... 11 more
09-07 19:57:28.982  3867 16905 W PhBaseOp: Phenotype API error. Event: # jdpr@64680651, EventCode: COMMIT_CONFIG [CONTEXT service_id=51 ]
09-07 19:57:28.982  3867 16905 W PhBaseOp: fmaa: 29503
09-07 19:57:28.982  3867 16905 W PhBaseOp: 	at fmcd.d(:com.google.android.gms@263234035@26.32.34 (260400-968093310):162)
09-07 19:57:28.982  3867 16905 W PhBaseOp: 	at fmcd.b(:com.google.android.gms@263234035@26.32.34 (260400-968093310):44)
09-07 19:57:28.982  3867 16905 W PhBaseOp: 	at fmcc.i(:com.google.android.gms@263234035@26.32.34 (260400-968093310):3)
09-07 19:57:28.982  3867 16905 W PhBaseOp: 	at fmby.h(:com.google.android.gms@263234035@26.32.34 (260400-968093310):34)
09-07 19:57:28.982  3867 16905 W PhBaseOp: 	at fmby.f(:com.google.android.gms@263234035@26.32.34 (260400-968093310):16)
09-07 19:57:28.982  3867 16905 W PhBaseOp: 	at dgbf.fw(:com.google.android.gms@263234035@26.32.34 (260400-968093310):1)
09-07 19:57:28.982  3867 16905 W PhBaseOp: 	at dgbr.run(:com.google.android.gms@263234035@26.32.34 (260400-968093310):122)
09-07 19:57:28.982  3867 16905 W PhBaseOp: 	at hnyy.run(:com.google.android.gms@263234035@26.32.34 (260400-968093310):23)
09-07 19:57:28.982  3867 16905 W PhBaseOp: 	at bnli.d(:com.google.android.gms@263234035@26.32.34 (260400-968093310):50)
09-07 19:57:28.982  3867 16905 W PhBaseOp: 	at bnli.c(:com.google.android.gms@263234035@26.32.34 (260400-968093310):6)
09-07 19:57:28.982  3867 16905 W PhBaseOp: 	at bnli.run(:com.google.android.gms@263234035@26.32.34 (260400-968093310):33)
09-07 19:57:28.982  3867 16905 W PhBaseOp: 	at java.util.concurrent.ThreadPoolExecutor.runWorker(ThreadPoolExecutor.java:1100)
09-07 19:57:28.982  3867 16905 W PhBaseOp: 	at java.util.concurrent.ThreadPoolExecutor$Worker.run(ThreadPoolExecutor.java:624)
09-07 19:57:28.982  3867 16905 W PhBaseOp: 	at bnri.run(:com.google.android.gms@263234035@26.32.34 (260400-968093310):8)
09-07 19:57:28.982  3867 16905 W PhBaseOp: 	at java.lang.Thread.run(Thread.java:1572)
09-07 19:57:28.983  3867 16905 W AsyncOperation: operation=CommitToConfigurationOperationCall, opStatusCode=29503 [CONTEXT service_id=51 ]
09-07 19:57:28.983  3867 16905 W AsyncOperation: OperationException[Status{statusCode=unknown status code: 29503, resolution=null}]
09-07 19:57:28.983  3867 16905 W AsyncOperation: 	at fmby.h(:com.google.android.gms@263234035@26.32.34 (260400-968093310):63)
09-07 19:57:28.983  3867 16905 W AsyncOperation: 	at fmby.f(:com.google.android.gms@263234035@26.32.34 (260400-968093310):16)
09-07 19:57:28.983  3867 16905 W AsyncOperation: 	at dgbf.fw(:com.google.android.gms@263234035@26.32.34 (260400-968093310):1)
09-07 19:57:28.983  3867 16905 W AsyncOperation: 	at dgbr.run(:com.google.android.gms@263234035@26.32.34 (260400-968093310):122)
09-07 19:57:28.983  3867 16905 W AsyncOperation: 	at hnyy.run(:com.google.android.gms@263234035@26.32.34 (260400-968093310):23)
09-07 19:57:28.983  3867 16905 W AsyncOperation: 	at bnli.d(:com.google.android.gms@263234035@26.32.34 (260400-968093310):50)
09-07 19:57:28.983  3867 16905 W AsyncOperation: 	at bnli.c(:com.google.android.gms@263234035@26.32.34 (260400-968093310):6)
09-07 19:57:28.983  3867 16905 W AsyncOperation: 	at bnli.run(:com.google.android.gms@263234035@26.32.34 (260400-968093310):33)
09-07 19:57:28.983  3867 16905 W AsyncOperation: 	at java.util.concurrent.ThreadPoolExecutor.runWorker(ThreadPoolExecutor.java:1100)
09-07 19:57:28.983  3867 16905 W AsyncOperation: 	at java.util.concurrent.ThreadPoolExecutor$Worker.run(ThreadPoolExecutor.java:624)
09-07 19:57:28.983  3867 16905 W AsyncOperation: 	at bnri.run(:com.google.android.gms@263234035@26.32.34 (260400-968093310):8)
09-07 19:57:28.983  3867 16905 W AsyncOperation: 	at java.lang.Thread.run(Thread.java:1572)
09-07 19:57:29.006 17443 18169 W ComponentDiscovery: Class com.google.firebase.installations.FirebaseInstallationsKtxRegistrar is not an found.
09-07 19:57:29.092 16904 16958 I SQLiteConnection: Long db operation: /data/user/0/com.google.android.apps.wellbeing/no_backup/androidx.work.workdb
09-07 19:57:29.102  3867 16905 W PhBaseOp: Phenotype API error. Event: # jdpr@61907e53, EventCode: COMMIT_CONFIG [CONTEXT service_id=51 ]
09-07 19:57:29.102  3867 16905 W PhBaseOp: fmaa: 29503
09-07 19:57:29.102  3867 16905 W PhBaseOp: 	at fmcd.d(:com.google.android.gms@263234035@26.32.34 (260400-968093310):162)
09-07 19:57:29.102  3867 16905 W PhBaseOp: 	at fmcd.b(:com.google.android.gms@263234035@26.32.34 (260400-968093310):44)
09-07 19:57:29.102  3867 16905 W PhBaseOp: 	at fmcc.i(:com.google.android.gms@263234035@26.32.34 (260400-968093310):3)
09-07 19:57:29.102  3867 16905 W PhBaseOp: 	at fmby.h(:com.google.android.gms@263234035@26.32.34 (260400-968093310):34)
09-07 19:57:29.102  3867 16905 W PhBaseOp: 	at fmby.f(:com.google.android.gms@263234035@26.32.34 (260400-968093310):16)
09-07 19:57:29.102  3867 16905 W PhBaseOp: 	at dgbf.fw(:com.google.android.gms@263234035@26.32.34 (260400-968093310):1)
09-07 19:57:29.102  3867 16905 W PhBaseOp: 	at dgbr.run(:com.google.android.gms@263234035@26.32.34 (260400-968093310):122)
09-07 19:57:29.102  3867 16905 W PhBaseOp: 	at hnyy.run(:com.google.android.gms@263234035@26.32.34 (260400-968093310):23)
09-07 19:57:29.102  3867 16905 W PhBaseOp: 	at bnli.d(:com.google.android.gms@263234035@26.32.34 (260400-968093310):50)
09-07 19:57:29.102  3867 16905 W PhBaseOp: 	at bnli.c(:com.google.android.gms@263234035@26.32.34 (260400-968093310):6)
09-07 19:57:29.102  3867 16905 W PhBaseOp: 	at bnli.run(:com.google.android.gms@263234035@26.32.34 (260400-968093310):33)
09-07 19:57:29.102  3867 16905 W PhBaseOp: 	at java.util.concurrent.ThreadPoolExecutor.runWorker(ThreadPoolExecutor.java:1100)
09-07 19:57:29.102  3867 16905 W PhBaseOp: 	at java.util.concurrent.ThreadPoolExecutor$Worker.run(ThreadPoolExecutor.java:624)
09-07 19:57:29.102  3867 16905 W PhBaseOp: 	at bnri.run(:com.google.android.gms@263234035@26.32.34 (260400-968093310):8)
09-07 19:57:29.102  3867 16905 W PhBaseOp: 	at java.lang.Thread.run(Thread.java:1572)
09-07 19:57:29.103  3867 15145 W PhBaseOp: Phenotype API error. Event: # jdpr@51df176f, EventCode: COMMIT_CONFIG [CONTEXT service_id=51 ]
09-07 19:57:29.103  3867 15145 W PhBaseOp: fmaa: 29503
09-07 19:57:29.103  3867 15145 W PhBaseOp: 	at fmcd.d(:com.google.android.gms@263234035@26.32.34 (260400-968093310):162)
09-07 19:57:29.103  3867 15145 W PhBaseOp: 	at fmcd.b(:com.google.android.gms@263234035@26.32.34 (260400-968093310):44)
09-07 19:57:29.103  3867 15145 W PhBaseOp: 	at fmcc.i(:com.google.android.gms@263234035@26.32.34 (260400-968093310):3)
09-07 19:57:29.103  3867 15145 W PhBaseOp: 	at fmby.h(:com.google.android.gms@263234035@26.32.34 (260400-968093310):34)
09-07 19:57:29.103  3867 15145 W PhBaseOp: 	at fmby.f(:com.google.android.gms@263234035@26.32.34 (260400-968093310):16)
09-07 19:57:29.103  3867 15145 W PhBaseOp: 	at dgbf.fw(:com.google.android.gms@263234035@26.32.34 (260400-968093310):1)
09-07 19:57:29.103  3867 15145 W PhBaseOp: 	at dgbr.run(:com.google.android.gms@263234035@26.32.34 (260400-968093310):122)
09-07 19:57:29.103  3867 15145 W PhBaseOp: 	at hnyy.run(:com.google.android.gms@263234035@26.32.34 (260400-968093310):23)
09-07 19:57:29.103  3867 15145 W PhBaseOp: 	at bnli.d(:com.google.android.gms@263234035@26.32.34 (260400-968093310):50)
09-07 19:57:29.103  3867 15145 W PhBaseOp: 	at bnli.c(:com.google.android.gms@263234035@26.32.34 (260400-968093310):6)
09-07 19:57:29.103  3867 15145 W PhBaseOp: 	at bnli.run(:com.google.android.gms@263234035@26.32.34 (260400-968093310):33)
09-07 19:57:29.103  3867 15145 W PhBaseOp: 	at java.util.concurrent.ThreadPoolExecutor.runWorker(ThreadPoolExecutor.java:1100)
09-07 19:57:29.103  3867 15145 W PhBaseOp: 	at java.util.concurrent.ThreadPoolExecutor$Worker.run(ThreadPoolExecutor.java:624)
09-07 19:57:29.103  3867 15145 W PhBaseOp: 	at bnri.run(:com.google.android.gms@263234035@26.32.34 (260400-968093310):8)
09-07 19:57:29.103  3867 15145 W PhBaseOp: 	at java.lang.Thread.run(Thread.java:1572)
09-07 19:57:29.103 17105 17145 I SQLiteConnection: Long db operation: /data/user/0/com.google.android.gm/no_backup/androidx.work.workdb
09-07 19:57:29.103  3867 15145 W AsyncOperation: operation=CommitToConfigurationOperationCall, opStatusCode=29503 [CONTEXT service_id=51 ]
09-07 19:57:29.103  3867 15145 W AsyncOperation: OperationException[Status{statusCode=unknown status code: 29503, resolution=null}]
09-07 19:57:29.103  3867 15145 W AsyncOperation: 	at fmby.h(:com.google.android.gms@263234035@26.32.34 (260400-968093310):63)
09-07 19:57:29.103  3867 15145 W AsyncOperation: 	at fmby.f(:com.google.android.gms@263234035@26.32.34 (260400-968093310):16)
09-07 19:57:29.103  3867 15145 W AsyncOperation: 	at dgbf.fw(:com.google.android.gms@263234035@26.32.34 (260400-968093310):1)
09-07 19:57:29.103  3867 15145 W AsyncOperation: 	at dgbr.run(:com.google.android.gms@263234035@26.32.34 (260400-968093310):122)
09-07 19:57:29.103  3867 15145 W AsyncOperation: 	at hnyy.run(:com.google.android.gms@263234035@26.32.34 (260400-968093310):23)
09-07 19:57:29.103  3867 15145 W AsyncOperation: 	at bnli.d(:com.google.android.gms@263234035@26.32.34 (260400-968093310):50)
09-07 19:57:29.103  3867 15145 W AsyncOperation: 	at bnli.c(:com.google.android.gms@263234035@26.32.34 (260400-968093310):6)
09-07 19:57:29.103  3867 15145 W AsyncOperation: 	at bnli.run(:com.google.android.gms@263234035@26.32.34 (260400-968093310):33)
09-07 19:57:29.103  3867 15145 W AsyncOperation: 	at java.util.concurrent.ThreadPoolExecutor.runWorker(ThreadPoolExecutor.java:1100)
09-07 19:57:29.103  3867 15145 W AsyncOperation: 	at java.util.concurrent.ThreadPoolExecutor$Worker.run(ThreadPoolExecutor.java:624)
09-07 19:57:29.103  3867 15145 W AsyncOperation: 	at bnri.run(:com.google.android.gms@263234035@26.32.34 (260400-968093310):8)
09-07 19:57:29.103  3867 15145 W AsyncOperation: 	at java.lang.Thread.run(Thread.java:1572)
09-07 19:57:29.104  3867 16905 W AsyncOperation: operation=CommitToConfigurationOperationCall, opStatusCode=29503 [CONTEXT service_id=51 ]
09-07 19:57:29.104  3867 16905 W AsyncOperation: OperationException[Status{statusCode=unknown status code: 29503, resolution=null}]
09-07 19:57:29.104  3867 16905 W AsyncOperation: 	at fmby.h(:com.google.android.gms@263234035@26.32.34 (260400-968093310):63)
09-07 19:57:29.104  3867 16905 W AsyncOperation: 	at fmby.f(:com.google.android.gms@263234035@26.32.34 (260400-968093310):16)
09-07 19:57:29.104  3867 16905 W AsyncOperation: 	at dgbf.fw(:com.google.android.gms@263234035@26.32.34 (260400-968093310):1)
09-07 19:57:29.104  3867 16905 W AsyncOperation: 	at dgbr.run(:com.google.android.gms@263234035@26.32.34 (260400-968093310):122)
09-07 19:57:29.104  3867 16905 W AsyncOperation: 	at hnyy.run(:com.google.android.gms@263234035@26.32.34 (260400-968093310):23)
09-07 19:57:29.104  3867 16905 W AsyncOperation: 	at bnli.d(:com.google.android.gms@263234035@26.32.34 (260400-968093310):50)
09-07 19:57:29.104  3867 16905 W AsyncOperation: 	at bnli.c(:com.google.android.gms@263234035@26.32.34 (260400-968093310):6)
09-07 19:57:29.104  3867 16905 W AsyncOperation: 	at bnli.run(:com.google.android.gms@263234035@26.32.34 (260400-968093310):33)
09-07 19:57:29.104  3867 16905 W AsyncOperation: 	at java.util.concurrent.ThreadPoolExecutor.runWorker(ThreadPoolExecutor.java:1100)
09-07 19:57:29.104  3867 16905 W AsyncOperation: 	at java.util.concurrent.ThreadPoolExecutor$Worker.run(ThreadPoolExecutor.java:624)
09-07 19:57:29.104  3867 16905 W AsyncOperation: 	at bnri.run(:com.google.android.gms@263234035@26.32.34 (260400-968093310):8)
09-07 19:57:29.104  3867 16905 W AsyncOperation: 	at java.lang.Thread.run(Thread.java:1572)
09-07 19:57:29.311 18187 18187 I .nbu.paisa.user: Using generational CollectorTypeCC GC.
09-07 19:57:29.324 18187 18187 E .nbu.paisa.user: BBinder_init Processname  com.google.android.apps.nbu.paisa.user  
09-07 19:57:29.324 18187 18187 E .nbu.paisa.user: BBinder_init hasGetProcessName  com.google.android.apps.nbu.paisa.user
09-07 19:57:29.438 18187 18187 W .nbu.paisa.user: Failed to find entry 'classes.dex': Entry not found
09-07 19:57:29.445 18187 18187 W .nbu.paisa.user: Failed to find entry 'classes.dex': Entry not found
09-07 19:57:29.473  3867 16905 W PhBaseOp: Phenotype API error. Event: # jdpr@f5993cb5, EventCode: COMMIT_CONFIG [CONTEXT service_id=51 ]
09-07 19:57:29.473  3867 16905 W PhBaseOp: fmaa: 29503
09-07 19:57:29.473  3867 16905 W PhBaseOp: 	at fmcd.d(:com.google.android.gms@263234035@26.32.34 (260400-968093310):162)
09-07 19:57:29.473  3867 16905 W PhBaseOp: 	at fmcd.b(:com.google.android.gms@263234035@26.32.34 (260400-968093310):44)
09-07 19:57:29.473  3867 16905 W PhBaseOp: 	at fmcc.i(:com.google.android.gms@263234035@26.32.34 (260400-968093310):3)
09-07 19:57:29.473  3867 16905 W PhBaseOp: 	at fmby.h(:com.google.android.gms@263234035@26.32.34 (260400-968093310):34)
09-07 19:57:29.473  3867 16905 W PhBaseOp: 	at fmby.f(:com.google.android.gms@263234035@26.32.34 (260400-968093310):16)
09-07 19:57:29.473  3867 16905 W PhBaseOp: 	at dgbf.fw(:com.google.android.gms@263234035@26.32.34 (260400-968093310):1)
09-07 19:57:29.473  3867 16905 W PhBaseOp: 	at dgbr.run(:com.google.android.gms@263234035@26.32.34 (260400-968093310):122)
09-07 19:57:29.473  3867 16905 W PhBaseOp: 	at hnyy.run(:com.google.android.gms@263234035@26.32.34 (260400-968093310):23)
09-07 19:57:29.473  3867 16905 W PhBaseOp: 	at bnli.d(:com.google.android.gms@263234035@26.32.34 (260400-968093310):50)
09-07 19:57:29.473  3867 16905 W PhBaseOp: 	at bnli.c(:com.google.android.gms@263234035@26.32.34 (260400-968093310):6)
09-07 19:57:29.473  3867 16905 W PhBaseOp: 	at bnli.run(:com.google.android.gms@263234035@26.32.34 (260400-968093310):33)
09-07 19:57:29.473  3867 16905 W PhBaseOp: 	at java.util.concurrent.ThreadPoolExecutor.runWorker(ThreadPoolExecutor.java:1100)
09-07 19:57:29.473  3867 16905 W PhBaseOp: 	at java.util.concurrent.ThreadPoolExecutor$Worker.run(ThreadPoolExecutor.java:624)
09-07 19:57:29.473  3867 16905 W PhBaseOp: 	at bnri.run(:com.google.android.gms@263234035@26.32.34 (260400-968093310):8)
09-07 19:57:29.473  3867 16905 W PhBaseOp: 	at java.lang.Thread.run(Thread.java:1572)
09-07 19:57:29.473  3867 16905 W AsyncOperation: operation=CommitToConfigurationOperationCall, opStatusCode=29503 [CONTEXT service_id=51 ]
09-07 19:57:29.473  3867 16905 W AsyncOperation: OperationException[Status{statusCode=unknown status code: 29503, resolution=null}]
09-07 19:57:29.473  3867 16905 W AsyncOperation: 	at fmby.h(:com.google.android.gms@263234035@26.32.34 (260400-968093310):63)
09-07 19:57:29.473  3867 16905 W AsyncOperation: 	at fmby.f(:com.google.android.gms@263234035@26.32.34 (260400-968093310):16)
09-07 19:57:29.473  3867 16905 W AsyncOperation: 	at dgbf.fw(:com.google.android.gms@263234035@26.32.34 (260400-968093310):1)
09-07 19:57:29.473  3867 16905 W AsyncOperation: 	at dgbr.run(:com.google.android.gms@263234035@26.32.34 (260400-968093310):122)
09-07 19:57:29.473  3867 16905 W AsyncOperation: 	at hnyy.run(:com.google.android.gms@263234035@26.32.34 (260400-968093310):23)
09-07 19:57:29.473  3867 16905 W AsyncOperation: 	at bnli.d(:com.google.android.gms@263234035@26.32.34 (260400-968093310):50)
09-07 19:57:29.473  3867 16905 W AsyncOperation: 	at bnli.c(:com.google.android.gms@263234035@26.32.34 (260400-968093310):6)
09-07 19:57:29.473  3867 16905 W AsyncOperation: 	at bnli.run(:com.google.android.gms@263234035@26.32.34 (260400-968093310):33)
09-07 19:57:29.473  3867 16905 W AsyncOperation: 	at java.util.concurrent.ThreadPoolExecutor.runWorker(ThreadPoolExecutor.java:1100)
09-07 19:57:29.473  3867 16905 W AsyncOperation: 	at java.util.concurrent.ThreadPoolExecutor$Worker.run(ThreadPoolExecutor.java:624)
09-07 19:57:29.473  3867 16905 W AsyncOperation: 	at bnri.run(:com.google.android.gms@263234035@26.32.34 (260400-968093310):8)
09-07 19:57:29.473  3867 16905 W AsyncOperation: 	at java.lang.Thread.run(Thread.java:1572)
09-07 19:57:29.426 16598 16668 I SQLiteConnection: Long db operation: /data/user/0/com.google.android.apps.restore/no_backup/androidx.work.workdb
09-07 19:57:29.479  3867  4458 I FontLog : (REDACTED) Received query %s, URI %s
09-07 19:57:29.480  3867  4458 I FontLog : (REDACTED) Query [%s] resolved to %s
09-07 19:57:29.498  3867 16905 W PhBaseOp: Phenotype API error. Event: # jdpr@6f505b47, EventCode: COMMIT_CONFIG [CONTEXT service_id=51 ]
09-07 19:57:29.498  3867 16905 W PhBaseOp: fmaa: 29503
09-07 19:57:29.498  3867 16905 W PhBaseOp: 	at fmcd.d(:com.google.android.gms@263234035@26.32.34 (260400-968093310):162)
09-07 19:57:29.498  3867 16905 W PhBaseOp: 	at fmcd.b(:com.google.android.gms@263234035@26.32.34 (260400-968093310):44)
09-07 19:57:29.498  3867 16905 W PhBaseOp: 	at fmcc.i(:com.google.android.gms@263234035@26.32.34 (260400-968093310):3)
09-07 19:57:29.498  3867 16905 W PhBaseOp: 	at fmby.h(:com.google.android.gms@263234035@26.32.34 (260400-968093310):34)
09-07 19:57:29.498  3867 16905 W PhBaseOp: 	at fmby.f(:com.google.android.gms@263234035@26.32.34 (260400-968093310):16)
09-07 19:57:29.498  3867 16905 W PhBaseOp: 	at dgbf.fw(:com.google.android.gms@263234035@26.32.34 (260400-968093310):1)
09-07 19:57:29.498  3867 16905 W PhBaseOp: 	at dgbr.run(:com.google.android.gms@263234035@26.32.34 (260400-968093310):122)
09-07 19:57:29.498  3867 16905 W PhBaseOp: 	at hnyy.run(:com.google.android.gms@263234035@26.32.34 (260400-968093310):23)
09-07 19:57:29.498  3867 16905 W PhBaseOp: 	at bnli.d(:com.google.android.gms@263234035@26.32.34 (260400-968093310):50)
09-07 19:57:29.498  3867 16905 W PhBaseOp: 	at bnli.c(:com.google.android.gms@263234035@26.32.34 (260400-968093310):6)
09-07 19:57:29.498  3867 16905 W PhBaseOp: 	at bnli.run(:com.google.android.gms@263234035@26.32.34 (260400-968093310):33)
09-07 19:57:29.498  3867 16905 W PhBaseOp: 	at java.util.concurrent.ThreadPoolExecutor.runWorker(ThreadPoolExecutor.java:1100)
09-07 19:57:29.498  3867 16905 W PhBaseOp: 	at java.util.concurrent.ThreadPoolExecutor$Worker.run(ThreadPoolExecutor.java:624)
09-07 19:57:29.498  3867 16905 W PhBaseOp: 	at bnri.run(:com.google.android.gms@263234035@26.32.34 (260400-968093310):8)
09-07 19:57:29.498  3867 16905 W PhBaseOp: 	at java.lang.Thread.run(Thread.java:1572)
09-07 19:57:29.499  3867 16905 W AsyncOperation: operation=CommitToConfigurationOperationCall, opStatusCode=29503 [CONTEXT service_id=51 ]
09-07 19:57:29.499  3867 16905 W AsyncOperation: OperationException[Status{statusCode=unknown status code: 29503, resolution=null}]
09-07 19:57:29.499  3867 16905 W AsyncOperation: 	at fmby.h(:com.google.android.gms@263234035@26.32.34 (260400-968093310):63)
09-07 19:57:29.499  3867 16905 W AsyncOperation: 	at fmby.f(:com.google.android.gms@263234035@26.32.34 (260400-968093310):16)
09-07 19:57:29.499  3867 16905 W AsyncOperation: 	at dgbf.fw(:com.google.android.gms@263234035@26.32.34 (260400-968093310):1)
09-07 19:57:29.499  3867 16905 W AsyncOperation: 	at dgbr.run(:com.google.android.gms@263234035@26.32.34 (260400-968093310):122)
09-07 19:57:29.499  3867 16905 W AsyncOperation: 	at hnyy.run(:com.google.android.gms@263234035@26.32.34 (260400-968093310):23)
09-07 19:57:29.499  3867 16905 W AsyncOperation: 	at bnli.d(:com.google.android.gms@263234035@26.32.34 (260400-968093310):50)
09-07 19:57:29.499  3867 16905 W AsyncOperation: 	at bnli.c(:com.google.android.gms@263234035@26.32.34 (260400-968093310):6)
09-07 19:57:29.499  3867 16905 W AsyncOperation: 	at bnli.run(:com.google.android.gms@263234035@26.32.34 (260400-968093310):33)
09-07 19:57:29.499  3867 16905 W AsyncOperation: 	at java.util.concurrent.ThreadPoolExecutor.runWorker(ThreadPoolExecutor.java:1100)
09-07 19:57:29.499  3867 16905 W AsyncOperation: 	at java.util.concurrent.ThreadPoolExecutor$Worker.run(ThreadPoolExecutor.java:624)
09-07 19:57:29.499  3867 16905 W AsyncOperation: 	at bnri.run(:com.google.android.gms@263234035@26.32.34 (260400-968093310):8)
09-07 19:57:29.499  3867 16905 W AsyncOperation: 	at java.lang.Thread.run(Thread.java:1572)
09-07 19:57:29.517  3867 15145 W PhBaseOp: Phenotype API error. Event: # jdpr@ae340d37, EventCode: COMMIT_CONFIG [CONTEXT service_id=51 ]
09-07 19:57:29.517  3867 15145 W PhBaseOp: fmaa: 29503
09-07 19:57:29.517  3867 15145 W PhBaseOp: 	at fmcd.d(:com.google.android.gms@263234035@26.32.34 (260400-968093310):162)
09-07 19:57:29.517  3867 15145 W PhBaseOp: 	at fmcd.b(:com.google.android.gms@263234035@26.32.34 (260400-968093310):44)
09-07 19:57:29.517  3867 15145 W PhBaseOp: 	at fmcc.i(:com.google.android.gms@263234035@26.32.34 (260400-968093310):3)
09-07 19:57:29.517  3867 15145 W PhBaseOp: 	at fmby.h(:com.google.android.gms@263234035@26.32.34 (260400-968093310):34)
09-07 19:57:29.517  3867 15145 W PhBaseOp: 	at fmby.f(:com.google.android.gms@263234035@26.32.34 (260400-968093310):16)
09-07 19:57:29.517  3867 15145 W PhBaseOp: 	at dgbf.fw(:com.google.android.gms@263234035@26.32.34 (260400-968093310):1)
09-07 19:57:29.517  3867 15145 W PhBaseOp: 	at dgbr.run(:com.google.android.gms@263234035@26.32.34 (260400-968093310):122)
09-07 19:57:29.517  3867 15145 W PhBaseOp: 	at hnyy.run(:com.google.android.gms@263234035@26.32.34 (260400-968093310):23)
09-07 19:57:29.517  3867 15145 W PhBaseOp: 	at bnli.d(:com.google.android.gms@263234035@26.32.34 (260400-968093310):50)
09-07 19:57:29.517  3867 15145 W PhBaseOp: 	at bnli.c(:com.google.android.gms@263234035@26.32.34 (260400-968093310):6)
09-07 19:57:29.517  3867 15145 W PhBaseOp: 	at bnli.run(:com.google.android.gms@263234035@26.32.34 (260400-968093310):33)
09-07 19:57:29.517  3867 15145 W PhBaseOp: 	at java.util.concurrent.ThreadPoolExecutor.runWorker(ThreadPoolExecutor.java:1100)
09-07 19:57:29.517  3867 15145 W PhBaseOp: 	at java.util.concurrent.ThreadPoolExecutor$Worker.run(ThreadPoolExecutor.java:624)
09-07 19:57:29.517  3867 15145 W PhBaseOp: 	at bnri.run(:com.google.android.gms@263234035@26.32.34 (260400-968093310):8)
09-07 19:57:29.517  3867 15145 W PhBaseOp: 	at java.lang.Thread.run(Thread.java:1572)
09-07 19:57:29.510  3867  4458 I FontLog : (REDACTED) Fetch %s end status %s
09-07 19:57:29.521  3867 18203 W PhBaseOp: Phenotype API error. Event: # jdpr@7089a2e4, EventCode: COMMIT_CONFIG [CONTEXT service_id=51 ]
09-07 19:57:29.521  3867 18203 W PhBaseOp: fmaa: 29503
09-07 19:57:29.521  3867 18203 W PhBaseOp: 	at fmcd.d(:com.google.android.gms@263234035@26.32.34 (260400-968093310):162)
09-07 19:57:29.521  3867 18203 W PhBaseOp: 	at fmcd.b(:com.google.android.gms@263234035@26.32.34 (260400-968093310):44)
09-07 19:57:29.521  3867 18203 W PhBaseOp: 	at fmcc.i(:com.google.android.gms@263234035@26.32.34 (260400-968093310):3)
09-07 19:57:29.521  3867 18203 W PhBaseOp: 	at fmby.h(:com.google.android.gms@263234035@26.32.34 (260400-968093310):34)
09-07 19:57:29.521  3867 18203 W PhBaseOp: 	at fmby.f(:com.google.android.gms@263234035@26.32.34 (260400-968093310):16)
09-07 19:57:29.521  3867 18203 W PhBaseOp: 	at dgbf.fw(:com.google.android.gms@263234035@26.32.34 (260400-968093310):1)
09-07 19:57:29.521  3867 18203 W PhBaseOp: 	at dgbr.run(:com.google.android.gms@263234035@26.32.34 (260400-968093310):122)
09-07 19:57:29.521  3867 18203 W PhBaseOp: 	at hnyy.run(:com.google.android.gms@263234035@26.32.34 (260400-968093310):23)
09-07 19:57:29.521  3867 18203 W PhBaseOp: 	at bnli.d(:com.google.android.gms@263234035@26.32.34 (260400-968093310):50)
09-07 19:57:29.521  3867 18203 W PhBaseOp: 	at bnli.c(:com.google.android.gms@263234035@26.32.34 (260400-968093310):6)
09-07 19:57:29.521  3867 18203 W PhBaseOp: 	at bnli.run(:com.google.android.gms@263234035@26.32.34 (260400-968093310):33)
09-07 19:57:29.521  3867 18203 W PhBaseOp: 	at java.util.concurrent.ThreadPoolExecutor.runWorker(ThreadPoolExecutor.java:1100)
09-07 19:57:29.521  3867 18203 W PhBaseOp: 	at java.util.concurrent.ThreadPoolExecutor$Worker.run(ThreadPoolExecutor.java:624)
09-07 19:57:29.521  3867 18203 W PhBaseOp: 	at bnri.run(:com.google.android.gms@263234035@26.32.34 (260400-968093310):8)
09-07 19:57:29.521  3867 18203 W PhBaseOp: 	at java.lang.Thread.run(Thread.java:1572)
09-07 19:57:29.521  3867 15145 W AsyncOperation: operation=CommitToConfigurationOperationCall, opStatusCode=29503 [CONTEXT service_id=51 ]
09-07 19:57:29.521  3867 15145 W AsyncOperation: OperationException[Status{statusCode=unknown status code: 29503, resolution=null}]
09-07 19:57:29.521  3867 15145 W AsyncOperation: 	at fmby.h(:com.google.android.gms@263234035@26.32.34 (260400-968093310):63)
09-07 19:57:29.521  3867 15145 W AsyncOperation: 	at fmby.f(:com.google.android.gms@263234035@26.32.34 (260400-968093310):16)
09-07 19:57:29.521  3867 15145 W AsyncOperation: 	at dgbf.fw(:com.google.android.gms@263234035@26.32.34 (260400-968093310):1)
09-07 19:57:29.521  3867 15145 W AsyncOperation: 	at dgbr.run(:com.google.android.gms@263234035@26.32.34 (260400-968093310):122)
09-07 19:57:29.521  3867 15145 W AsyncOperation: 	at hnyy.run(:com.google.android.gms@263234035@26.32.34 (260400-968093310):23)
09-07 19:57:29.521  3867 15145 W AsyncOperation: 	at bnli.d(:com.google.android.gms@263234035@26.32.34 (260400-968093310):50)
09-07 19:57:29.521  3867 15145 W AsyncOperation: 	at bnli.c(:com.google.android.gms@263234035@26.32.34 (260400-968093310):6)
09-07 19:57:29.521  3867 15145 W AsyncOperation: 	at bnli.run(:com.google.android.gms@263234035@26.32.34 (260400-968093310):33)
09-07 19:57:29.521  3867 15145 W AsyncOperation: 	at java.util.concurrent.ThreadPoolExecutor.runWorker(ThreadPoolExecutor.java:1100)
09-07 19:57:29.521  3867 15145 W AsyncOperation: 	at java.util.concurrent.ThreadPoolExecutor$Worker.run(ThreadPoolExecutor.java:624)
09-07 19:57:29.521  3867 15145 W AsyncOperation: 	at bnri.run(:com.google.android.gms@263234035@26.32.34 (260400-968093310):8)
09-07 19:57:29.521  3867 15145 W AsyncOperation: 	at java.lang.Thread.run(Thread.java:1572)
09-07 19:57:29.522 18187 18187 I .nbu.paisa.user: AssetManager2(0xb400007395e1f118) locale list changing from [] to [en-IN]
09-07 19:57:29.525 17589 17791 W droid.apps.docs: Suspending all threads took: 682.836ms
09-07 19:57:29.529  3867 18203 W AsyncOperation: operation=CommitToConfigurationOperationCall, opStatusCode=29503 [CONTEXT service_id=51 ]
09-07 19:57:29.529  3867 18203 W AsyncOperation: OperationException[Status{statusCode=unknown status code: 29503, resolution=null}]
09-07 19:57:29.529  3867 18203 W AsyncOperation: 	at fmby.h(:com.google.android.gms@263234035@26.32.34 (260400-968093310):63)
09-07 19:57:29.529  3867 18203 W AsyncOperation: 	at fmby.f(:com.google.android.gms@263234035@26.32.34 (260400-968093310):16)
09-07 19:57:29.529  3867 18203 W AsyncOperation: 	at dgbf.fw(:com.google.android.gms@263234035@26.32.34 (260400-968093310):1)
09-07 19:57:29.529  3867 18203 W AsyncOperation: 	at dgbr.run(:com.google.android.gms@263234035@26.32.34 (260400-968093310):122)
09-07 19:57:29.529  3867 18203 W AsyncOperation: 	at hnyy.run(:com.google.android.gms@263234035@26.32.34 (260400-968093310):23)
09-07 19:57:29.529  3867 18203 W AsyncOperation: 	at bnli.d(:com.google.android.gms@263234035@26.32.34 (260400-968093310):50)
09-07 19:57:29.529  3867 18203 W AsyncOperation: 	at bnli.c(:com.google.android.gms@263234035@26.32.34 (260400-968093310):6)
09-07 19:57:29.529  3867 18203 W AsyncOperation: 	at bnli.run(:com.google.android.gms@263234035@26.32.34 (260400-968093310):33)
09-07 19:57:29.529  3867 18203 W AsyncOperation: 	at java.util.concurrent.ThreadPoolExecutor.runWorker(ThreadPoolExecutor.java:1100)
09-07 19:57:29.529  3867 18203 W AsyncOperation: 	at java.util.concurrent.ThreadPoolExecutor$Worker.run(ThreadPoolExecutor.java:624)
09-07 19:57:29.529  3867 18203 W AsyncOperation: 	at bnri.run(:com.google.android.gms@263234035@26.32.34 (260400-968093310):8)
09-07 19:57:29.529  3867 18203 W AsyncOperation: 	at java.lang.Thread.run(Thread.java:1572)
09-07 19:57:29.611  3867  5811 I FontLog : (REDACTED) Pulling font file for id = %d, cache size = %d
09-07 19:57:29.655  3867 18203 W PhBaseOp: Phenotype API error. Event: # jdpr@64680651, EventCode: COMMIT_CONFIG [CONTEXT service_id=51 ]
09-07 19:57:29.655  3867 18203 W PhBaseOp: fmaa: 29503
09-07 19:57:29.655  3867 18203 W PhBaseOp: 	at fmcd.d(:com.google.android.gms@263234035@26.32.34 (260400-968093310):162)
09-07 19:57:29.655  3867 18203 W PhBaseOp: 	at fmcd.b(:com.google.android.gms@263234035@26.32.34 (260400-968093310):44)
09-07 19:57:29.655  3867 18203 W PhBaseOp: 	at fmcc.i(:com.google.android.gms@263234035@26.32.34 (260400-968093310):3)
09-07 19:57:29.655  3867 18203 W PhBaseOp: 	at fmby.h(:com.google.android.gms@263234035@26.32.34 (260400-968093310):34)
09-07 19:57:29.655  3867 18203 W PhBaseOp: 	at fmby.f(:com.google.android.gms@263234035@26.32.34 (260400-968093310):16)
09-07 19:57:29.655  3867 18203 W PhBaseOp: 	at dgbf.fw(:com.google.android.gms@263234035@26.32.34 (260400-968093310):1)
09-07 19:57:29.655  3867 18203 W PhBaseOp: 	at dgbr.run(:com.google.android.gms@263234035@26.32.34 (260400-968093310):122)
09-07 19:57:29.655  3867 18203 W PhBaseOp: 	at hnyy.run(:com.google.android.gms@263234035@26.32.34 (260400-968093310):23)
09-07 19:57:29.655  3867 18203 W PhBaseOp: 	at bnli.d(:com.google.android.gms@263234035@26.32.34 (260400-968093310):50)
09-07 19:57:29.655  3867 18203 W PhBaseOp: 	at bnli.c(:com.google.android.gms@263234035@26.32.34 (260400-968093310):6)
09-07 19:57:29.655  3867 18203 W PhBaseOp: 	at bnli.run(:com.google.android.gms@263234035@26.32.34 (260400-968093310):33)
09-07 19:57:29.655  3867 18203 W PhBaseOp: 	at java.util.concurrent.ThreadPoolExecutor.runWorker(ThreadPoolExecutor.java:1100)
09-07 19:57:29.655  3867 18203 W PhBaseOp: 	at java.util.concurrent.ThreadPoolExecutor$Worker.run(ThreadPoolExecutor.java:624)
09-07 19:57:29.655  3867 18203 W PhBaseOp: 	at bnri.run(:com.google.android.gms@263234035@26.32.34 (260400-968093310):8)
09-07 19:57:29.655  3867 18203 W PhBaseOp: 	at java.lang.Thread.run(Thread.java:1572)
09-07 19:57:29.655  3867 18203 W AsyncOperation: operation=CommitToConfigurationOperationCall, opStatusCode=29503 [CONTEXT service_id=51 ]
09-07 19:57:29.655  3867 18203 W AsyncOperation: OperationException[Status{statusCode=unknown status code: 29503, resolution=null}]
09-07 19:57:29.655  3867 18203 W AsyncOperation: 	at fmby.h(:com.google.android.gms@263234035@26.32.34 (260400-968093310):63)
09-07 19:57:29.655  3867 18203 W AsyncOperation: 	at fmby.f(:com.google.android.gms@263234035@26.32.34 (260400-968093310):16)
09-07 19:57:29.655  3867 18203 W AsyncOperation: 	at dgbf.fw(:com.google.android.gms@263234035@26.32.34 (260400-968093310):1)
09-07 19:57:29.655  3867 18203 W AsyncOperation: 	at dgbr.run(:com.google.android.gms@263234035@26.32.34 (260400-968093310):122)
09-07 19:57:29.655  3867 18203 W AsyncOperation: 	at hnyy.run(:com.google.android.gms@263234035@26.32.34 (260400-968093310):23)
09-07 19:57:29.655  3867 18203 W AsyncOperation: 	at bnli.d(:com.google.android.gms@263234035@26.32.34 (260400-968093310):50)
09-07 19:57:29.655  3867 18203 W AsyncOperation: 	at bnli.c(:com.google.android.gms@263234035@26.32.34 (260400-968093310):6)
09-07 19:57:29.655  3867 18203 W AsyncOperation: 	at bnli.run(:com.google.android.gms@263234035@26.32.34 (260400-968093310):33)
09-07 19:57:29.655  3867 18203 W AsyncOperation: 	at java.util.concurrent.ThreadPoolExecutor.runWorker(ThreadPoolExecutor.java:1100)
09-07 19:57:29.655  3867 18203 W AsyncOperation: 	at java.util.concurrent.ThreadPoolExecutor$Worker.run(ThreadPoolExecutor.java:624)
09-07 19:57:29.655  3867 18203 W AsyncOperation: 	at bnri.run(:com.google.android.gms@263234035@26.32.34 (260400-968093310):8)
09-07 19:57:29.655  3867 18203 W AsyncOperation: 	at java.lang.Thread.run(Thread.java:1572)
09-07 19:57:29.723  3867 18203 W PhBaseOp: Phenotype API error. Event: # jdpr@51df176f, EventCode: COMMIT_CONFIG [CONTEXT service_id=51 ]
09-07 19:57:29.723  3867 18203 W PhBaseOp: fmaa: 29503
09-07 19:57:29.723  3867 18203 W PhBaseOp: 	at fmcd.d(:com.google.android.gms@263234035@26.32.34 (260400-968093310):162)
09-07 19:57:29.723  3867 18203 W PhBaseOp: 	at fmcd.b(:com.google.android.gms@263234035@26.32.34 (260400-968093310):44)
09-07 19:57:29.723  3867 18203 W PhBaseOp: 	at fmcc.i(:com.google.android.gms@263234035@26.32.34 (260400-968093310):3)
09-07 19:57:29.723  3867 18203 W PhBaseOp: 	at fmby.h(:com.google.android.gms@263234035@26.32.34 (260400-968093310):34)
09-07 19:57:29.723  3867 18203 W PhBaseOp: 	at fmby.f(:com.google.android.gms@263234035@26.32.34 (260400-968093310):16)
09-07 19:57:29.723  3867 18203 W PhBaseOp: 	at dgbf.fw(:com.google.android.gms@263234035@26.32.34 (260400-968093310):1)
09-07 19:57:29.723  3867 18203 W PhBaseOp: 	at dgbr.run(:com.google.android.gms@263234035@26.32.34 (260400-968093310):122)
09-07 19:57:29.723  3867 18203 W PhBaseOp: 	at hnyy.run(:com.google.android.gms@263234035@26.32.34 (260400-968093310):23)
09-07 19:57:29.723  3867 18203 W PhBaseOp: 	at bnli.d(:com.google.android.gms@263234035@26.32.34 (260400-968093310):50)
09-07 19:57:29.723  3867 18203 W PhBaseOp: 	at bnli.c(:com.google.android.gms@263234035@26.32.34 (260400-968093310):6)
09-07 19:57:29.723  3867 18203 W PhBaseOp: 	at bnli.run(:com.google.android.gms@263234035@26.32.34 (260400-968093310):33)
09-07 19:57:29.723  3867 18203 W PhBaseOp: 	at java.util.concurrent.ThreadPoolExecutor.runWorker(ThreadPoolExecutor.java:1100)
09-07 19:57:29.723  3867 18203 W PhBaseOp: 	at java.util.concurrent.ThreadPoolExecutor$Worker.run(ThreadPoolExecutor.java:624)
09-07 19:57:29.723  3867 18203 W PhBaseOp: 	at bnri.run(:com.google.android.gms@263234035@26.32.34 (260400-968093310):8)
09-07 19:57:29.723  3867 18203 W PhBaseOp: 	at java.lang.Thread.run(Thread.java:1572)
09-07 19:57:29.724  3867 18203 W AsyncOperation: operation=CommitToConfigurationOperationCall, opStatusCode=29503 [CONTEXT service_id=51 ]
09-07 19:57:29.724  3867 18203 W AsyncOperation: OperationException[Status{statusCode=unknown status code: 29503, resolution=null}]
09-07 19:57:29.724  3867 18203 W AsyncOperation: 	at fmby.h(:com.google.android.gms@263234035@26.32.34 (260400-968093310):63)
09-07 19:57:29.724  3867 18203 W AsyncOperation: 	at fmby.f(:com.google.android.gms@263234035@26.32.34 (260400-968093310):16)
09-07 19:57:29.724  3867 18203 W AsyncOperation: 	at dgbf.fw(:com.google.android.gms@263234035@26.32.34 (260400-968093310):1)
09-07 19:57:29.724  3867 18203 W AsyncOperation: 	at dgbr.run(:com.google.android.gms@263234035@26.32.34 (260400-968093310):122)
09-07 19:57:29.724  3867 18203 W AsyncOperation: 	at hnyy.run(:com.google.android.gms@263234035@26.32.34 (260400-968093310):23)
09-07 19:57:29.724  3867 18203 W AsyncOperation: 	at bnli.d(:com.google.android.gms@263234035@26.32.34 (260400-968093310):50)
09-07 19:57:29.724  3867 18203 W AsyncOperation: 	at bnli.c(:com.google.android.gms@263234035@26.32.34 (260400-968093310):6)
09-07 19:57:29.724  3867 18203 W AsyncOperation: 	at bnli.run(:com.google.android.gms@263234035@26.32.34 (260400-968093310):33)
09-07 19:57:29.724  3867 18203 W AsyncOperation: 	at java.util.concurrent.ThreadPoolExecutor.runWorker(ThreadPoolExecutor.java:1100)
09-07 19:57:29.724  3867 18203 W AsyncOperation: 	at java.util.concurrent.ThreadPoolExecutor$Worker.run(ThreadPoolExecutor.java:624)
09-07 19:57:29.724  3867 18203 W AsyncOperation: 	at bnri.run(:com.google.android.gms@263234035@26.32.34 (260400-968093310):8)
09-07 19:57:29.724  3867 18203 W AsyncOperation: 	at java.lang.Thread.run(Thread.java:1572)
09-07 19:57:29.745  3867 18203 W PhBaseOp: Phenotype API error. Event: # jdpr@db0b297e, EventCode: COMMIT_CONFIG [CONTEXT service_id=51 ]
09-07 19:57:29.745  3867 18203 W PhBaseOp: fmaa: 29503
09-07 19:57:29.745  3867 18203 W PhBaseOp: 	at fmcd.d(:com.google.android.gms@263234035@26.32.34 (260400-968093310):162)
09-07 19:57:29.745  3867 18203 W PhBaseOp: 	at fmcd.b(:com.google.android.gms@263234035@26.32.34 (260400-968093310):44)
09-07 19:57:29.745  3867 18203 W PhBaseOp: 	at fmcc.i(:com.google.android.gms@263234035@26.32.34 (260400-968093310):3)
09-07 19:57:29.745  3867 18203 W PhBaseOp: 	at fmby.h(:com.google.android.gms@263234035@26.32.34 (260400-968093310):34)
09-07 19:57:29.745  3867 18203 W PhBaseOp: 	at fmby.f(:com.google.android.gms@263234035@26.32.34 (260400-968093310):16)
09-07 19:57:29.745  3867 18203 W PhBaseOp: 	at dgbf.fw(:com.google.android.gms@263234035@26.32.34 (260400-968093310):1)
09-07 19:57:29.745  3867 18203 W PhBaseOp: 	at dgbr.run(:com.google.android.gms@263234035@26.32.34 (260400-968093310):122)
09-07 19:57:29.745  3867 18203 W PhBaseOp: 	at hnyy.run(:com.google.android.gms@263234035@26.32.34 (260400-968093310):23)
09-07 19:57:29.745  3867 18203 W PhBaseOp: 	at bnli.d(:com.google.android.gms@263234035@26.32.34 (260400-968093310):50)
09-07 19:57:29.745  3867 18203 W PhBaseOp: 	at bnli.c(:com.google.android.gms@263234035@26.32.34 (260400-968093310):6)
09-07 19:57:29.745  3867 18203 W PhBaseOp: 	at bnli.run(:com.google.android.gms@263234035@26.32.34 (260400-968093310):33)
09-07 19:57:29.745  3867 18203 W PhBaseOp: 	at java.util.concurrent.ThreadPoolExecutor.runWorker(ThreadPoolExecutor.java:1100)
09-07 19:57:29.745  3867 18203 W PhBaseOp: 	at java.util.concurrent.ThreadPoolExecutor$Worker.run(ThreadPoolExecutor.java:624)
09-07 19:57:29.745  3867 18203 W PhBaseOp: 	at bnri.run(:com.google.android.gms@263234035@26.32.34 (260400-968093310):8)
09-07 19:57:29.745  3867 18203 W PhBaseOp: 	at java.lang.Thread.run(Thread.java:1572)
09-07 19:57:29.745  3867 18203 W AsyncOperation: operation=CommitToConfigurationOperationCall, opStatusCode=29503 [CONTEXT service_id=51 ]
09-07 19:57:29.745  3867 18203 W AsyncOperation: OperationException[Status{statusCode=unknown status code: 29503, resolution=null}]
09-07 19:57:29.745  3867 18203 W AsyncOperation: 	at fmby.h(:com.google.android.gms@263234035@26.32.34 (260400-968093310):63)
09-07 19:57:29.745  3867 18203 W AsyncOperation: 	at fmby.f(:com.google.android.gms@263234035@26.32.34 (260400-968093310):16)
09-07 19:57:29.745  3867 18203 W AsyncOperation: 	at dgbf.fw(:com.google.android.gms@263234035@26.32.34 (260400-968093310):1)
09-07 19:57:29.745  3867 18203 W AsyncOperation: 	at dgbr.run(:com.google.android.gms@263234035@26.32.34 (260400-968093310):122)
09-07 19:57:29.745  3867 18203 W AsyncOperation: 	at hnyy.run(:com.google.android.gms@263234035@26.32.34 (260400-968093310):23)
09-07 19:57:29.745  3867 18203 W AsyncOperation: 	at bnli.d(:com.google.android.gms@263234035@26.32.34 (260400-968093310):50)
09-07 19:57:29.745  3867 18203 W AsyncOperation: 	at bnli.c(:com.google.android.gms@263234035@26.32.34 (260400-968093310):6)
09-07 19:57:29.745  3867 18203 W AsyncOperation: 	at bnli.run(:com.google.android.gms@263234035@26.32.34 (260400-968093310):33)
09-07 19:57:29.745  3867 18203 W AsyncOperation: 	at java.util.concurrent.ThreadPoolExecutor.runWorker(ThreadPoolExecutor.java:1100)
09-07 19:57:29.745  3867 18203 W AsyncOperation: 	at java.util.concurrent.ThreadPoolExecutor$Worker.run(ThreadPoolExecutor.java:624)
09-07 19:57:29.745  3867 18203 W AsyncOperation: 	at bnri.run(:com.google.android.gms@263234035@26.32.34 (260400-968093310):8)
09-07 19:57:29.745  3867 18203 W AsyncOperation: 	at java.lang.Thread.run(Thread.java:1572)
09-07 19:57:29.809  3867  5811 I FontLog : (REDACTED) Pulling font file for id = %d, cache size = %d
09-07 19:57:29.820 17164 17209 E android.youtube: [perfctl] 17164 17209 FPSGO ver:7
09-07 19:57:29.820 17164 17209 E android.youtube: [perfctl] 1 1 1 0
09-07 19:57:29.824 17105 17145 I SQLiteConnection: Long db operation: /data/user/0/com.google.android.gm/no_backup/androidx.work.workdb
09-07 19:57:29.836  3867 18203 W PhBaseOp: Phenotype API error. Event: # jdpr@2507fb28, EventCode: COMMIT_CONFIG [CONTEXT service_id=51 ]
09-07 19:57:29.836  3867 18203 W PhBaseOp: fmaa: 29503
09-07 19:57:29.836  3867 18203 W PhBaseOp: 	at fmcd.d(:com.google.android.gms@263234035@26.32.34 (260400-968093310):162)
09-07 19:57:29.836  3867 18203 W PhBaseOp: 	at fmcd.b(:com.google.android.gms@263234035@26.32.34 (260400-968093310):44)
09-07 19:57:29.836  3867 18203 W PhBaseOp: 	at fmcc.i(:com.google.android.gms@263234035@26.32.34 (260400-968093310):3)
09-07 19:57:29.836  3867 18203 W PhBaseOp: 	at fmby.h(:com.google.android.gms@263234035@26.32.34 (260400-968093310):34)
09-07 19:57:29.836  3867 18203 W PhBaseOp: 	at fmby.f(:com.google.android.gms@263234035@26.32.34 (260400-968093310):16)
09-07 19:57:29.836  3867 18203 W PhBaseOp: 	at dgbf.fw(:com.google.android.gms@263234035@26.32.34 (260400-968093310):1)
09-07 19:57:29.836  3867 18203 W PhBaseOp: 	at dgbr.run(:com.google.android.gms@263234035@26.32.34 (260400-968093310):122)
09-07 19:57:29.836  3867 18203 W PhBaseOp: 	at hnyy.run(:com.google.android.gms@263234035@26.32.34 (260400-968093310):23)
09-07 19:57:29.836  3867 18203 W PhBaseOp: 	at bnli.d(:com.google.android.gms@263234035@26.32.34 (260400-968093310):50)
09-07 19:57:29.836  3867 18203 W PhBaseOp: 	at bnli.c(:com.google.android.gms@263234035@26.32.34 (260400-968093310):6)
09-07 19:57:29.836  3867 18203 W PhBaseOp: 	at bnli.run(:com.google.android.gms@263234035@26.32.34 (260400-968093310):33)
09-07 19:57:29.836  3867 18203 W PhBaseOp: 	at java.util.concurrent.ThreadPoolExecutor.runWorker(ThreadPoolExecutor.java:1100)
09-07 19:57:29.836  3867 18203 W PhBaseOp: 	at java.util.concurrent.ThreadPoolExecutor$Worker.run(ThreadPoolExecutor.java:624)
09-07 19:57:29.836  3867 18203 W PhBaseOp: 	at bnri.run(:com.google.android.gms@263234035@26.32.34 (260400-968093310):8)
09-07 19:57:29.836  3867 18203 W PhBaseOp: 	at java.lang.Thread.run(Thread.java:1572)
09-07 19:57:29.838  3867 18203 W AsyncOperation: operation=CommitToConfigurationOperationCall, opStatusCode=29503 [CONTEXT service_id=51 ]
09-07 19:57:29.838  3867 18203 W AsyncOperation: OperationException[Status{statusCode=unknown status code: 29503, resolution=null}]
09-07 19:57:29.838  3867 18203 W AsyncOperation: 	at fmby.h(:com.google.android.gms@263234035@26.32.34 (260400-968093310):63)
09-07 19:57:29.838  3867 18203 W AsyncOperation: 	at fmby.f(:com.google.android.gms@263234035@26.32.34 (260400-968093310):16)
09-07 19:57:29.838  3867 18203 W AsyncOperation: 	at dgbf.fw(:com.google.android.gms@263234035@26.32.34 (260400-968093310):1)
09-07 19:57:29.838  3867 18203 W AsyncOperation: 	at dgbr.run(:com.google.android.gms@263234035@26.32.34 (260400-968093310):122)
09-07 19:57:29.838  3867 18203 W AsyncOperation: 	at hnyy.run(:com.google.android.gms@263234035@26.32.34 (260400-968093310):23)
09-07 19:57:29.838  3867 18203 W AsyncOperation: 	at bnli.d(:com.google.android.gms@263234035@26.32.34 (260400-968093310):50)
09-07 19:57:29.838  3867 18203 W AsyncOperation: 	at bnli.c(:com.google.android.gms@263234035@26.32.34 (260400-968093310):6)
09-07 19:57:29.838  3867 18203 W AsyncOperation: 	at bnli.run(:com.google.android.gms@263234035@26.32.34 (260400-968093310):33)
09-07 19:57:29.838  3867 18203 W AsyncOperation: 	at java.util.concurrent.ThreadPoolExecutor.runWorker(ThreadPoolExecutor.java:1100)
09-07 19:57:29.838  3867 18203 W AsyncOperation: 	at java.util.concurrent.ThreadPoolExecutor$Worker.run(ThreadPoolExecutor.java:624)
09-07 19:57:29.838  3867 18203 W AsyncOperation: 	at bnri.run(:com.google.android.gms@263234035@26.32.34 (260400-968093310):8)
09-07 19:57:29.838  3867 18203 W AsyncOperation: 	at java.lang.Thread.run(Thread.java:1572)
09-07 19:57:29.921 18187 18187 W ProxyAndroidLoggerBackend: Too many Flogger logs received before configuration. Dropping old logs.
09-07 19:57:29.922 18187 18187 W ProxyAndroidLoggerBackend: Too many Flogger logs received before configuration. Dropping old logs.
09-07 19:57:29.923 18187 18187 W ProxyAndroidLoggerBackend: Too many Flogger logs received before configuration. Dropping old logs.
09-07 19:57:29.923 18187 18187 W ProxyAndroidLoggerBackend: Too many Flogger logs received before configuration. Dropping old logs.
09-07 19:57:29.924 18187 18187 W ProxyAndroidLoggerBackend: Too many Flogger logs received before configuration. Dropping old logs.
09-07 19:57:29.924 18187 18187 W ProxyAndroidLoggerBackend: Too many Flogger logs received before configuration. Dropping old logs.
09-07 19:57:29.925 18187 18187 W ProxyAndroidLoggerBackend: Too many Flogger logs received before configuration. Dropping old logs.
09-07 19:57:29.926 18187 18187 W ProxyAndroidLoggerBackend: Too many Flogger logs received before configuration. Dropping old logs.
09-07 19:57:29.927 18187 18187 W ProxyAndroidLoggerBackend: Too many Flogger logs received before configuration. Dropping old logs.
09-07 19:57:29.928 18187 18187 W ProxyAndroidLoggerBackend: Too many Flogger logs received before configuration. Dropping old logs.
09-07 19:57:29.929 18187 18187 W ProxyAndroidLoggerBackend: Too many Flogger logs received before configuration. Dropping old logs.
09-07 19:57:29.930 18187 18187 W ProxyAndroidLoggerBackend: Too many Flogger logs received before configuration. Dropping old logs.
09-07 19:57:29.931 18187 18187 W ProxyAndroidLoggerBackend: Too many Flogger logs received before configuration. Dropping old logs.
09-07 19:57:29.931 18187 18187 W ProxyAndroidLoggerBackend: Too many Flogger logs received before configuration. Dropping old logs.
09-07 19:57:29.932 18187 18187 W ProxyAndroidLoggerBackend: Too many Flogger logs received before configuration. Dropping old logs.
09-07 19:57:29.932 18187 18187 W ProxyAndroidLoggerBackend: Too many Flogger logs received before configuration. Dropping old logs.
09-07 19:57:29.933 18187 18187 W ProxyAndroidLoggerBackend: Too many Flogger logs received before configuration. Dropping old logs.
09-07 19:57:29.933 18187 18187 W ProxyAndroidLoggerBackend: Too many Flogger logs received before configuration. Dropping old logs.
09-07 19:57:29.933 18187 18187 W ProxyAndroidLoggerBackend: Too many Flogger logs received before configuration. Dropping old logs.
09-07 19:57:29.934 18187 18187 W ProxyAndroidLoggerBackend: Too many Flogger logs received before configuration. Dropping old logs.
09-07 19:57:29.934 18187 18187 W ProxyAndroidLoggerBackend: Too many Flogger logs received before configuration. Dropping old logs.
09-07 19:57:29.935 18187 18187 W ProxyAndroidLoggerBackend: Too many Flogger logs received before configuration. Dropping old logs.
09-07 19:57:29.936 18187 18187 W ProxyAndroidLoggerBackend: Too many Flogger logs received before configuration. Dropping old logs.
09-07 19:57:29.942 18187 18187 W ProxyAndroidLoggerBackend: Too many Flogger logs received before configuration. Dropping old logs.
09-07 19:57:29.942 18187 18187 W ProxyAndroidLoggerBackend: Too many Flogger logs received before configuration. Dropping old logs.
09-07 19:57:29.944 18187 18187 W ProxyAndroidLoggerBackend: Too many Flogger logs received before configuration. Dropping old logs.
09-07 19:57:29.944 18187 18187 W ProxyAndroidLoggerBackend: Too many Flogger logs received before configuration. Dropping old logs.
09-07 19:57:29.945 18187 18187 W ProxyAndroidLoggerBackend: Too many Flogger logs received before configuration. Dropping old logs.
09-07 19:57:29.949  3867 18203 W PhBaseOp: Phenotype API error. Event: # jdpr@42793f00, EventCode: COMMIT_CONFIG [CONTEXT service_id=51 ]
09-07 19:57:29.949  3867 18203 W PhBaseOp: fmaa: 29503
09-07 19:57:29.949  3867 18203 W PhBaseOp: 	at fmcd.d(:com.google.android.gms@263234035@26.32.34 (260400-968093310):162)
09-07 19:57:29.949  3867 18203 W PhBaseOp: 	at fmcd.b(:com.google.android.gms@263234035@26.32.34 (260400-968093310):44)
09-07 19:57:29.949  3867 18203 W PhBaseOp: 	at fmcc.i(:com.google.android.gms@263234035@26.32.34 (260400-968093310):3)
09-07 19:57:29.949  3867 18203 W PhBaseOp: 	at fmby.h(:com.google.android.gms@263234035@26.32.34 (260400-968093310):34)
09-07 19:57:29.949  3867 18203 W PhBaseOp: 	at fmby.f(:com.google.android.gms@263234035@26.32.34 (260400-968093310):16)
09-07 19:57:29.949  3867 18203 W PhBaseOp: 	at dgbf.fw(:com.google.android.gms@263234035@26.32.34 (260400-968093310):1)
09-07 19:57:29.949  3867 18203 W PhBaseOp: 	at dgbr.run(:com.google.android.gms@263234035@26.32.34 (260400-968093310):122)
09-07 19:57:29.949  3867 18203 W PhBaseOp: 	at hnyy.run(:com.google.android.gms@263234035@26.32.34 (260400-968093310):23)
09-07 19:57:29.949  3867 18203 W PhBaseOp: 	at bnli.d(:com.google.android.gms@263234035@26.32.34 (260400-968093310):50)
09-07 19:57:29.949  3867 18203 W PhBaseOp: 	at bnli.c(:com.google.android.gms@263234035@26.32.34 (260400-968093310):6)
09-07 19:57:29.949  3867 18203 W PhBaseOp: 	at bnli.run(:com.google.android.gms@263234035@26.32.34 (260400-968093310):33)
09-07 19:57:29.949  3867 18203 W PhBaseOp: 	at java.util.concurrent.ThreadPoolExecutor.runWorker(ThreadPoolExecutor.java:1100)
09-07 19:57:29.949  3867 18203 W PhBaseOp: 	at java.util.concurrent.ThreadPoolExecutor$Worker.run(ThreadPoolExecutor.java:624)
09-07 19:57:29.949  3867 18203 W PhBaseOp: 	at bnri.run(:com.google.android.gms@263234035@26.32.34 (260400-968093310):8)
09-07 19:57:29.949  3867 18203 W PhBaseOp: 	at java.lang.Thread.run(Thread.java:1572)
09-07 19:57:29.950  3867 18203 W AsyncOperation: operation=CommitToConfigurationOperationCall, opStatusCode=29503 [CONTEXT service_id=51 ]
09-07 19:57:29.950  3867 18203 W AsyncOperation: OperationException[Status{statusCode=unknown status code: 29503, resolution=null}]
09-07 19:57:29.950  3867 18203 W AsyncOperation: 	at fmby.h(:com.google.android.gms@263234035@26.32.34 (260400-968093310):63)
09-07 19:57:29.950  3867 18203 W AsyncOperation: 	at fmby.f(:com.google.android.gms@263234035@26.32.34 (260400-968093310):16)
09-07 19:57:29.950  3867 18203 W AsyncOperation: 	at dgbf.fw(:com.google.android.gms@263234035@26.32.34 (260400-968093310):1)
09-07 19:57:29.950  3867 18203 W AsyncOperation: 	at dgbr.run(:com.google.android.gms@263234035@26.32.34 (260400-968093310):122)
09-07 19:57:29.950  3867 18203 W AsyncOperation: 	at hnyy.run(:com.google.android.gms@263234035@26.32.34 (260400-968093310):23)
09-07 19:57:29.950  3867 18203 W AsyncOperation: 	at bnli.d(:com.google.android.gms@263234035@26.32.34 (260400-968093310):50)
09-07 19:57:29.950  3867 18203 W AsyncOperation: 	at bnli.c(:com.google.android.gms@263234035@26.32.34 (260400-968093310):6)
09-07 19:57:29.950  3867 18203 W AsyncOperation: 	at bnli.run(:com.google.android.gms@263234035@26.32.34 (260400-968093310):33)
09-07 19:57:29.950  3867 18203 W AsyncOperation: 	at java.util.concurrent.ThreadPoolExecutor.runWorker(ThreadPoolExecutor.java:1100)
09-07 19:57:29.950  3867 18203 W AsyncOperation: 	at java.util.concurrent.ThreadPoolExecutor$Worker.run(ThreadPoolExecutor.java:624)
09-07 19:57:29.950  3867 18203 W AsyncOperation: 	at bnri.run(:com.google.android.gms@263234035@26.32.34 (260400-968093310):8)
09-07 19:57:29.950  3867 18203 W AsyncOperation: 	at java.lang.Thread.run(Thread.java:1572)
09-07 19:57:29.950 18187 18187 W ProxyAndroidLoggerBackend: Too many Flogger logs received before configuration. Dropping old logs.
09-07 19:57:29.951 18187 18187 W ProxyAndroidLoggerBackend: Too many Flogger logs received before configuration. Dropping old logs.
09-07 19:57:29.958 18187 18187 W ProxyAndroidLoggerBackend: Too many Flogger logs received before configuration. Dropping old logs.
09-07 19:57:29.961 18187 18187 W ProxyAndroidLoggerBackend: Too many Flogger logs received before configuration. Dropping old logs.
09-07 19:57:29.961 18187 18187 W ProxyAndroidLoggerBackend: Too many Flogger logs received before configuration. Dropping old logs.
09-07 19:57:29.962 18187 18187 W ProxyAndroidLoggerBackend: Too many Flogger logs received before configuration. Dropping old logs.
09-07 19:57:29.968 18187 18187 W ProxyAndroidLoggerBackend: Too many Flogger logs received before configuration. Dropping old logs.
09-07 19:57:29.973 18187 18187 W ProxyAndroidLoggerBackend: Too many Flogger logs received before configuration. Dropping old logs.
09-07 19:57:29.979 18187 18187 W ProxyAndroidLoggerBackend: Too many Flogger logs received before configuration. Dropping old logs.
09-07 19:57:29.980 18187 18187 W ProxyAndroidLoggerBackend: Too many Flogger logs received before configuration. Dropping old logs.
09-07 19:57:29.981 18187 18187 W ProxyAndroidLoggerBackend: Too many Flogger logs received before configuration. Dropping old logs.
09-07 19:57:29.981 18187 18187 W ProxyAndroidLoggerBackend: Too many Flogger logs received before configuration. Dropping old logs.
09-07 19:57:29.982 18187 18187 W ProxyAndroidLoggerBackend: Too many Flogger logs received before configuration. Dropping old logs.
09-07 19:57:29.982 18187 18187 W ProxyAndroidLoggerBackend: Too many Flogger logs received before configuration. Dropping old logs.
09-07 19:57:29.982 18187 18187 W ProxyAndroidLoggerBackend: Too many Flogger logs received before configuration. Dropping old logs.
09-07 19:57:29.983 18187 18187 W ProxyAndroidLoggerBackend: Too many Flogger logs received before configuration. Dropping old logs.
09-07 19:57:29.983 18187 18187 W ProxyAndroidLoggerBackend: Too many Flogger logs received before configuration. Dropping old logs.
09-07 19:57:29.984 18187 18187 W ProxyAndroidLoggerBackend: Too many Flogger logs received before configuration. Dropping old logs.
09-07 19:57:29.984 18187 18187 W ProxyAndroidLoggerBackend: Too many Flogger logs received before configuration. Dropping old logs.
09-07 19:57:29.986 18187 18187 W ProxyAndroidLoggerBackend: Too many Flogger logs received before configuration. Dropping old logs.
09-07 19:57:29.987 18187 18187 W ProxyAndroidLoggerBackend: Too many Flogger logs received before configuration. Dropping old logs.
09-07 19:57:29.989 18187 18187 W ProxyAndroidLoggerBackend: Too many Flogger logs received before configuration. Dropping old logs.
09-07 19:57:29.992 16016 16112 I android.vending: Explicit concurrent copying GC freed 6238KB AllocSpace bytes, 3(68KB) LOS objects, 40% free, 35MB/59MB, paused 282us,209us total 1.227s
09-07 19:57:29.991 17589 17791 I droid.apps.docs: AssetManager2(0xb400007395e22638) locale list changing from [] to [en-IN]
09-07 19:57:29.994 16016 16216 I android.vending: Waiting for a blocking GC Explicit
09-07 19:57:29.996  3867 15145 W PhBaseOp: Phenotype API error. Event: # jdpr@cfeefabb, EventCode: COMMIT_CONFIG [CONTEXT service_id=51 ]
09-07 19:57:29.996  3867 15145 W PhBaseOp: fmaa: 29503
09-07 19:57:29.996  3867 15145 W PhBaseOp: 	at fmcd.d(:com.google.android.gms@263234035@26.32.34 (260400-968093310):162)
09-07 19:57:29.996  3867 15145 W PhBaseOp: 	at fmcd.b(:com.google.android.gms@263234035@26.32.34 (260400-968093310):44)
09-07 19:57:29.996  3867 15145 W PhBaseOp: 	at fmcc.i(:com.google.android.gms@263234035@26.32.34 (260400-968093310):3)
09-07 19:57:29.996  3867 15145 W PhBaseOp: 	at fmby.h(:com.google.android.gms@263234035@26.32.34 (260400-968093310):34)
09-07 19:57:29.996  3867 15145 W PhBaseOp: 	at fmby.f(:com.google.android.gms@263234035@26.32.34 (260400-968093310):16)
09-07 19:57:29.996  3867 15145 W PhBaseOp: 	at dgbf.fw(:com.google.android.gms@263234035@26.32.34 (260400-968093310):1)
09-07 19:57:29.996  3867 15145 W PhBaseOp: 	at dgbr.run(:com.google.android.gms@263234035@26.32.34 (260400-968093310):122)
09-07 19:57:29.996  3867 15145 W PhBaseOp: 	at hnyy.run(:com.google.android.gms@263234035@26.32.34 (260400-968093310):23)
09-07 19:57:29.996  3867 15145 W PhBaseOp: 	at bnli.d(:com.google.android.gms@263234035@26.32.34 (260400-968093310):50)
09-07 19:57:29.996  3867 15145 W PhBaseOp: 	at bnli.c(:com.google.android.gms@263234035@26.32.34 (260400-968093310):6)
09-07 19:57:29.996  3867 15145 W PhBaseOp: 	at bnli.run(:com.google.android.gms@263234035@26.32.34 (260400-968093310):33)
09-07 19:57:29.996  3867 15145 W PhBaseOp: 	at java.util.concurrent.ThreadPoolExecutor.runWorker(ThreadPoolExecutor.java:1100)
09-07 19:57:29.996  3867 15145 W PhBaseOp: 	at java.util.concurrent.ThreadPoolExecutor$Worker.run(ThreadPoolExecutor.java:624)
09-07 19:57:29.996  3867 15145 W PhBaseOp: 	at bnri.run(:com.google.android.gms@263234035@26.32.34 (260400-968093310):8)
09-07 19:57:29.996  3867 15145 W PhBaseOp: 	at java.lang.Thread.run(Thread.java:1572)
09-07 19:57:29.999  3867 15145 W AsyncOperation: operation=CommitToConfigurationOperationCall, opStatusCode=29503 [CONTEXT service_id=51 ]
09-07 19:57:29.999  3867 15145 W AsyncOperation: OperationException[Status{statusCode=unknown status code: 29503, resolution=null}]
09-07 19:57:29.999  3867 15145 W AsyncOperation: 	at fmby.h(:com.google.android.gms@263234035@26.32.34 (260400-968093310):63)
09-07 19:57:29.999  3867 15145 W AsyncOperation: 	at fmby.f(:com.google.android.gms@263234035@26.32.34 (260400-968093310):16)
09-07 19:57:29.999  3867 15145 W AsyncOperation: 	at dgbf.fw(:com.google.android.gms@263234035@26.32.34 (260400-968093310):1)
09-07 19:57:29.999  3867 15145 W AsyncOperation: 	at dgbr.run(:com.google.android.gms@263234035@26.32.34 (260400-968093310):122)
09-07 19:57:29.999  3867 15145 W AsyncOperation: 	at hnyy.run(:com.google.android.gms@263234035@26.32.34 (260400-968093310):23)
09-07 19:57:29.999  3867 15145 W AsyncOperation: 	at bnli.d(:com.google.android.gms@263234035@26.32.34 (260400-968093310):50)
09-07 19:57:29.999  3867 15145 W AsyncOperation: 	at bnli.c(:com.google.android.gms@263234035@26.32.34 (260400-968093310):6)
09-07 19:57:29.999  3867 15145 W AsyncOperation: 	at bnli.run(:com.google.android.gms@263234035@26.32.34 (260400-968093310):33)
09-07 19:57:29.999  3867 15145 W AsyncOperation: 	at java.util.concurrent.ThreadPoolExecutor.runWorker(ThreadPoolExecutor.java:1100)
09-07 19:57:29.999  3867 15145 W AsyncOperation: 	at java.util.concurrent.ThreadPoolExecutor$Worker.run(ThreadPoolExecutor.java:624)
09-07 19:57:29.999  3867 15145 W AsyncOperation: 	at bnri.run(:com.google.android.gms@263234035@26.32.34 (260400-968093310):8)
09-07 19:57:29.999  3867 15145 W AsyncOperation: 	at java.lang.Thread.run(Thread.java:1572)
09-07 19:57:30.007 18187 18187 I DisplayManager: Implicitly registering for refresh rate
09-07 19:57:30.031  3867 15145 W PhBaseOp: Phenotype API error. Event: # jdpr@34b9620c, EventCode: COMMIT_CONFIG [CONTEXT service_id=51 ]
09-07 19:57:30.031  3867 15145 W PhBaseOp: fmaa: 29503
09-07 19:57:30.031  3867 15145 W PhBaseOp: 	at fmcd.d(:com.google.android.gms@263234035@26.32.34 (260400-968093310):162)
09-07 19:57:30.031  3867 15145 W PhBaseOp: 	at fmcd.b(:com.google.android.gms@263234035@26.32.34 (260400-968093310):44)
09-07 19:57:30.031  3867 15145 W PhBaseOp: 	at fmcc.i(:com.google.android.gms@263234035@26.32.34 (260400-968093310):3)
09-07 19:57:30.031  3867 15145 W PhBaseOp: 	at fmby.h(:com.google.android.gms@263234035@26.32.34 (260400-968093310):34)
09-07 19:57:30.031  3867 15145 W PhBaseOp: 	at fmby.f(:com.google.android.gms@263234035@26.32.34 (260400-968093310):16)
09-07 19:57:30.031  3867 15145 W PhBaseOp: 	at dgbf.fw(:com.google.android.gms@263234035@26.32.34 (260400-968093310):1)
09-07 19:57:30.031  3867 15145 W PhBaseOp: 	at dgbr.run(:com.google.android.gms@263234035@26.32.34 (260400-968093310):122)
09-07 19:57:30.031  3867 15145 W PhBaseOp: 	at hnyy.run(:com.google.android.gms@263234035@26.32.34 (260400-968093310):23)
09-07 19:57:30.031  3867 15145 W PhBaseOp: 	at bnli.d(:com.google.android.gms@263234035@26.32.34 (260400-968093310):50)
09-07 19:57:30.031  3867 15145 W PhBaseOp: 	at bnli.c(:com.google.android.gms@263234035@26.32.34 (260400-968093310):6)
09-07 19:57:30.031  3867 15145 W PhBaseOp: 	at bnli.run(:com.google.android.gms@263234035@26.32.34 (260400-968093310):33)
09-07 19:57:30.031  3867 15145 W PhBaseOp: 	at java.util.concurrent.ThreadPoolExecutor.runWorker(ThreadPoolExecutor.java:1100)
09-07 19:57:30.031  3867 15145 W PhBaseOp: 	at java.util.concurrent.ThreadPoolExecutor$Worker.run(ThreadPoolExecutor.java:624)
09-07 19:57:30.031  3867 15145 W PhBaseOp: 	at bnri.run(:com.google.android.gms@263234035@26.32.34 (260400-968093310):8)
09-07 19:57:30.031  3867 15145 W PhBaseOp: 	at java.lang.Thread.run(Thread.java:1572)
09-07 19:57:30.031  3867 15145 W AsyncOperation: operation=CommitToConfigurationOperationCall, opStatusCode=29503 [CONTEXT service_id=51 ]
09-07 19:57:30.031  3867 15145 W AsyncOperation: OperationException[Status{statusCode=unknown status code: 29503, resolution=null}]
09-07 19:57:30.031  3867 15145 W AsyncOperation: 	at fmby.h(:com.google.android.gms@263234035@26.32.34 (260400-968093310):63)
09-07 19:57:30.031  3867 15145 W AsyncOperation: 	at fmby.f(:com.google.android.gms@263234035@26.32.34 (260400-968093310):16)
09-07 19:57:30.031  3867 15145 W AsyncOperation: 	at dgbf.fw(:com.google.android.gms@263234035@26.32.34 (260400-968093310):1)
09-07 19:57:30.031  3867 15145 W AsyncOperation: 	at dgbr.run(:com.google.android.gms@263234035@26.32.34 (260400-968093310):122)
09-07 19:57:30.031  3867 15145 W AsyncOperation: 	at hnyy.run(:com.google.android.gms@263234035@26.32.34 (260400-968093310):23)
09-07 19:57:30.031  3867 15145 W AsyncOperation: 	at bnli.d(:com.google.android.gms@263234035@26.32.34 (260400-968093310):50)
09-07 19:57:30.031  3867 15145 W AsyncOperation: 	at bnli.c(:com.google.android.gms@263234035@26.32.34 (260400-968093310):6)
09-07 19:57:30.031  3867 15145 W AsyncOperation: 	at bnli.run(:com.google.android.gms@263234035@26.32.34 (260400-968093310):33)
09-07 19:57:30.031  3867 15145 W AsyncOperation: 	at java.util.concurrent.ThreadPoolExecutor.runWorker(ThreadPoolExecutor.java:1100)
09-07 19:57:30.031  3867 15145 W AsyncOperation: 	at java.util.concurrent.ThreadPoolExecutor$Worker.run(ThreadPoolExecutor.java:624)
09-07 19:57:30.031  3867 15145 W AsyncOperation: 	at bnri.run(:com.google.android.gms@263234035@26.32.34 (260400-968093310):8)
09-07 19:57:30.031  3867 15145 W AsyncOperation: 	at java.lang.Thread.run(Thread.java:1572)
09-07 19:57:30.032  3867 18203 W PhBaseOp: Phenotype API error. Event: # jdpr@f830dee1, EventCode: COMMIT_CONFIG [CONTEXT service_id=51 ]
09-07 19:57:30.032  3867 18203 W PhBaseOp: fmaa: 29503
09-07 19:57:30.032  3867 18203 W PhBaseOp: 	at fmcd.d(:com.google.android.gms@263234035@26.32.34 (260400-968093310):162)
09-07 19:57:30.032  3867 18203 W PhBaseOp: 	at fmcd.b(:com.google.android.gms@263234035@26.32.34 (260400-968093310):44)
09-07 19:57:30.032  3867 18203 W PhBaseOp: 	at fmcc.i(:com.google.android.gms@263234035@26.32.34 (260400-968093310):3)
09-07 19:57:30.032  3867 18203 W PhBaseOp: 	at fmby.h(:com.google.android.gms@263234035@26.32.34 (260400-968093310):34)
09-07 19:57:30.032  3867 18203 W PhBaseOp: 	at fmby.f(:com.google.android.gms@263234035@26.32.34 (260400-968093310):16)
09-07 19:57:30.032  3867 18203 W PhBaseOp: 	at dgbf.fw(:com.google.android.gms@263234035@26.32.34 (260400-968093310):1)
09-07 19:57:30.032  3867 18203 W PhBaseOp: 	at dgbr.run(:com.google.android.gms@263234035@26.32.34 (260400-968093310):122)
09-07 19:57:30.032  3867 18203 W PhBaseOp: 	at hnyy.run(:com.google.android.gms@263234035@26.32.34 (260400-968093310):23)
09-07 19:57:30.032  3867 18203 W PhBaseOp: 	at bnli.d(:com.google.android.gms@263234035@26.32.34 (260400-968093310):50)
09-07 19:57:30.032  3867 18203 W PhBaseOp: 	at bnli.c(:com.google.android.gms@263234035@26.32.34 (260400-968093310):6)
09-07 19:57:30.032  3867 18203 W PhBaseOp: 	at bnli.run(:com.google.android.gms@263234035@26.32.34 (260400-968093310):33)
09-07 19:57:30.032  3867 18203 W PhBaseOp: 	at java.util.concurrent.ThreadPoolExecutor.runWorker(ThreadPoolExecutor.java:1100)
09-07 19:57:30.032  3867 18203 W PhBaseOp: 	at java.util.concurrent.ThreadPoolExecutor$Worker.run(ThreadPoolExecutor.java:624)
09-07 19:57:30.032  3867 18203 W PhBaseOp: 	at bnri.run(:com.google.android.gms@263234035@26.32.34 (260400-968093310):8)
09-07 19:57:30.032  3867 18203 W PhBaseOp: 	at java.lang.Thread.run(Thread.java:1572)
09-07 19:57:30.032  3867 18203 W AsyncOperation: operation=CommitToConfigurationOperationCall, opStatusCode=29503 [CONTEXT service_id=51 ]
09-07 19:57:30.032  3867 18203 W AsyncOperation: OperationException[Status{statusCode=unknown status code: 29503, resolution=null}]
09-07 19:57:30.032  3867 18203 W AsyncOperation: 	at fmby.h(:com.google.android.gms@263234035@26.32.34 (260400-968093310):63)
09-07 19:57:30.032  3867 18203 W AsyncOperation: 	at fmby.f(:com.google.android.gms@263234035@26.32.34 (260400-968093310):16)
09-07 19:57:30.032  3867 18203 W AsyncOperation: 	at dgbf.fw(:com.google.android.gms@263234035@26.32.34 (260400-968093310):1)
09-07 19:57:30.032  3867 18203 W AsyncOperation: 	at dgbr.run(:com.google.android.gms@263234035@26.32.34 (260400-968093310):122)
09-07 19:57:30.032  3867 18203 W AsyncOperation: 	at hnyy.run(:com.google.android.gms@263234035@26.32.34 (260400-968093310):23)
09-07 19:57:30.032  3867 18203 W AsyncOperation: 	at bnli.d(:com.google.android.gms@263234035@26.32.34 (260400-968093310):50)
09-07 19:57:30.032  3867 18203 W AsyncOperation: 	at bnli.c(:com.google.android.gms@263234035@26.32.34 (260400-968093310):6)
09-07 19:57:30.032  3867 18203 W AsyncOperation: 	at bnli.run(:com.google.android.gms@263234035@26.32.34 (260400-968093310):33)
09-07 19:57:30.032  3867 18203 W AsyncOperation: 	at java.util.concurrent.ThreadPoolExecutor.runWorker(ThreadPoolExecutor.java:1100)
09-07 19:57:30.032  3867 18203 W AsyncOperation: 	at java.util.concurrent.ThreadPoolExecutor$Worker.run(ThreadPoolExecutor.java:624)
09-07 19:57:30.032  3867 18203 W AsyncOperation: 	at bnri.run(:com.google.android.gms@263234035@26.32.34 (260400-968093310):8)
09-07 19:57:30.032  3867 18203 W AsyncOperation: 	at java.lang.Thread.run(Thread.java:1572)
09-07 19:57:30.308 17891 17940 I cr_WVCFactoryProvider: version=151.0.7922.200 (792220003) minSdkVersion=29 multiprocess=true packageId=2 splits=AdsDynamite_installtime,CronetDynamite_installtime,DynamiteLoader_installtime,DynamiteModulesA_installtime,DynamiteModulesC_installtime,GoogleCertificates_installtime,MapsDynamite_installtime,MeasurementDynamite_installtime,config.en,config.xxhdpi,maps_core_dynamite_ondemand
09-07 19:57:30.425 17164 17164 E YT.mlplayer: setAudioDrc(enabled=1)
09-07 19:57:30.428 17164 17164 E YT.mlplayer: setDefaultLoudnessTargetPreferenceState
09-07 19:57:30.464 14328 16749 W SQLiteLog: (28) double-quoted string literal: "1788618450458"
09-07 19:57:30.464 14328 16749 W SQLiteLog: (28) double-quoted string literal: "1"
09-07 19:57:30.547 18187 18187 W FlutterLoader: If you are trying to specify io.flutter.embedding.engine.loader.FlutterLoader.aot-shared-library-name in your application manifest, please make sure to use the new metadata key name: io.flutter.embedding.android.AOTSharedLibraryName
09-07 19:57:30.549 18187 18187 E FlutterLoader: External path /libandroid_release_android_library_flutter_artifacts.so rejected; not overriding aot-shared-library-name.
09-07 19:57:30.551 18187 18187 E FlutterLoader: Skipping unsafe AOT shared library name flag: libandroid_release_android_library_flutter_artifacts.so. Please ensure that the library is vetted and placed in your application's internal storage.
09-07 19:57:30.551 18187 18187 W FlutterLoader: If you are trying to specify io.flutter.embedding.engine.loader.FlutterLoader.flutter-assets-dir in your application manifest, please make sure to use the new metadata key name: io.flutter.embedding.android.FlutterAssetsDir
09-07 19:57:30.743 17589 18246 E GoogleApiManager: Failed to get service from broker. 
09-07 19:57:30.743 17589 18246 E GoogleApiManager: java.lang.SecurityException: Unknown calling package name 'com.google.android.gms'.
09-07 19:57:30.743 17589 18246 E GoogleApiManager: 	at android.os.Parcel.createExceptionOrNull(Parcel.java:3353)
09-07 19:57:30.743 17589 18246 E GoogleApiManager: 	at android.os.Parcel.createException(Parcel.java:3337)
09-07 19:57:30.743 17589 18246 E GoogleApiManager: 	at android.os.Parcel.readException(Parcel.java:3320)
09-07 19:57:30.743 17589 18246 E GoogleApiManager: 	at android.os.Parcel.readException(Parcel.java:3262)
09-07 19:57:30.743 17589 18246 E GoogleApiManager: 	at bmrj.a(:com.google.android.gms@263234035@26.32.34 (260400-968093310):36)
09-07 19:57:30.743 17589 18246 E GoogleApiManager: 	at bmpc.y(:com.google.android.gms@263234035@26.32.34 (260400-968093310):143)
09-07 19:57:30.743 17589 18246 E GoogleApiManager: 	at bluz.run(:com.google.android.gms@263234035@26.32.34 (260400-968093310):42)
09-07 19:57:30.743 17589 18246 E GoogleApiManager: 	at android.os.Handler.handleCallback(Handler.java:1051)
09-07 19:57:30.743 17589 18246 E GoogleApiManager: 	at android.os.Handler.dispatchMessage(Handler.java:107)
09-07 19:57:30.743 17589 18246 E GoogleApiManager: 	at dhsb.lJ(:com.google.android.gms@263234035@26.32.34 (260400-968093310):1)
09-07 19:57:30.743 17589 18246 E GoogleApiManager: 	at dhsb.dispatchMessage(:com.google.android.gms@263234035@26.32.34 (260400-968093310):5)
09-07 19:57:30.743 17589 18246 E GoogleApiManager: 	at android.os.Looper.loopOnce(Looper.java:266)
09-07 19:57:30.743 17589 18246 E GoogleApiManager: 	at android.os.Looper.loop(Looper.java:361)
09-07 19:57:30.743 17589 18246 E GoogleApiManager: 	at android.os.HandlerThread.run(HandlerThread.java:103)
09-07 19:57:30.868 17589 18246 W GoogleApiManager: Not showing notification since connectionResult is not user-facing: ConnectionResult{statusCode=DEVELOPER_ERROR, resolution=null, message=null, clientMethodKey=null}
09-07 19:57:30.869 17589 17791 I ProviderInstaller: Installed default security provider AndroidOpenSSL (via CompatProvider)
09-07 19:57:30.906 16904 16958 I SQLiteConnection: Long db operation: /data/user/0/com.google.android.apps.wellbeing/no_backup/androidx.work.workdb
09-07 19:57:30.935 17589 18244 W FlagRegistrar: Failed to register com.google.android.gms.providerinstaller#com.google.android.apps.docs
09-07 19:57:30.935 17589 18244 W FlagRegistrar: gvvj: 17: 17: API: Phenotype.API is not available on this device. Connection failed with: ConnectionResult{statusCode=DEVELOPER_ERROR, resolution=null, message=null, clientMethodKey=null}
09-07 19:57:30.935 17589 18244 W FlagRegistrar: 	at gvvl.a(:com.google.android.gms@263234035@26.32.34 (260400-968093310):13)
09-07 19:57:30.935 17589 18244 W FlagRegistrar: 	at hwtd.d(:com.google.android.gms@263234035@26.32.34 (260400-968093310):3)
09-07 19:57:30.935 17589 18244 W FlagRegistrar: 	at hwtf.run(:com.google.android.gms@263234035@26.32.34 (260400-968093310):139)
09-07 19:57:30.935 17589 18244 W FlagRegistrar: 	at hwvq.execute(:com.google.android.gms@263234035@26.32.34 (260400-968093310):1)
09-07 19:57:30.935 17589 18244 W FlagRegistrar: 	at hwtn.f(:com.google.android.gms@263234035@26.32.34 (260400-968093310):1)
09-07 19:57:30.935 17589 18244 W FlagRegistrar: 	at hwtn.m(:com.google.android.gms@263234035@26.32.34 (260400-968093310):101)
09-07 19:57:30.935 17589 18244 W FlagRegistrar: 	at hwtn.q(:com.google.android.gms@263234035@26.32.34 (260400-968093310):16)
09-07 19:57:30.935 17589 18244 W FlagRegistrar: 	at gpej.jd(:com.google.android.gms@263234035@26.32.34 (260400-968093310):35)
09-07 19:57:30.935 17589 18244 W FlagRegistrar: 	at gbdp.run(:com.google.android.gms@263234035@26.32.34 (260400-968093310):12)
09-07 19:57:30.935 17589 18244 W FlagRegistrar: 	at hwvq.execute(:com.google.android.gms@263234035@26.32.34 (260400-968093310):1)
09-07 19:57:30.935 17589 18244 W FlagRegistrar: 	at gbdq.b(:com.google.android.gms@263234035@26.32.34 (260400-968093310):18)
09-07 19:57:30.935 17589 18244 W FlagRegistrar: 	at gbef.b(:com.google.android.gms@263234035@26.32.34 (260400-968093310):34)
09-07 19:57:30.935 17589 18244 W FlagRegistrar: 	at gbeh.c(:com.google.android.gms@263234035@26.32.34 (260400-968093310):23)
09-07 19:57:30.935 17589 18244 W FlagRegistrar: 	at blsh.e(:com.google.android.gms@263234035@26.32.34 (260400-968093310):9)
09-07 19:57:30.935 17589 18244 W FlagRegistrar: 	at blux.r(:com.google.android.gms@263234035@26.32.34 (260400-968093310):48)
09-07 19:57:30.935 17589 18244 W FlagRegistrar: 	at blux.d(:com.google.android.gms@263234035@26.32.34 (260400-968093310):10)
09-07 19:57:30.935 17589 18244 W FlagRegistrar: 	at blux.g(:com.google.android.gms@263234035@26.32.34 (260400-968093310):191)
09-07 19:57:30.935 17589 18244 W FlagRegistrar: 	at bluz.run(:com.google.android.gms@263234035@26.32.34 (260400-968093310):74)
09-07 19:57:30.935 17589 18244 W FlagRegistrar: 	at android.os.Handler.handleCallback(Handler.java:1051)
09-07 19:57:30.935 17589 18244 W FlagRegistrar: 	at android.os.Handler.dispatchMessage(Handler.java:107)
09-07 19:57:30.935 17589 18244 W FlagRegistrar: 	at dhsb.lJ(:com.google.android.gms@263234035@26.32.34 (260400-968093310):1)
09-07 19:57:30.935 17589 18244 W FlagRegistrar: 	at dhsb.dispatchMessage(:com.google.android.gms@263234035@26.32.34 (260400-968093310):5)
09-07 19:57:30.935 17589 18244 W FlagRegistrar: 	at android.os.Looper.loopOnce(Looper.java:266)
09-07 19:57:30.935 17589 18244 W FlagRegistrar: 	at android.os.Looper.loop(Looper.java:361)
09-07 19:57:30.935 17589 18244 W FlagRegistrar: 	at android.os.HandlerThread.run(HandlerThread.java:103)
09-07 19:57:30.935 17589 18244 W FlagRegistrar: Caused by: blqm: 17: API: Phenotype.API is not available on this device. Connection failed with: ConnectionResult{statusCode=DEVELOPER_ERROR, resolution=null, message=null, clientMethodKey=null}
09-07 19:57:30.935 17589 18244 W FlagRegistrar: 	at bmoo.a(:com.google.android.gms@263234035@26.32.34 (260400-968093310):15)
09-07 19:57:30.935 17589 18244 W FlagRegistrar: 	at blsk.a(:com.google.android.gms@263234035@26.32.34 (260400-968093310):1)
09-07 19:57:30.935 17589 18244 W FlagRegistrar: 	at blsh.e(:com.google.android.gms@263234035@26.32.34 (260400-968093310):5)
09-07 19:57:30.935 17589 18244 W FlagRegistrar: 	... 11 more
09-07 19:57:31.061 10013 11372 I cr_BindingManager: Release visible connections: 1
09-07 19:57:31.149 16016 16112 I android.vending: Explicit concurrent copying GC freed 636KB AllocSpace bytes, 0(0B) LOS objects, 40% free, 35MB/59MB, paused 292us,253us total 1.156s
09-07 19:57:31.150 16016 16216 I android.vending: WaitForGcToComplete blocked Explicit on Explicit for 3.185s
09-07 19:57:31.233 17589 18246 E GoogleApiManager: Failed to get service from broker. 
09-07 19:57:31.233 17589 18246 E GoogleApiManager: java.lang.SecurityException: Unknown calling package name 'com.google.android.gms'.
09-07 19:57:31.233 17589 18246 E GoogleApiManager: 	at android.os.Parcel.createExceptionOrNull(Parcel.java:3353)
09-07 19:57:31.233 17589 18246 E GoogleApiManager: 	at android.os.Parcel.createException(Parcel.java:3337)
09-07 19:57:31.233 17589 18246 E GoogleApiManager: 	at android.os.Parcel.readException(Parcel.java:3320)
09-07 19:57:31.233 17589 18246 E GoogleApiManager: 	at android.os.Parcel.readException(Parcel.java:3262)
09-07 19:57:31.233 17589 18246 E GoogleApiManager: 	at bmrj.a(:com.google.android.gms@263234035@26.32.34 (260400-968093310):36)
09-07 19:57:31.233 17589 18246 E GoogleApiManager: 	at bmpc.y(:com.google.android.gms@263234035@26.32.34 (260400-968093310):143)
09-07 19:57:31.233 17589 18246 E GoogleApiManager: 	at bluz.run(:com.google.android.gms@263234035@26.32.34 (260400-968093310):42)
09-07 19:57:31.233 17589 18246 E GoogleApiManager: 	at android.os.Handler.handleCallback(Handler.java:1051)
09-07 19:57:31.233 17589 18246 E GoogleApiManager: 	at android.os.Handler.dispatchMessage(Handler.java:107)
09-07 19:57:31.233 17589 18246 E GoogleApiManager: 	at dhsb.lJ(:com.google.android.gms@263234035@26.32.34 (260400-968093310):1)
09-07 19:57:31.233 17589 18246 E GoogleApiManager: 	at dhsb.dispatchMessage(:com.google.android.gms@263234035@26.32.34 (260400-968093310):5)
09-07 19:57:31.233 17589 18246 E GoogleApiManager: 	at android.os.Looper.loopOnce(Looper.java:266)
09-07 19:57:31.233 17589 18246 E GoogleApiManager: 	at android.os.Looper.loop(Looper.java:361)
09-07 19:57:31.233 17589 18246 E GoogleApiManager: 	at android.os.HandlerThread.run(HandlerThread.java:103)
09-07 19:57:31.233 17589 18246 W GoogleApiManager: Not showing notification since connectionResult is not user-facing: ConnectionResult{statusCode=DEVELOPER_ERROR, resolution=null, message=null, clientMethodKey=null}
09-07 19:57:31.258 17226 17551 W facebook.katana: JNI RegisterNativeMethods: attempt to register 0 native methods for com.facebook.msys.mci.EventLoggingData
09-07 19:57:31.379 17226 17551 W soft_error.cpp: [DGWClientConfig] : sgConnectTimeout: value 0 outside valid range [1, 120] <force_oncall:mi_client_infra:force_oncall>
09-07 19:57:31.379 17226 17551 W soft_error.cpp: [DGWClientConfig] : sgPingTimeout: value 0 outside valid range [1, 60] <force_oncall:mi_client_infra:force_oncall>
09-07 19:57:31.379 17226 17551 W soft_error.cpp: [DGWClientConfig] : tunnelConnectTimeout: value 0 outside valid range [1, 120] <force_oncall:mi_client_infra:force_oncall>
09-07 19:57:31.379 17226 17551 W soft_error.cpp: [DGWClientConfig] : tunnelConnectAckTimeout: value 0 outside valid range [1, 120] <force_oncall:mi_client_infra:force_oncall>
09-07 19:57:31.699 17589 18250 W FlagStore: Unable to update local snapshot for com.google.android.gms.providerinstaller#com.google.android.apps.docs, may result in stale flags.
09-07 19:57:31.699 17589 18250 W FlagStore: java.util.concurrent.ExecutionException: gvvj: 17: 17: API: Phenotype.API is not available on this device. Connection failed with: ConnectionResult{statusCode=DEVELOPER_ERROR, resolution=null, message=null, clientMethodKey=null}
09-07 19:57:31.699 17589 18250 W FlagStore: 	at hwtn.j(:com.google.android.gms@263234035@26.32.34 (260400-968093310):21)
09-07 19:57:31.699 17589 18250 W FlagStore: 	at hwtw.t(:com.google.android.gms@263234035@26.32.34 (260400-968093310):24)
09-07 19:57:31.699 17589 18250 W FlagStore: 	at hwtn.get(:com.google.android.gms@263234035@26.32.34 (260400-968093310):1)
09-07 19:57:31.699 17589 18250 W FlagStore: 	at hwyf.a(:com.google.android.gms@263234035@26.32.34 (260400-968093310):2)
09-07 19:57:31.699 17589 18250 W FlagStore: 	at hwwv.s(:com.google.android.gms@263234035@26.32.34 (260400-968093310):10)
09-07 19:57:31.699 17589 18250 W FlagStore: 	at gwar.d(:com.google.android.gms@263234035@26.32.34 (260400-968093310):1)
09-07 19:57:31.699 17589 18250 W FlagStore: 	at gvzv.run(:com.google.android.gms@263234035@26.32.34 (260400-968093310):5)
09-07 19:57:31.699 17589 18250 W FlagStore: 	at java.util.concurrent.Executors$RunnableAdapter.call(Executors.java:520)
09-07 19:57:31.699 17589 18250 W FlagStore: 	at java.util.concurrent.FutureTask.run(FutureTask.java:328)
09-07 19:57:31.699 17589 18250 W FlagStore: 	at java.util.concurrent.ScheduledThreadPoolExecutor$ScheduledFutureTask.run(ScheduledThreadPoolExecutor.java:323)
09-07 19:57:31.699 17589 18250 W FlagStore: 	at java.util.concurrent.ThreadPoolExecutor.runWorker(ThreadPoolExecutor.java:1100)
09-07 19:57:31.699 17589 18250 W FlagStore: 	at java.util.concurrent.ThreadPoolExecutor$Worker.run(ThreadPoolExecutor.java:624)
09-07 19:57:31.699 17589 18250 W FlagStore: 	at java.lang.Thread.run(Thread.java:1572)
09-07 19:57:31.699 17589 18250 W FlagStore: Caused by: gvvj: 17: 17: API: Phenotype.API is not available on this device. Connection failed with: ConnectionResult{statusCode=DEVELOPER_ERROR, resolution=null, message=null, clientMethodKey=null}
09-07 19:57:31.699 17589 18250 W FlagStore: 	at gvvl.a(:com.google.android.gms@263234035@26.32.34 (260400-968093310):13)
09-07 19:57:31.699 17589 18250 W FlagStore: 	at hwtd.d(:com.google.android.gms@263234035@26.32.34 (260400-968093310):3)
09-07 19:57:31.699 17589 18250 W FlagStore: 	at hwtf.run(:com.google.android.gms@263234035@26.32.34 (260400-968093310):139)
09-07 19:57:31.699 17589 18250 W FlagStore: 	at hwvq.execute(:com.google.android.gms@263234035@26.32.34 (260400-968093310):1)
09-07 19:57:31.699 17589 18250 W FlagStore: 	at hwtn.f(:com.google.android.gms@263234035@26.32.34 (260400-968093310):1)
09-07 19:57:31.699 17589 18250 W FlagStore: 	at hwtn.m(:com.google.android.gms@263234035@26.32.34 (260400-968093310):101)
09-07 19:57:31.699 17589 18250 W FlagStore: 	at hwtn.q(:com.google.android.gms@263234035@26.32.34 (260400-968093310):16)
09-07 19:57:31.699 17589 18250 W FlagStore: 	at gpej.jd(:com.google.android.gms@263234035@26.32.34 (260400-968093310):35)
09-07 19:57:31.699 17589 18250 W FlagStore: 	at gbdp.run(:com.google.android.gms@263234035@26.32.34 (260400-968093310):12)
09-07 19:57:31.699 17589 18250 W FlagStore: 	at hwvq.execute(:com.google.android.gms@263234035@26.32.34 (260400-968093310):1)
09-07 19:57:31.699 17589 18250 W FlagStore: 	at gbdq.b(:com.google.android.gms@263234035@26.32.34 (260400-968093310):18)
09-07 19:57:31.699 17589 18250 W FlagStore: 	at gbef.b(:com.google.android.gms@263234035@26.32.34 (260400-968093310):34)
09-07 19:57:31.699 17589 18250 W FlagStore: 	at gbem.B(:com.google.android.gms@263234035@26.32.34 (260400-968093310):17)
09-07 19:57:31.699 17589 18250 W FlagStore: 	at gbdh.run(:com.google.android.gms@263234035@26.32.34 (260400-968093310):60)
09-07 19:57:31.699 17589 18250 W FlagStore: 	at hwvq.execute(:com.google.android.gms@263234035@26.32.34 (260400-968093310):1)
09-07 19:57:31.699 17589 18250 W FlagStore: 	at gbdi.b(:com.google.android.gms@263234035@26.32.34 (260400-968093310):8)
09-07 19:57:31.699 17589 18250 W FlagStore: 	at gbef.b(:com.google.android.gms@263234035@26.32.34 (260400-968093310):34)
09-07 19:57:31.699 17589 18250 W FlagStore: 	at gbeh.c(:com.google.android.gms@263234035@26.32.34 (260400-968093310):23)
09-07 19:57:31.699 17589 18250 W FlagStore: 	at blsh.e(:com.google.android.gms@263234035@26.32.34 (260400-968093310):9)
09-07 19:57:31.699 17589 18250 W FlagStore: 	at blux.r(:com.google.android.gms@263234035@26.32.34 (260400-968093310):48)
09-07 19:57:31.699 17589 18250 W FlagStore: 	at blux.d(:com.google.android.gms@263234035@26.32.34 (260400-968093310):10)
09-07 19:57:31.699 17589 18250 W FlagStore: 	at blux.g(:com.google.android.gms@263234035@26.32.34 (260400-968093310):191)
09-07 19:57:31.699 17589 18250 W FlagStore: 	at bluz.run(:com.google.android.gms@263234035@26.32.34 (260400-968093310):74)
09-07 19:57:31.699 17589 18250 W FlagStore: 	at android.os.Handler.handleCallback(Handler.java:1051)
09-07 19:57:31.699 17589 18250 W FlagStore: 	at android.os.Handler.dispatchMessage(Handler.java:107)
09-07 19:57:31.699 17589 18250 W FlagStore: 	at dhsb.lJ(:com.google.android.gms@263234035@26.32.34 (260400-968093310):1)
09-07 19:57:31.699 17589 18250 W FlagStore: 	at dhsb.dispatchMessage(:com.google.android.gms@263234035@26.32.34 (260400-968093310):5)
09-07 19:57:31.699 17589 18250 W FlagStore: 	at android.os.Looper.loopOnce(Looper.java:266)
09-07 19:57:31.699 17589 18250 W FlagStore: 	at android.os.Looper.loop(Looper.java:361)
09-07 19:57:31.699 17589 18250 W FlagStore: 	at android.os.HandlerThread.run(HandlerThread.java:103)
09-07 19:57:31.699 17589 18250 W FlagStore: Caused by: blqm: 17: API: Phenotype.API is not available on this device. Connection failed with: ConnectionResult{statusCode=DEVELOPER_ERROR, resolution=null, message=null, clientMethodKey=null}
09-07 19:57:31.700 17589 18250 W FlagStore: 	at bmoo.a(:com.google.android.gms@263234035@26.32.34 (260400-968093310):15)
09-07 19:57:31.700 17589 18250 W FlagStore: 	at blsk.a(:com.google.android.gms@263234035@26.32.34 (260400-968093310):1)
09-07 19:57:31.700 17589 18250 W FlagStore: 	at blsh.e(:com.google.android.gms@263234035@26.32.34 (260400-968093310):5)
09-07 19:57:31.700 17589 18250 W FlagStore: 	... 11 more
09-07 19:57:31.777  3867 15145 I .gms.persistent: AssetManager2(0xb400007395e46e98) locale list changing from [] to [en-IN]
09-07 19:57:31.792 18288 18288 I pps.playconsole: Using generational CollectorTypeCC GC.
09-07 19:57:31.806 18288 18288 E pps.playconsole: BBinder_init Processname  com.google.android.apps.playconsole  
09-07 19:57:31.806 18288 18288 E pps.playconsole: BBinder_init hasGetProcessName  com.google.android.apps.playconsole
09-07 19:57:31.866 18288 18288 W pps.playconsole: Failed to find entry 'classes.dex': Entry not found
09-07 19:57:31.873 18288 18288 W pps.playconsole: Failed to find entry 'classes.dex': Entry not found
09-07 19:57:31.875 18288 18288 W pps.playconsole: Failed to find entry 'classes.dex': Entry not found
09-07 19:57:31.880 18080 18128 W DynamiteModule: Local module descriptor class for com.google.android.gms.providerinstaller.dynamite not found.
09-07 19:57:31.930  3867  3904 W ProviderHelper: Unknown dynamite feature providerinstaller.dynamite
09-07 19:57:31.957 18288 18288 I pps.playconsole: AssetManager2(0xb400007395e23f38) locale list changing from [] to [en-IN]
09-07 19:57:31.967 18080 18128 W ProviderInstaller: Failed to load providerinstaller module: No acceptable module com.google.android.gms.providerinstaller.dynamite found. Local version is 0 and remote version is 0.
09-07 19:57:31.997 14328 18308 I FraudProtectUtils: Not in testing population, skipping local test bank apps. [CONTEXT service_id=469 ]
09-07 19:57:31.998 14328 18308 I FraudProtectUtils: (REDACTED) Latest bank app list size: %d, %s isBankApp: false
09-07 19:57:31.998 14328 18308 W ComponentChangedIO: No package name in intent data or package is not a bank app [CONTEXT service_id=469 ]
09-07 19:57:31.999 14328 18308 I FraudProtectUtils: Not in testing population, skipping local test bank apps. [CONTEXT service_id=469 ]
09-07 19:57:31.999 14328 18308 I FraudProtectUtils: (REDACTED) Latest bank app list size: %d, %s isBankApp: false
09-07 19:57:31.999 14328 18308 W ComponentChangedIO: No package name in intent data or package is not a bank app [CONTEXT service_id=469 ]
09-07 19:57:32.031 18288 18288 I DisplayManager: Implicitly registering for refresh rate
09-07 19:57:32.044  3867 18203 I GetConfigSnapshotOp: (REDACTED) Succeeded but not registered: %s
09-07 19:57:32.089 18315 18315 I bscriptions.red: Using generational CollectorTypeCC GC.
09-07 19:57:32.120 18315 18315 E bscriptions.red: BBinder_init Processname  com.google.android.apps.subscriptions.red  
09-07 19:57:32.120 18315 18315 E bscriptions.red: BBinder_init hasGetProcessName  com.google.android.apps.subscriptions.red
09-07 19:57:32.251 18315 18315 W bscriptions.red: Failed to find entry 'classes.dex': Entry not found
09-07 19:57:32.256 18315 18315 W bscriptions.red: Failed to find entry 'classes.dex': Entry not found
09-07 19:57:32.258 18315 18315 W bscriptions.red: Failed to find entry 'classes.dex': Entry not found
09-07 19:57:32.298 16016 16216 I android.vending: Explicit concurrent copying GC freed 446KB AllocSpace bytes, 0(0B) LOS objects, 40% free, 35MB/59MB, paused 309us,180us total 1.148s
09-07 19:57:32.299 16016 16022 I android.vending: WaitForGcToComplete blocked HeapTrim on Explicit for 2.125s
09-07 19:57:32.300 18315 18315 I bscriptions.red: AssetManager2(0xb400007395e23f38) locale list changing from [] to [en-IN]
09-07 19:57:32.372 17105 17161 I ogle.android.gm: Waiting for a blocking GC AddRemoveAppImageSpace
09-07 19:57:32.396 17891 17940 I .android.gms.ui: AssetManager2(0xb400007395e21ff8) locale list changing from [] to [en-IN]
09-07 19:57:32.455  3867 18203 I .gms.persistent: AssetManager2(0xb400007395e83d98) locale list changing from [] to [en-IN]
09-07 19:57:32.495 18353 18353 I ps.walletnfcrel: Using generational CollectorTypeCC GC.
09-07 19:57:32.505 18353 18353 E ps.walletnfcrel: BBinder_init Processname  com.google.android.apps.walletnfcrel  
09-07 19:57:32.505 18353 18353 E ps.walletnfcrel: BBinder_init hasGetProcessName  com.google.android.apps.walletnfcrel
09-07 19:57:32.522 18187 18187 I flutter : [IMPORTANT:flutter/shell/common/shell.cc(529)] [Action Required]: Impeller opt-out deprecated.
09-07 19:57:32.522 18187 18187 I flutter :     The application opted out of Impeller by either using the
09-07 19:57:32.522 18187 18187 I flutter :     `--no-enable-impeller` flag or the
09-07 19:57:32.522 18187 18187 I flutter :     `io.flutter.embedding.android.EnableImpeller` `AndroidManifest.xml` entry.
09-07 19:57:32.522 18187 18187 I flutter :     These options are going to go away in an upcoming Flutter release. Remove
09-07 19:57:32.522 18187 18187 I flutter :     the explicit opt-out. If you need to opt-out, please report a bug describing
09-07 19:57:32.522 18187 18187 I flutter :     the issue.
09-07 19:57:32.522 18187 18187 I flutter : 
09-07 19:57:32.522 18187 18187 I flutter :     https://github.com/flutter/flutter/issues/new?template=02_bug.yml
09-07 19:57:32.546 18187 18187 I GameManager: __progname=com.google.android.apps.nbu.paisa.user
09-07 19:57:32.571 18353 18353 W ps.walletnfcrel: Failed to find entry 'classes.dex': Entry not found
09-07 19:57:32.573 18353 18353 W ps.walletnfcrel: Failed to find entry 'classes.dex': Entry not found
09-07 19:57:32.579 18080 18128 I .editors.slides: AssetManager2(0xb400007395e24898) locale list changing from [] to [en-IN]
09-07 19:57:32.618 18353 18353 I ps.walletnfcrel: AssetManager2(0xb400007395e1f118) locale list changing from [] to [en-IN]
09-07 19:57:32.656  3867 18203 I .gms.persistent: AssetManager2(0xb400007395e5b6b8) locale list changing from [] to [en-IN]
09-07 19:57:32.745 18353 18353 W ComponentDiscovery: Class com.google.firebase.installations.FirebaseInstallationsKtxRegistrar is not an found.
09-07 19:57:32.763 18353 18353 I FirebaseApp: Device unlocked: initializing all Firebase APIs for app [DEFAULT]
09-07 19:57:32.792 18353 18353 I FirebaseInitProvider: FirebaseApp initialization successful
09-07 19:57:32.814 18187 18187 I libEGL  : skip_priority_level=0, isWorkaroundEnable=1
09-07 19:57:32.919 18353 18388 I DynamiteModule: Considering local module com.google.android.gms.measurement.dynamite:207 and remote module com.google.android.gms.measurement.dynamite:205
09-07 19:57:32.919 18353 18388 I DynamiteModule: Selected local version of com.google.android.gms.measurement.dynamite
09-07 19:57:32.939 18080 18396 E GoogleApiManager: Failed to get service from broker. 
09-07 19:57:32.939 18080 18396 E GoogleApiManager: java.lang.SecurityException: Unknown calling package name 'com.google.android.gms'.
09-07 19:57:32.939 18080 18396 E GoogleApiManager: 	at android.os.Parcel.createExceptionOrNull(Parcel.java:3353)
09-07 19:57:32.939 18080 18396 E GoogleApiManager: 	at android.os.Parcel.createException(Parcel.java:3337)
09-07 19:57:32.939 18080 18396 E GoogleApiManager: 	at android.os.Parcel.readException(Parcel.java:3320)
09-07 19:57:32.939 18080 18396 E GoogleApiManager: 	at android.os.Parcel.readException(Parcel.java:3262)
09-07 19:57:32.939 18080 18396 E GoogleApiManager: 	at bmrj.a(:com.google.android.gms@263234035@26.32.34 (260400-968093310):36)
09-07 19:57:32.939 18080 18396 E GoogleApiManager: 	at bmpc.y(:com.google.android.gms@263234035@26.32.34 (260400-968093310):143)
09-07 19:57:32.939 18080 18396 E GoogleApiManager: 	at bluz.run(:com.google.android.gms@263234035@26.32.34 (260400-968093310):42)
09-07 19:57:32.939 18080 18396 E GoogleApiManager: 	at android.os.Handler.handleCallback(Handler.java:1051)
09-07 19:57:32.939 18080 18396 E GoogleApiManager: 	at android.os.Handler.dispatchMessage(Handler.java:107)
09-07 19:57:32.939 18080 18396 E GoogleApiManager: 	at dhsb.lJ(:com.google.android.gms@263234035@26.32.34 (260400-968093310):1)
09-07 19:57:32.939 18080 18396 E GoogleApiManager: 	at dhsb.dispatchMessage(:com.google.android.gms@263234035@26.32.34 (260400-968093310):5)
09-07 19:57:32.939 18080 18396 E GoogleApiManager: 	at android.os.Looper.loopOnce(Looper.java:266)
09-07 19:57:32.939 18080 18396 E GoogleApiManager: 	at android.os.Looper.loop(Looper.java:361)
09-07 19:57:32.939 18080 18396 E GoogleApiManager: 	at android.os.HandlerThread.run(HandlerThread.java:103)
09-07 19:57:32.940 18080 18396 W GoogleApiManager: Not showing notification since connectionResult is not user-facing: ConnectionResult{statusCode=DEVELOPER_ERROR, resolution=null, message=null, clientMethodKey=null}
09-07 19:57:32.942 18080 18395 W FlagRegistrar: Failed to register com.google.android.gms.providerinstaller#com.google.android.apps.docs.editors.slides
09-07 19:57:32.942 18080 18395 W FlagRegistrar: gvvj: 17: 17: API: Phenotype.API is not available on this device. Connection failed with: ConnectionResult{statusCode=DEVELOPER_ERROR, resolution=null, message=null, clientMethodKey=null}
09-07 19:57:32.942 18080 18395 W FlagRegistrar: 	at gvvl.a(:com.google.android.gms@263234035@26.32.34 (260400-968093310):13)
09-07 19:57:32.942 18080 18395 W FlagRegistrar: 	at hwtd.d(:com.google.android.gms@263234035@26.32.34 (260400-968093310):3)
09-07 19:57:32.942 18080 18395 W FlagRegistrar: 	at hwtf.run(:com.google.android.gms@263234035@26.32.34 (260400-968093310):139)
09-07 19:57:32.942 18080 18395 W FlagRegistrar: 	at hwvq.execute(:com.google.android.gms@263234035@26.32.34 (260400-968093310):1)
09-07 19:57:32.942 18080 18395 W FlagRegistrar: 	at hwtn.f(:com.google.android.gms@263234035@26.32.34 (260400-968093310):1)
09-07 19:57:32.942 18080 18395 W FlagRegistrar: 	at hwtn.m(:com.google.android.gms@263234035@26.32.34 (260400-968093310):101)
09-07 19:57:32.942 18080 18395 W FlagRegistrar: 	at hwtn.q(:com.google.android.gms@263234035@26.32.34 (260400-968093310):16)
09-07 19:57:32.942 18080 18395 W FlagRegistrar: 	at gpej.jd(:com.google.android.gms@263234035@26.32.34 (260400-968093310):35)
09-07 19:57:32.942 18080 18395 W FlagRegistrar: 	at gbdp.run(:com.google.android.gms@263234035@26.32.34 (260400-968093310):12)
09-07 19:57:32.942 18080 18395 W FlagRegistrar: 	at hwvq.execute(:com.google.android.gms@263234035@26.32.34 (260400-968093310):1)
09-07 19:57:32.942 18080 18395 W FlagRegistrar: 	at gbdq.b(:com.google.android.gms@263234035@26.32.34 (260400-968093310):18)
09-07 19:57:32.942 18080 18395 W FlagRegistrar: 	at gbef.b(:com.google.android.gms@263234035@26.32.34 (260400-968093310):34)
09-07 19:57:32.942 18080 18395 W FlagRegistrar: 	at gbeh.c(:com.google.android.gms@263234035@26.32.34 (260400-968093310):23)
09-07 19:57:32.942 18080 18395 W FlagRegistrar: 	at blsh.e(:com.google.android.gms@263234035@26.32.34 (260400-968093310):9)
09-07 19:57:32.942 18080 18395 W FlagRegistrar: 	at blux.r(:com.google.android.gms@263234035@26.32.34 (260400-968093310):48)
09-07 19:57:32.942 18080 18395 W FlagRegistrar: 	at blux.d(:com.google.android.gms@263234035@26.32.34 (260400-968093310):10)
09-07 19:57:32.942 18080 18395 W FlagRegistrar: 	at blux.g(:com.google.android.gms@263234035@26.32.34 (260400-968093310):191)
09-07 19:57:32.942 18080 18395 W FlagRegistrar: 	at bluz.run(:com.google.android.gms@263234035@26.32.34 (260400-968093310):74)
09-07 19:57:32.942 18080 18395 W FlagRegistrar: 	at android.os.Handler.handleCallback(Handler.java:1051)
09-07 19:57:32.942 18080 18395 W FlagRegistrar: 	at android.os.Handler.dispatchMessage(Handler.java:107)
09-07 19:57:32.942 18080 18395 W FlagRegistrar: 	at dhsb.lJ(:com.google.android.gms@263234035@26.32.34 (260400-968093310):1)
09-07 19:57:32.942 18080 18395 W FlagRegistrar: 	at dhsb.dispatchMessage(:com.google.android.gms@263234035@26.32.34 (260400-968093310):5)
09-07 19:57:32.942 18080 18395 W FlagRegistrar: 	at android.os.Looper.loopOnce(Looper.java:266)
09-07 19:57:32.942 18080 18395 W FlagRegistrar: 	at android.os.Looper.loop(Looper.java:361)
09-07 19:57:32.942 18080 18395 W FlagRegistrar: 	at android.os.HandlerThread.run(HandlerThread.java:103)
09-07 19:57:32.942 18080 18395 W FlagRegistrar: Caused by: blqm: 17: API: Phenotype.API is not available on this device. Connection failed with: ConnectionResult{statusCode=DEVELOPER_ERROR, resolution=null, message=null, clientMethodKey=null}
09-07 19:57:32.942 18080 18395 W FlagRegistrar: 	at bmoo.a(:com.google.android.gms@263234035@26.32.34 (260400-968093310):15)
09-07 19:57:32.942 18080 18395 W FlagRegistrar: 	at blsk.a(:com.google.android.gms@263234035@26.32.34 (260400-968093310):1)
09-07 19:57:32.942 18080 18395 W FlagRegistrar: 	at blsh.e(:com.google.android.gms@263234035@26.32.34 (260400-968093310):5)
09-07 19:57:32.942 18080 18395 W FlagRegistrar: 	... 11 more
09-07 19:57:32.962 18187 18187 I libEGL  : skip_priority_level=0, isWorkaroundEnable=1
09-07 19:57:32.974 18080 18396 E GoogleApiManager: Failed to get service from broker. 
09-07 19:57:32.974 18080 18396 E GoogleApiManager: java.lang.SecurityException: Unknown calling package name 'com.google.android.gms'.
09-07 19:57:32.974 18080 18396 E GoogleApiManager: 	at android.os.Parcel.createExceptionOrNull(Parcel.java:3353)
09-07 19:57:32.974 18080 18396 E GoogleApiManager: 	at android.os.Parcel.createException(Parcel.java:3337)
09-07 19:57:32.974 18080 18396 E GoogleApiManager: 	at android.os.Parcel.readException(Parcel.java:3320)
09-07 19:57:32.974 18080 18396 E GoogleApiManager: 	at android.os.Parcel.readException(Parcel.java:3262)
09-07 19:57:32.974 18080 18396 E GoogleApiManager: 	at bmrj.a(:com.google.android.gms@263234035@26.32.34 (260400-968093310):36)
09-07 19:57:32.974 18080 18396 E GoogleApiManager: 	at bmpc.y(:com.google.android.gms@263234035@26.32.34 (260400-968093310):143)
09-07 19:57:32.974 18080 18396 E GoogleApiManager: 	at bluz.run(:com.google.android.gms@263234035@26.32.34 (260400-968093310):42)
09-07 19:57:32.974 18080 18396 E GoogleApiManager: 	at android.os.Handler.handleCallback(Handler.java:1051)
09-07 19:57:32.974 18080 18396 E GoogleApiManager: 	at android.os.Handler.dispatchMessage(Handler.java:107)
09-07 19:57:32.974 18080 18396 E GoogleApiManager: 	at dhsb.lJ(:com.google.android.gms@263234035@26.32.34 (260400-968093310):1)
09-07 19:57:32.974 18080 18396 E GoogleApiManager: 	at dhsb.dispatchMessage(:com.google.android.gms@263234035@26.32.34 (260400-968093310):5)
09-07 19:57:32.974 18080 18396 E GoogleApiManager: 	at android.os.Looper.loopOnce(Looper.java:266)
09-07 19:57:32.974 18080 18396 E GoogleApiManager: 	at android.os.Looper.loop(Looper.java:361)
09-07 19:57:32.974 18080 18396 E GoogleApiManager: 	at android.os.HandlerThread.run(HandlerThread.java:103)
09-07 19:57:32.974 18080 18396 W GoogleApiManager: Not showing notification since connectionResult is not user-facing: ConnectionResult{statusCode=DEVELOPER_ERROR, resolution=null, message=null, clientMethodKey=null}
09-07 19:57:32.980 18080 18400 W FlagStore: Unable to update local snapshot for com.google.android.gms.providerinstaller#com.google.android.apps.docs.editors.slides, may result in stale flags.
09-07 19:57:32.980 18080 18400 W FlagStore: java.util.concurrent.ExecutionException: gvvj: 17: 17: API: Phenotype.API is not available on this device. Connection failed with: ConnectionResult{statusCode=DEVELOPER_ERROR, resolution=null, message=null, clientMethodKey=null}
09-07 19:57:32.980 18080 18400 W FlagStore: 	at hwtn.j(:com.google.android.gms@263234035@26.32.34 (260400-968093310):21)
09-07 19:57:32.980 18080 18400 W FlagStore: 	at hwtw.t(:com.google.android.gms@263234035@26.32.34 (260400-968093310):24)
09-07 19:57:32.980 18080 18400 W FlagStore: 	at hwtn.get(:com.google.android.gms@263234035@26.32.34 (260400-968093310):1)
09-07 19:57:32.980 18080 18400 W FlagStore: 	at hwyf.a(:com.google.android.gms@263234035@26.32.34 (260400-968093310):2)
09-07 19:57:32.980 18080 18400 W FlagStore: 	at hwwv.s(:com.google.android.gms@263234035@26.32.34 (260400-968093310):10)
09-07 19:57:32.980 18080 18400 W FlagStore: 	at gwar.d(:com.google.android.gms@263234035@26.32.34 (260400-968093310):1)
09-07 19:57:32.980 18080 18400 W FlagStore: 	at gvzv.run(:com.google.android.gms@263234035@26.32.34 (260400-968093310):5)
09-07 19:57:32.980 18080 18400 W FlagStore: 	at java.util.concurrent.Executors$RunnableAdapter.call(Executors.java:520)
09-07 19:57:32.980 18080 18400 W FlagStore: 	at java.util.concurrent.FutureTask.run(FutureTask.java:328)
09-07 19:57:32.980 18080 18400 W FlagStore: 	at java.util.concurrent.ScheduledThreadPoolExecutor$ScheduledFutureTask.run(ScheduledThreadPoolExecutor.java:323)
09-07 19:57:32.980 18080 18400 W FlagStore: 	at java.util.concurrent.ThreadPoolExecutor.runWorker(ThreadPoolExecutor.java:1100)
09-07 19:57:32.980 18080 18400 W FlagStore: 	at java.util.concurrent.ThreadPoolExecutor$Worker.run(ThreadPoolExecutor.java:624)
09-07 19:57:32.980 18080 18400 W FlagStore: 	at java.lang.Thread.run(Thread.java:1572)
09-07 19:57:32.980 18080 18400 W FlagStore: Caused by: gvvj: 17: 17: API: Phenotype.API is not available on this device. Connection failed with: ConnectionResult{statusCode=DEVELOPER_ERROR, resolution=null, message=null, clientMethodKey=null}
09-07 19:57:32.980 18080 18400 W FlagStore: 	at gvvl.a(:com.google.android.gms@263234035@26.32.34 (260400-968093310):13)
09-07 19:57:32.980 18080 18400 W FlagStore: 	at hwtd.d(:com.google.android.gms@263234035@26.32.34 (260400-968093310):3)
09-07 19:57:32.980 18080 18400 W FlagStore: 	at hwtf.run(:com.google.android.gms@263234035@26.32.34 (260400-968093310):139)
09-07 19:57:32.980 18080 18400 W FlagStore: 	at hwvq.execute(:com.google.android.gms@263234035@26.32.34 (260400-968093310):1)
09-07 19:57:32.980 18080 18400 W FlagStore: 	at hwtn.f(:com.google.android.gms@263234035@26.32.34 (260400-968093310):1)
09-07 19:57:32.980 18080 18400 W FlagStore: 	at hwtn.m(:com.google.android.gms@263234035@26.32.34 (260400-968093310):101)
09-07 19:57:32.980 18080 18400 W FlagStore: 	at hwtn.q(:com.google.android.gms@263234035@26.32.34 (260400-968093310):16)
09-07 19:57:32.980 18080 18400 W FlagStore: 	at gpej.jd(:com.google.android.gms@263234035@26.32.34 (260400-968093310):35)
09-07 19:57:32.980 18080 18400 W FlagStore: 	at gbdp.run(:com.google.android.gms@263234035@26.32.34 (260400-968093310):12)
09-07 19:57:32.980 18080 18400 W FlagStore: 	at hwvq.execute(:com.google.android.gms@263234035@26.32.34 (260400-968093310):1)
09-07 19:57:32.980 18080 18400 W FlagStore: 	at gbdq.b(:com.google.android.gms@263234035@26.32.34 (260400-968093310):18)
09-07 19:57:32.980 18080 18400 W FlagStore: 	at gbef.b(:com.google.android.gms@263234035@26.32.34 (260400-968093310):34)
09-07 19:57:32.980 18080 18400 W FlagStore: 	at gbem.B(:com.google.android.gms@263234035@26.32.34 (260400-968093310):17)
09-07 19:57:32.980 18080 18400 W FlagStore: 	at gbdh.run(:com.google.android.gms@263234035@26.32.34 (260400-968093310):60)
09-07 19:57:32.980 18080 18400 W FlagStore: 	at hwvq.execute(:com.google.android.gms@263234035@26.32.34 (260400-968093310):1)
09-07 19:57:32.980 18080 18400 W FlagStore: 	at gbdi.b(:com.google.android.gms@263234035@26.32.34 (260400-968093310):8)
09-07 19:57:32.980 18080 18400 W FlagStore: 	at gbef.b(:com.google.android.gms@263234035@26.32.34 (260400-968093310):34)
09-07 19:57:32.980 18080 18400 W FlagStore: 	at gbeh.c(:com.google.android.gms@263234035@26.32.34 (260400-968093310):23)
09-07 19:57:32.980 18080 18400 W FlagStore: 	at blsh.e(:com.google.android.gms@263234035@26.32.34 (260400-968093310):9)
09-07 19:57:32.980 18080 18400 W FlagStore: 	at blux.r(:com.google.android.gms@263234035@26.32.34 (260400-968093310):48)
09-07 19:57:32.980 18080 18400 W FlagStore: 	at blux.d(:com.google.android.gms@263234035@26.32.34 (260400-968093310):10)
09-07 19:57:32.980 18080 18400 W FlagStore: 	at blux.g(:com.google.android.gms@263234035@26.32.34 (260400-968093310):191)
09-07 19:57:32.980 18080 18400 W FlagStore: 	at bluz.run(:com.google.android.gms@263234035@26.32.34 (260400-968093310):74)
09-07 19:57:32.980 18080 18400 W FlagStore: 	at android.os.Handler.handleCallback(Handler.java:1051)
09-07 19:57:32.980 18080 18400 W FlagStore: 	at android.os.Handler.dispatchMessage(Handler.java:107)
09-07 19:57:32.980 18080 18400 W FlagStore: 	at dhsb.lJ(:com.google.android.gms@263234035@26.32.34 (260400-968093310):1)
09-07 19:57:32.980 18080 18400 W FlagStore: 	at dhsb.dispatchMessage(:com.google.android.gms@263234035@26.32.34 (260400-968093310):5)
09-07 19:57:32.980 18080 18400 W FlagStore: 	at android.os.Looper.loopOnce(Looper.java:266)
09-07 19:57:32.980 18080 18400 W FlagStore: 	at android.os.Looper.loop(Looper.java:361)
09-07 19:57:32.980 18080 18400 W FlagStore: 	at android.os.HandlerThread.run(HandlerThread.java:103)
09-07 19:57:32.980 18080 18400 W FlagStore: Caused by: blqm: 17: API: Phenotype.API is not available on this device. Connection failed with: ConnectionResult{statusCode=DEVELOPER_ERROR, resolution=null, message=null, clientMethodKey=null}
09-07 19:57:32.981 18080 18400 W FlagStore: 	at bmoo.a(:com.google.android.gms@263234035@26.32.34 (260400-968093310):15)
09-07 19:57:32.981 18080 18400 W FlagStore: 	at blsk.a(:com.google.android.gms@263234035@26.32.34 (260400-968093310):1)
09-07 19:57:32.981 18080 18400 W FlagStore: 	at blsh.e(:com.google.android.gms@263234035@26.32.34 (260400-968093310):5)
09-07 19:57:32.981 18080 18400 W FlagStore: 	... 11 more
09-07 19:57:32.983 18080 18128 I ProviderInstaller: Installed default security provider AndroidOpenSSL (via CompatProvider)
09-07 19:57:33.016 16970 17040 I SQLiteConnection: Long db operation: /data/user/0/com.google.android.calendar/databases/cal_v2a
09-07 19:57:33.040  3867 18203 I .gms.persistent: AssetManager2(0xb400007395e45278) locale list changing from [] to [en-IN]
09-07 19:57:33.042 18353 18353 I ausq    : SslGuard completed installation.
09-07 19:57:33.083 18353 18421 I AccountsGroomerImpl: Account grooming started
09-07 19:57:33.096 18353 18404 I FA      : App measurement initialized, version: 183001
09-07 19:57:33.096 18353 18404 I FA      : To enable debug logging run: adb shell setprop log.tag.FA VERBOSE
09-07 19:57:33.096 18353 18404 I FA      : To enable faster debug mode event logging run:
09-07 19:57:33.096 18353 18404 I FA      :   adb shell setprop debug.firebase.analytics.app com.google.android.apps.walletnfcrel
09-07 19:57:33.178 14328 16749 I MdiSyncModule: (REDACTED) Receiving API connection from package '%s'...
09-07 19:57:33.182 18429 18429 I ndroid.contacts: Using generational CollectorTypeCC GC.
09-07 19:57:33.182 14328 16749 I MdiSyncModule: API connection successful!
09-07 19:57:33.194 18429 18429 E ndroid.contacts: BBinder_init Processname  com.google.android.contacts  
09-07 19:57:33.194 18429 18429 E ndroid.contacts: BBinder_init hasGetProcessName  com.google.android.contacts
09-07 19:57:33.244 18429 18429 W ndroid.contacts: Failed to find entry 'classes.dex': Entry not found
09-07 19:57:33.245 18429 18429 W ndroid.contacts: Failed to find entry 'classes.dex': Entry not found
09-07 19:57:33.246 18429 18429 W ndroid.contacts: Failed to find entry 'classes.dex': Entry not found
09-07 19:57:33.261 18429 18429 I ndroid.contacts: AssetManager2(0xb400007395e27138) locale list changing from [] to [en-IN]
09-07 19:57:33.304 18353 18353 I GnpSdk  : Intent received for action [android.accounts.LOGIN_ACCOUNTS_CHANGED] package [com.google.android.apps.walletnfcrel].
09-07 19:57:33.339 18353 18353 I GnpSdk  : Phenotype initialized.
09-07 19:57:33.359 18353 18418 I BackgroundTaskManagerIm: Executing task ACCOUNT_FRESHENER.freshen with SEQUENTIAL execution policy.
09-07 19:57:33.359 18353 18418 I AccountFreshener: Checking if the active account has changed.
09-07 19:57:33.399 18429 18429 I SdnProvider: onCreate
09-07 19:57:33.399 18429 18429 I YourInfoProvider: YourInfoProvider onCreate
09-07 19:57:33.399 18429 18429 I OtherContactsProvider: onCreate started
09-07 19:57:33.399 18429 18429 I OtherContactsProvider: onCreate finished
09-07 19:57:33.413 16016 16016 I Finsky  : [2] Resetting scheduler db
09-07 19:57:33.418 16016 16016 I Finsky  : [2] SCH: Received scheduling request: Id: 16-16161616, Constraints: [{ L: 60000, D: 60000, C: CHARGING_NONE, I: IDLE_NONE, N: NET_NONE, B: BATTERY_ANY }]
09-07 19:57:33.426 16016 16050 I Finsky  : [131] SCH: Scheduling phonesky job Id: 1-1337, CT: 1788772995174, Constraints: [{ L: 40947917, D: 84147917, C: CHARGING_NONE, I: IDLE_NONE, N: NET_ANY, B: BATTERY_ANY }]
09-07 19:57:33.427 16016 16050 I Finsky  : [131] SCH: Scheduling phonesky job Id: 26-1414141414, CT: 1788754475078, Constraints: [{ L: 43200000, D: 44100000, C: CHARGING_NONE, I: IDLE_NONE, N: NET_NONE, B: BATTERY_ANY }]
09-07 19:57:33.427 16016 16050 I Finsky  : [131] SCH: Scheduling phonesky job Id: 34-897, CT: 1788779667055, Constraints: [{ L: 7199971, D: 1303199971, C: CHARGING_REQUIRED, I: IDLE_REQUIRED, N: NET_UNMETERED, B: BATTERY_ANY }, { L: 7199971, D: 1303199971, C: CHARGING_NONE, I: IDLE_REQUIRED, N: NET_UNMETERED, B: BATTERY_NOT_LOW }]
09-07 19:57:33.427 16016 16050 I Finsky  : [131] SCH: Scheduling phonesky job Id: 34-898, CT: 1788742873990, Constraints: [{ L: 388475271, D: 1684475271, C: CHARGING_NONE, I: IDLE_NONE, N: NET_UNMETERED, B: BATTERY_NOT_LOW }]
09-07 19:57:33.451 16016 16051 I Finsky  : [132] SCH: Scheduling 0 system job(s)
09-07 19:57:33.481 14328 16749 I PeopleChimeraService: onService. callbacks = dgbg@557be52, request = com.google.android.gms.common.internal.GetServiceRequest@7c53523
09-07 19:57:33.497 18429 18429 I GnpSdk  : Intent received for action [android.accounts.LOGIN_ACCOUNTS_CHANGED] package [com.google.android.contacts].
09-07 19:57:33.498 18429 18429 I GnpSdk  : Phenotype initialized.
09-07 19:57:33.499 18429 18429 I GnpSdk  : Validation OK for action [android.accounts.LOGIN_ACCOUNTS_CHANGED].
09-07 19:57:33.525 18187 18187 W ComponentDiscovery: Class com.google.firebase.installations.FirebaseInstallationsKtxRegistrar is not an found.
09-07 19:57:33.530 14328 16749 I PeopleChimeraService: onService. callbacks = dgbg@13a7a20, request = com.google.android.gms.common.internal.GetServiceRequest@bdbefd9
09-07 19:57:33.551 14328 16749 I PeopleChimeraService: onService. callbacks = dgbg@a8f6d9e, request = com.google.android.gms.common.internal.GetServiceRequest@8ac007f
09-07 19:57:33.608 14328 16749 I PeopleChimeraService: onService. callbacks = dgbg@a9d184c, request = com.google.android.gms.common.internal.GetServiceRequest@912b095
09-07 19:57:33.618 14328 16749 I PeopleChimeraService: onService. callbacks = dgbg@700c5aa, request = com.google.android.gms.common.internal.GetServiceRequest@30a259b
09-07 19:57:33.666  3867 15145 I .gms.persistent: AssetManager2(0xb400007395e81e58) locale list changing from [] to [en-IN]
09-07 19:57:33.714 16016 16044 I Finsky  : [125] WM::SCH: Logging work initialize for 16-16161616
09-07 19:57:33.725 16016 16052 I Finsky  : [133] SCH: Scheduling phonesky job Id: 16-16161616, CT: 1788791253419, Constraints: [{ L: 60000, D: 60000, C: CHARGING_NONE, I: IDLE_NONE, N: NET_NONE, B: BATTERY_ANY }]
09-07 19:57:33.730 16016 16051 I Finsky  : [132] SCH: Scheduling 1 system job(s)
09-07 19:57:33.732 16016 16051 W JobInfo : Job 'com.android.vending/com.google.android.finsky.scheduler.process.mainimpl.PhoneskyJobServiceMain#9920' has a deadline with no functional constraints. The deadline won't improve job execution latency. Consider removing the deadline.
09-07 19:57:33.732 16016 16051 I Finsky  : [132] SCH: Scheduling system job Id: 9920, L: 59689, D: 59689, C: false, I: false, N: 0
09-07 19:57:33.803 18491 18491 I .android.dialer: Using generational CollectorTypeCC GC.
09-07 19:57:33.810 18353 18422 I AccountsGroomerImpl: Number of accounts changed
09-07 19:57:33.817 18491 18491 E .android.dialer: BBinder_init Processname  com.google.android.dialer  
09-07 19:57:33.818 18491 18491 E .android.dialer: BBinder_init hasGetProcessName  com.google.android.dialer
09-07 19:57:33.830 18353 18422 I GlobalPreferences: Set new accounts list
09-07 19:57:33.978 18353 18422 I BackgroundTaskManagerIm: Executing task ADD_OR_REMOVE_PURCHASE_NOTIFICATION_CHANNEL.add_or_remove_purchase_notification_channel with SEQUENTIAL execution policy.
09-07 19:57:34.005 18491 18491 I .android.dialer: AssetManager2(0xb400007395e23f38) locale list changing from [] to [en-IN]
09-07 19:57:34.052 18429 18479 I GnpSdk  : Started Broadcast execution [1].
09-07 19:57:34.109 18429 18479 I GnpSdk  : Executing action in BroadcastReceiver [android.accounts.LOGIN_ACCOUNTS_CHANGED].
09-07 19:57:34.157 18429 18479 I GnpSdk  : Executing async action [android.accounts.LOGIN_ACCOUNTS_CHANGED] in Coroutine Scope.
09-07 19:57:34.270 18187 18516 E Challenge: Library loaded Started
09-07 19:57:34.361 18491 18491 I DialerAtlasPixelTipsContentProvider: com.android.incallui.atlas.ui.impl.pixeltipsintegration.AtlasPixelTipsContentProvider.onCreate:40 enter
09-07 19:57:34.361 18491 18491 I DialerRevelioTipsContentProvider: com.android.dialer.revelio.impl.RevelioTipsContentProvider.onCreate:32 enter
09-07 19:57:34.361 18491 18491 I DialerTidepodsRevelioTipsContentProvider: com.android.dialer.revelio.impl.tidepods.impl.TidepodsRevelioTipsContentProvider.onCreate:42 enter
09-07 19:57:34.361 18491 18491 I DialerDialerBaseApplication: com.android.dialer.DialerBaseApplication.onCreate:22 onCreate
09-07 19:57:34.367 18491 18491 I aejd    : SslGuard completed installation.
09-07 19:57:34.369 18187 18516 E Challenge: Library Loaded Successfully in 98ms
09-07 19:57:34.381 18491 18524 I DialerGmsFlagCommitter: com.android.dialer.phenotype.GmsFlagCommitter.commit:52 flags committing
09-07 19:57:34.381 18491 18491 I DialerInternalSemanticEventLogger: com.android.dialer.cui.impl.InternalSemanticEventLogger.handleEvent$<anonymous>:140 CUI event: APP_ON_CREATE; uniqueCallId: null
09-07 19:57:34.412  3867 15145 I .gms.persistent: AssetManager2(0xb400007395e8cd58) locale list changing from [] to [en-IN]
09-07 19:57:34.415 18353 18456 W JobInfo : Requested important-while-foreground flag for job4119 is ignored and takes no effect
09-07 19:57:34.423 18491 18532 I DialerLocaleProvider: com.android.dialer.callrecording.impl.localeprovider.LocaleProvider.getNetworkCountryMatchesSimCountryInternal:163 NetworkCountryCode: IN, SimCountryIso: IN
09-07 19:57:34.425 18491 18532 I DialerLegacyCountryDetector: com.android.dialer.location.LegacyCountryDetector.getCurrentPhysicalCountryIso:143 returning Redacted-2-chars
09-07 19:57:34.426 18491 18532 I DialerLocaleProvider: com.android.dialer.callrecording.impl.localeprovider.LocaleProvider.getSupportedLocaleFromCountryCode:174 checking whether country IN is supported by builtInAudio for start/end audio
09-07 19:57:34.426 18491 18532 I DialerLocaleProvider: com.android.dialer.callrecording.impl.localeprovider.LocaleProvider.getSupportedLocaleFromCountryCode:185 country IN not supported by builtInAudio
09-07 19:57:34.428 18491 18532 I DialerLegacyCountryDetector: com.android.dialer.location.LegacyCountryDetector.getCurrentPhysicalCountryIso:143 returning Redacted-2-chars
09-07 19:57:34.428 18491 18532 I DialerTtsLocaleProvider: com.android.dialer.audio.audioinjector.localeprovider.TtsLocaleProvider$Companion.getSupportedLocaleFromCountryCode:78 checking whether country IN is supported by TTS for start/end audio
09-07 19:57:34.428 18491 18532 I DialerTtsLocaleProvider: com.android.dialer.audio.audioinjector.localeprovider.TtsLocaleProvider$Companion.getSupportedLocaleFromCountryCode:111 country IN start/end audio supported by TTS
09-07 19:57:34.429 18491 18532 I DialerCanRecord: com.android.dialer.callrecording.impl.canrecord.CanRecord.forceOverrideDeviceModel:146 Device I2404 matches ForceEnableDeviceModels false
09-07 19:57:34.429 18491 18532 I DialerCanRecord: com.android.dialer.callrecording.impl.canrecord.CanRecord.canRecordCall:109 Call recording is enabled by call_recording_audio system feature
09-07 19:57:34.430 18491 18532 I DialerCallRecordingStartupListener: com.android.dialer.callrecording.startup.CallRecordingStartupListener.onApplicationStartup:68 prewarming TTS
09-07 19:57:34.431 18491 18532 I DialerLocaleProvider: com.android.dialer.callrecording.impl.localeprovider.LocaleProvider.getCurrentLocaleForBuiltInAudioFile:136 checking built in audio file locale
09-07 19:57:34.431 18491 18532 I DialerLegacyCountryDetector: com.android.dialer.location.LegacyCountryDetector.getCurrentPhysicalCountryIso:143 returning Redacted-2-chars
09-07 19:57:34.431 18491 18532 I DialerLocaleProvider: com.android.dialer.callrecording.impl.localeprovider.LocaleProvider.getSupportedLocaleFromCountryCode:174 checking whether country IN is supported by builtInAudio for start/end audio
09-07 19:57:34.431 18491 18532 I DialerLocaleProvider: com.android.dialer.callrecording.impl.localeprovider.LocaleProvider.getSupportedLocaleFromCountryCode:185 country IN not supported by builtInAudio
09-07 19:57:34.433 18491 18537 I DialerLoggingTelephonyCache: com.google.android.callingshared.logging.telephony.LoggingTelephonyCache.setUpNetworkMemoize:127 getNetworkOperatorName
09-07 19:57:34.435 18491 18491 I DialerShortcutsJobScheduler: com.android.dialer.shortcuts.ShortcutsJobScheduler.schedule:55 schedule
09-07 19:57:34.446 18429 18458 W JobInfo : Requested important-while-foreground flag for job103679 is ignored and takes no effect
09-07 19:57:34.454 18491 18542 I DialerFlags: com.android.dialer.phenotype.Flags$1.onSuccess:123 finished with result: true
09-07 19:57:34.498 18353 18456 W JobInfo : Requested important-while-foreground flag for job4123 is ignored and takes no effect
09-07 19:57:34.502 18491 18524 I DialerDobbyEnabledFn: com.android.dialer.dobby.enabledfn.DobbyEnabledFn.isEnabled:23 disabled by flag [CONTEXT ratelimit_period="1 MINUTES" ]
09-07 19:57:34.502 18491 18524 I DialerDarpaComponentEnabledStateUpdater: com.android.dialer.darpa.impl.DarpaComponentEnabledStateUpdater.update$<anonymous>:38 update FEATURE_CALLER_ID_AND_SPAM:1
09-07 19:57:34.509 18491 18534 I DialerDialerCarAppServiceStateUpdater: com.android.dialer.androidauto.impl.carservice.DialerCarAppServiceStateUpdater.hasRequiredPermissions$<anonymous>:114 Missing permissions for Dialer on Android Auto: android.permission.READ_CALL_LOG, android.permission.WRITE_CALL_LOG, android.permission.READ_CONTACTS, android.permission.WRITE_CONTACTS, android.permission.READ_PHONE_STATE, android.permission.CALL_PHONE [CONTEXT ratelimit_period="1 MINUTES" ]
09-07 19:57:34.521 18491 18491 I DialerFlags: com.android.dialer.phenotype.Flags.registerDialerMendelConfigPackage:147 phenotype register status: true
09-07 19:57:34.521 18491 18491 I DialerMainActivityStartupMonitor: com.android.dialer.startup.mainactivitystartup.MainActivityStartupMonitor.onApplicationCreated$<anonymous>:32 mainActivityCreated: false
09-07 19:57:34.522 18491 18491 I DialerInternalSemanticEventLogger: com.android.dialer.cui.impl.InternalSemanticEventLogger.handleEvent$<anonymous>:140 CUI event: APP_ON_CREATE_RUNNABLE_COMPLETED_BEFORE_MAIN_ACTIVITY_CREATED; uniqueCallId: null
09-07 19:57:34.522 18491 18524 I DialerDarpaComponentEnabledStateUpdater: com.android.dialer.darpa.impl.DarpaComponentEnabledStateUpdater.update$<anonymous>:38 update FEATURE_SPAM_BLOCKING:1
09-07 19:57:34.526 18491 18524 I DialerDarpaComponentEnabledStateUpdater: com.android.dialer.darpa.impl.DarpaComponentEnabledStateUpdater.update$<anonymous>:38 update FEATURE_DOBBY:2
09-07 19:57:34.528 18491 18537 I DialerLoggingTelephonyCache: com.google.android.callingshared.logging.telephony.LoggingTelephonyCache.setUpNetworkMemoize:136 getNetworkCountryIso
09-07 19:57:34.533 18491 18537 I DialerLoggingTelephonyCache: com.google.android.callingshared.logging.telephony.LoggingTelephonyCache.setUpNetworkMemoize:145 getNetworkOperator
09-07 19:57:34.540 18491 18491 I DialerGnpSdk: Intent received for action [android.accounts.LOGIN_ACCOUNTS_CHANGED] package [com.google.android.dialer].
09-07 19:57:34.554 18491 18491 I DialerGnpSdk: Phenotype initialized.
09-07 19:57:34.565 18187 18512 I FA      : App measurement initialized, version: 183005
09-07 19:57:34.565 18187 18512 I FA      : To enable debug logging run: adb shell setprop log.tag.FA VERBOSE
09-07 19:57:34.566 18491 18491 I DialerGnpSdk: Validation OK for action [android.accounts.LOGIN_ACCOUNTS_CHANGED].
09-07 19:57:34.567 18555 18555 E arhead:provider: BBinder_init Processname  com.google.android.projection.gearhead:provider  
09-07 19:57:34.567 18555 18555 E arhead:provider: BBinder_init hasGetProcessName  com.google.android.projection.gearhead:provider
09-07 19:57:34.569 18429 18458 W JobInfo : Requested important-while-foreground flag for job103680 is ignored and takes no effect
09-07 19:57:34.579 18353 18456 W JobInfo : Requested important-while-foreground flag for job4128 is ignored and takes no effect
09-07 19:57:34.607 18491 18491 I DialerGnpSdk: com.google.android.libraries.notifications.platform.tiktok.executor.GnpExecutorApiImpl.executeInBroadcast:107 Submitting Broadcast execution [201855138] to tiktok executor.
09-07 19:57:34.608 18187 18512 I FA      : To enable faster debug mode event logging run:
09-07 19:57:34.608 18187 18512 I FA      :   adb shell setprop debug.firebase.analytics.app com.google.android.apps.nbu.paisa.user
09-07 19:57:34.608 18491 18534 I DialerGnpSdk: Executing action in BroadcastReceiver [android.accounts.LOGIN_ACCOUNTS_CHANGED].
09-07 19:57:34.608 18491 18534 I DialerGnpSdk: Executing async action [android.accounts.LOGIN_ACCOUNTS_CHANGED] in Coroutine Scope.
09-07 19:57:34.611 18491 18532 I .android.dialer: AssetManager2(0xb400007395e24258) locale list changing from [] to [en-IN]
09-07 19:57:34.614 18491 18540 I DialerInternalSemanticEventLogger: com.android.dialer.cui.impl.InternalSemanticEventLogger.processPotentialCancelEvent:226 Cancelled logging CUI AppStartToMainActivity to GIL due to cancelEvent
09-07 19:57:34.614 18491 18539 I DialerDarpaPhenotypeFlagsCommitSucceededListener: com.android.dialer.darpa.impl.DarpaPhenotypeFlagsCommitSucceededListener$onFlagsCommittedSuccessfully$<anonymous>.onSuccess:30 update component enabled states successfully
09-07 19:57:34.616 18491 18491 I DialerAndroidAutoStatusLookupImpl: com.android.dialer.androidautostatuslookup.impl.AndroidAutoStatusLookupImpl.awaitCallbackWithTimeout:133 liveData timeout exception.
09-07 19:57:34.624 18555 18555 W arhead:provider: Failed to find entry 'classes.dex': Entry not found
09-07 19:57:34.628 18555 18555 W arhead:provider: Failed to find entry 'classes.dex': Entry not found
09-07 19:57:34.631 18555 18555 W arhead:provider: Failed to find entry 'classes.dex': Entry not found
09-07 19:57:34.648 18555 18555 I arhead:provider: AssetManager2(0xb400007395e27138) locale list changing from [] to [en-IN]
09-07 19:57:34.676 18429 18467 W JobInfo : Requested important-while-foreground flag for job103681 is ignored and takes no effect
09-07 19:57:34.689 16016 16102 W HWUI    : Image decoding logging dropped!
09-07 19:57:34.702 18555 18555 I CAR.GH  : onCreate
09-07 19:57:34.709 16016 16102 W HWUI    : Image decoding logging dropped!
09-07 19:57:34.721 18555 18555 I GH.PrimesMgr: transmitting to prod
09-07 19:57:34.740 18555 18555 I CAR.GH  : Process: PROVIDER
09-07 19:57:34.740 18555 18555 I CAR.GH  : Channel: PROD
09-07 19:57:34.741 18491 18539 I DialerDialerCarAppServiceStateUpdater: com.android.dialer.androidauto.impl.carservice.DialerCarAppServiceStateUpdater.updateCarAppServiceState$<anonymous>:57 CarAppService enabled state: desiredValue: false, protoStoreValue: false
09-07 19:57:34.741 18491 18539 I DialerDialerCarAppServiceStateUpdater: com.android.dialer.androidauto.impl.carservice.DialerCarAppServiceStateUpdater.updateCarAppServiceState$<anonymous>:70 Skipping CarAppService PackageManager state update
09-07 19:57:34.752  8145  8155 I ewrk    : (REDACTED) HDM. appOpsListener %s %s
09-07 19:57:34.753  8145  8155 I ewrk    : (REDACTED) HDM. Ignoring irrelevant audio permission changes for package %s
09-07 19:57:34.767 18491 18539 I DialerAndroidAutoStatusLookupImpl: com.android.dialer.androidautostatuslookup.impl.AndroidAutoStatusLookupImpl.isAndroidAutoConnected:97 Android Auto connected in 0 mode [CONTEXT ratelimit_period="1 MINUTES" ]
09-07 19:57:34.768 18491 18532 I TextToSpeech: Sucessfully bound to com.google.android.tts
09-07 19:57:34.782 18353 18353 I GnpSdk  : Validation OK for action [android.accounts.LOGIN_ACCOUNTS_CHANGED].
09-07 19:57:34.797 18491 18537 I DialerLoggingTelephonyCache: com.google.android.callingshared.logging.telephony.LoggingTelephonyCache.setUpNetworkMemoize:181 getSimCarrierIdName
09-07 19:57:34.797 18491 18538 I DialerLoggingTelephonyCache: com.google.android.callingshared.logging.telephony.LoggingTelephonyCache.setUpNetworkMemoize:191 getSimCountryIso
09-07 19:57:34.800 18588 18588 I gle.android.tts: Using generational CollectorTypeCC GC.
09-07 19:57:34.801 18491 18532 I DialerLogcatLoggingBindings: com.android.dialer.logging.logcat.LogcatLoggingBindings.logImpression:47 Impression: APP_LAUNCHED
09-07 19:57:34.804 17891 17940 I GMS_MM_Logger: (REDACTED) Start time: %s
09-07 19:57:34.807 18588 18588 E gle.android.tts: BBinder_init Processname  com.google.android.tts  
09-07 19:57:34.807 18588 18588 E gle.android.tts: BBinder_init hasGetProcessName  com.google.android.tts
09-07 19:57:34.821 18353 18456 W JobInfo : Requested important-while-foreground flag for job4129 is ignored and takes no effect
09-07 19:57:34.852 18491 18537 I DialerLogcatLoggingBindings: com.android.dialer.logging.logcat.LogcatLoggingBindings.logImpression:54 Impression: CALL_SCREEN_INIT_AT_STARTUP
09-07 19:57:34.855 18588 18588 W gle.android.tts: Failed to find entry 'classes.dex': Entry not found
09-07 19:57:34.856 18588 18588 W gle.android.tts: Failed to find entry 'classes.dex': Entry not found
09-07 19:57:34.857 18588 18588 W gle.android.tts: Failed to find entry 'classes.dex': Entry not found
09-07 19:57:34.859 18491 18541 I DialerShortcutsJobScheduler: com.android.dialer.shortcuts.ShortcutsJobScheduler.scheduleJobInternal:82 job already scheduled.
09-07 19:57:34.866 18588 18588 I gle.android.tts: AssetManager2(0xb400007395e1f118) locale list changing from [] to [en-IN]
09-07 19:57:34.880 14328 16749 I MdiSyncModule: (REDACTED) Receiving API connection from package '%s'...
09-07 19:57:34.881 14328 16749 I MdiSyncModule: API connection successful!
09-07 19:57:34.902 18588 18605 E gle.android.tts: hiddenapi: Accessing hidden method Landroid/content/Context;->getUser()Landroid/os/UserHandle; (runtime_flags=0, domain=platform, api=blocked,test-api) from Lekr; (domain=app, TargetSdkVersion=36) using reflection: denied
09-07 19:57:34.902 18588 18605 W gle.android.tts: hiddenapi: If this is a platform test consider enabling VMRuntime.ALLOW_TEST_API_ACCESS change id for this package.
09-07 19:57:34.904 18588 18605 I carui   : CarUi plugin is not supported on Android platform version 16 or newer
09-07 19:57:34.906 18429 18479 I GnpSdk  : Finished executing async action [android.accounts.LOGIN_ACCOUNTS_CHANGED] in Coroutine Scope.
09-07 19:57:34.921 17589 17594 W droid.apps.docs: Suspending all threads took: 7.265ms
09-07 19:57:34.922 18353 18456 W JobInfo : Requested important-while-foreground flag for job4130 is ignored and takes no effect
09-07 19:57:34.934 18588 18588 I Analytics: Running on TYPE_PHONE
09-07 19:57:34.935 18588 18588 I kbf     : SslGuard completed installation.
09-07 19:57:34.938 18491 18534 I DialerGnpSdk: Finished executing async action [android.accounts.LOGIN_ACCOUNTS_CHANGED] in Coroutine Scope.
09-07 19:57:34.945 18491 18534 I DialerGnpSdk: com.google.android.libraries.notifications.platform.tiktok.executor.GnpExecutorApiImpl$2.run:128 Finished Broadcast execution [201855138].
09-07 19:57:34.950 18588 18588 I NativeLibraryLoader: Beginning load of google_speech_sbg_tts_jni...
09-07 19:57:34.957 18429 18479 I GnpSdk  : Finished Broadcast execution [1].
09-07 19:57:34.960  8145  8155 I ewrk    : (REDACTED) HDM. appOpsListener %s %s
09-07 19:57:34.961  8145  8155 I ewrk    : (REDACTED) HDM. Ignoring irrelevant audio permission changes for package %s
09-07 19:57:34.968 18491 18491 I DialerDeviceAccountsChangedReceiver: com.google.apps.tiktok.account.data.device.DeviceAccountsChangedReceiver.onReceive:40 DeviceAccountsChangedReceiver#onReceive
09-07 19:57:34.986 16904 16958 I SQLiteConnection: Long db operation: /data/user/0/com.google.android.apps.wellbeing/no_backup/androidx.work.workdb
09-07 19:57:35.025 18588 18621 I VoiceDataDownloader: Not already initialized. Initializing Superpacks.
09-07 19:57:35.032 18588 18621 I VoiceDataDownloader: Superpack object built.
09-07 19:57:35.032 18588 18621 I VoiceDataDownloader: Superpack slicing strategy registered
09-07 19:57:35.037 18588 18621 I VoiceDataDownloader: Superpack quota set for all voices.
09-07 19:57:35.039 18588 18621 I VoiceDataDownloader: Got bundled voice en-us-x-multi-r83
09-07 19:57:35.047 18588 18623 I SP      : Registering ttsvoices.3274, url: null, constraints: *:*:*:*, flags: *, requested: 3274, current: 3274
09-07 19:57:35.059 18588 18621 I VoiceDataDownloader: Superpacks created and default voices checked.
09-07 19:57:35.059 18588 18588 I GoogleTtsServicePeer: Creating Google TTS service, version googletts.google-speech-apk_20260803.02_p1.959443201
09-07 19:57:35.059 18588 18621 I VoiceDataDownloader: Successfully initialized Superpacks.
09-07 19:57:35.060 18588 18588 I VoiceDataManager: checkData: Refreshing list of all available voices...
09-07 19:57:35.071 12456 12496 I native  : I0000 00:00:1788791255.071122   12496 soda_async_impl.cc:1420] Current audio timestamp: 1788791254952829
09-07 19:57:35.081 17891 17940 I GMS_MM_Logger: Started.
09-07 19:57:35.087 18588 18621 I VoiceDataDownloader: getAvailableVoicesInfo en-us
09-07 19:57:35.087 18588 18621 I VoiceDataDownloader: getAvailableVoicesInfo en-in
09-07 19:57:35.089 18588 18621 I VoiceGenerator: Cache cleared
09-07 19:57:35.089 18588 18621 I VoiceDataManager: Calling onVoicesDataChange: updated voices
09-07 19:57:35.092 14328 16749 I MdiSyncModule: (REDACTED) Receiving API connection from package '%s'...
09-07 19:57:35.096 14328 16749 I MdiSyncModule: API connection successful!
09-07 19:57:35.104 18588 18615 I NativeLibraryLoader: google_speech_sbg_tts_jni (null) was loaded normally!
09-07 19:57:35.106 14328 14945 I MdiSyncModule: (REDACTED) Receiving API connection from package '%s'...
09-07 19:57:35.107 14328 14945 I MdiSyncModule: API connection successful!
09-07 19:57:35.110 18491 18501 I TextToSpeech: Connected to TTS engine
09-07 19:57:35.111 18588 18588 I Endpoint: Created gRPC endpoint for service class com.google.android.libraries.speech.transcription.recognition.grpc.GoogleAsrService
09-07 19:57:35.126 14328 16749 I MdiSyncModule: (REDACTED) Receiving API connection from package '%s'...
09-07 19:57:35.129 14328 16749 I MdiSyncModule: API connection successful!
09-07 19:57:35.136 18353 18627 I GnpSdk  : Started Broadcast execution [1].
09-07 19:57:35.141 18588 18633 I DefaultProcessValidator: Validating WorkManager process
09-07 19:57:35.141 18588 18635 I DefaultProcessValidator: Processes: NONE, true, com.google.android.tts, com.google.android.tts
09-07 19:57:35.149 18588 18613 I VoiceLanguageHelper: #initializeLanguages
09-07 19:57:35.155 18588 18633 W DynamiteModule: Local module descriptor class for com.google.android.gms.googlecertificates not found.
09-07 19:57:35.168 18588 18633 I DynamiteModule: Considering local module com.google.android.gms.googlecertificates:0 and remote module com.google.android.gms.googlecertificates:7
09-07 19:57:35.168 18588 18633 I DynamiteModule: Selected remote version of com.google.android.gms.googlecertificates, version >= 7
09-07 19:57:35.180 18588 18633 W System  : ClassLoader referenced unknown path: 
09-07 19:57:35.182  3867 16905 I TapAndPay: (REDACTED) Package verification for [%s]. callingPackage: %s - isIssuerOperation: %s - verified: %s
09-07 19:57:35.186 18588 18633 I gle.android.tts: AssetManager2(0xb400007395e2d218) locale list changing from [] to [en-IN]
09-07 19:57:35.187 18353 18627 I GnpSdk  : Executing action in BroadcastReceiver [android.accounts.LOGIN_ACCOUNTS_CHANGED].
09-07 19:57:35.188 18353 18627 I GnpSdk  : Executing async action [android.accounts.LOGIN_ACCOUNTS_CHANGED] in Coroutine Scope.
09-07 19:57:35.189 18353 18418 I AccountFreshener: Active account ID is the same.
09-07 19:57:35.189 18353 18418 I AccountFreshener: Successfully updated the active account.
09-07 19:57:35.192 12456 12545 W ProxyAndroidLoggerBackend: Too many Flogger logs received before configuration. Dropping old logs.
09-07 19:57:35.191  3867 18203 E TapAndPay: enableGetQuickAccessTileStatusApi flag off, returning error. [CONTEXT service_id=79 ]
09-07 19:57:35.192 18353 18553 W WM-Processor: Didn't find WorkSpec for id WorkGenerationalId(workSpecId=dc67f1a5-a7be-4434-a091-d41d92edf494, generation=0)
09-07 19:57:35.211 18353 18418 E WalletTileServiceManage: Failed to determine expected tile state
09-07 19:57:35.211 18353 18418 E WalletTileServiceManage: ahua: 8: 
09-07 19:57:35.211 18353 18418 E WalletTileServiceManage: 	at ahzw.a(:com.google.android.apps.walletnfcrel@933829454@26.34.970912840:15)
09-07 19:57:35.211 18353 18418 E WalletTileServiceManage: 	at ahzk.d(:com.google.android.apps.walletnfcrel@933829454@26.34.970912840:11)
09-07 19:57:35.211 18353 18418 E WalletTileServiceManage: 	at alch.p(:com.google.android.apps.walletnfcrel@933829454@26.34.970912840:3)
09-07 19:57:35.211 18353 18418 E WalletTileServiceManage: 	at akzr.a(:com.google.android.apps.walletnfcrel@933829454@26.34.970912840:535)
09-07 19:57:35.211 18353 18418 E WalletTileServiceManage: 	at pnm.onTransact(:com.google.android.apps.walletnfcrel@933829454@26.34.970912840:21)
09-07 19:57:35.211 18353 18418 E WalletTileServiceManage: 	at android.os.Binder.execTransactInternal(Binder.java:1441)
09-07 19:57:35.211 18353 18418 E WalletTileServiceManage: 	at android.os.Binder.execTransact(Binder.java:1380)
09-07 19:57:35.229 18588 18633 I gle.android.tts: AssetManager2(0xb400007395e2bc38) locale list changing from [] to [en-IN]
09-07 19:57:35.230 18588 18633 I gle.android.tts: AssetManager2(0xb400007395e2e1b8) locale list changing from [] to [en-IN]
09-07 19:57:35.232  3867  4328 I Wear_Controller: Wearable module requires a companion app to be installed.
09-07 19:57:35.232  3867  4328 I WearableService: Wearable Services not starting. Wear is not available on this device: MISSING_COMPANION_APP
09-07 19:57:35.236  3867  4305 W WearableService: onGetService: Wear is not available on this device. Calling package: com.google.android.gms
09-07 19:57:35.242 18588 18633 I NGSA.GoogleAsrService: #checkModelAvailability
09-07 19:57:35.244 18588 18633 I NGSA.MM.TTS: Hades populator is absent or preview refresh is disabled; skipping metadata fetch.
09-07 19:57:35.246 18588 18621 I VoiceDataManager: VoiceLM model paths resolved, triggering checkData
09-07 19:57:35.247 18588 18621 I VoiceDataManager: checkData: Refreshing list of all available voices...
09-07 19:57:35.256 18588 18621 I VoiceDataDownloader: getAvailableVoicesInfo en-us
09-07 19:57:35.256 18588 18621 I VoiceDataDownloader: getAvailableVoicesInfo en-in
09-07 19:57:35.257 18588 18621 I VoiceGenerator: Cache cleared
09-07 19:57:35.264  3867  3906 I FacsCacheGmsModule: (REDACTED) Receiving API connection to FACS API from package '%s'...
09-07 19:57:35.268  3867  3906 I FacsCacheGmsModule: API connection successful!
09-07 19:57:35.274 14328 14336 I FacsCacheGmsModule: Receiving API connection to internal FACS API...
09-07 19:57:35.275 14328 14336 I FacsCacheGmsModule: API connection successful!
09-07 19:57:35.277  3867  4458 I FacsCacheGmsModule: (REDACTED) Received 'getActivityControlsSettings' request from package '%s', instance id '%s', version '%d'...
09-07 19:57:35.278  3867  4458 I FacsCacheGmsModule: Operation 'getActivityControlsSettings' dispatched!
09-07 19:57:35.281  3867 18640 I FacsCacheGmsModule: (REDACTED) Executing operation '%s'...
09-07 19:57:35.286  3867  5811 I FacsCacheGmsModule: (REDACTED) Receiving API connection to FACS API from package '%s'...
09-07 19:57:35.287 14328 15167 I FacsCacheGmsModule: Receiving API connection to internal FACS API...
09-07 19:57:35.287 14328 15167 I FacsCacheGmsModule: API connection successful!
09-07 19:57:35.288  3867  5811 I FacsCacheGmsModule: API connection successful!
09-07 19:57:35.288  3867  5811 I FacsCacheGmsModule: (REDACTED) Receiving API connection to FACS API from package '%s'...
09-07 19:57:35.289  3867  5811 I FacsCacheGmsModule: API connection successful!
09-07 19:57:35.290  3867  5811 I FacsCacheGmsModule: (REDACTED) Receiving API connection to FACS API from package '%s'...
09-07 19:57:35.290  3867 18640 I FacsCacheGmsModule: (REDACTED) Operation '%s' successful!
09-07 19:57:35.291  3867  5811 I FacsCacheGmsModule: API connection successful!
09-07 19:57:35.291  3867  5811 I FacsCacheGmsModule: (REDACTED) Receiving API connection to FACS API from package '%s'...
09-07 19:57:35.291 18588 18621 I VoiceDataManager: Calling onVoicesDataChange: updated voices
09-07 19:57:35.292  3867  5811 I FacsCacheGmsModule: API connection successful!
09-07 19:57:35.292  3867  5811 I FacsCacheGmsModule: (REDACTED) Receiving API connection to FACS API from package '%s'...
09-07 19:57:35.293  3867  5811 I FacsCacheGmsModule: API connection successful!
09-07 19:57:35.293 14328 15167 I FacsCacheGmsModule: Receiving API connection to internal FACS API...
09-07 19:57:35.293  3867  5811 I FacsCacheGmsModule: (REDACTED) Received 'getActivityControlsSettings' request from package '%s', instance id '%s', version '%d'...
09-07 19:57:35.294 14328 15167 I FacsCacheGmsModule: API connection successful!
09-07 19:57:35.295 14328 15167 I FacsCacheGmsModule: Receiving API connection to internal FACS API...
09-07 19:57:35.295 14328 15167 I FacsCacheGmsModule: API connection successful!
09-07 19:57:35.300  3867  5811 I FacsCacheGmsModule: Operation 'getActivityControlsSettings' dispatched!
09-07 19:57:35.300 14328 15167 I FacsCacheGmsModule: Receiving API connection to internal FACS API...
09-07 19:57:35.301  3867  5811 I FacsCacheGmsModule: (REDACTED) Received 'getActivityControlsSettings' request from package '%s', instance id '%s', version '%d'...
09-07 19:57:35.301  3867  5811 I FacsCacheGmsModule: Operation 'getActivityControlsSettings' dispatched!
09-07 19:57:35.301 14328 15167 I FacsCacheGmsModule: API connection successful!
09-07 19:57:35.301  3867 18640 I FacsCacheGmsModule: (REDACTED) Executing operation '%s'...
09-07 19:57:35.301 14328 15167 I FacsCacheGmsModule: Receiving API connection to internal FACS API...
09-07 19:57:35.301  3867  5811 I FacsCacheGmsModule: (REDACTED) Received 'getActivityControlsSettings' request from package '%s', instance id '%s', version '%d'...
09-07 19:57:35.301  3867  5811 I FacsCacheGmsModule: Operation 'getActivityControlsSettings' dispatched!
09-07 19:57:35.302  3867  5811 I FacsCacheGmsModule: (REDACTED) Received 'getActivityControlsSettings' request from package '%s', instance id '%s', version '%d'...
09-07 19:57:35.302  3867  5811 I FacsCacheGmsModule: Operation 'getActivityControlsSettings' dispatched!
09-07 19:57:35.302 14328 15167 I FacsCacheGmsModule: API connection successful!
09-07 19:57:35.303  3867  5811 I FacsCacheGmsModule: (REDACTED) Received 'getActivityControlsSettings' request from package '%s', instance id '%s', version '%d'...
09-07 19:57:35.303  3867  5811 I FacsCacheGmsModule: Operation 'getActivityControlsSettings' dispatched!
09-07 19:57:35.303  3867 18640 I FacsCacheGmsModule: (REDACTED) Operation '%s' successful!
09-07 19:57:35.304  3867 18640 I FacsCacheGmsModule: (REDACTED) Executing operation '%s'...
09-07 19:57:35.306  3867 18640 I FacsCacheGmsModule: (REDACTED) Operation '%s' successful!
09-07 19:57:35.306  3867 18640 I FacsCacheGmsModule: (REDACTED) Executing operation '%s'...
09-07 19:57:35.308  3867 18640 I FacsCacheGmsModule: (REDACTED) Operation '%s' successful!
09-07 19:57:35.308  3867 18640 I FacsCacheGmsModule: (REDACTED) Executing operation '%s'...
09-07 19:57:35.310  3867 18640 I FacsCacheGmsModule: (REDACTED) Operation '%s' successful!
09-07 19:57:35.311  3867 18640 I FacsCacheGmsModule: (REDACTED) Executing operation '%s'...
09-07 19:57:35.313  3867 18640 I FacsCacheGmsModule: (REDACTED) Operation '%s' successful!
09-07 19:57:35.554 18650 18650 W libc    : Access denied finding property "ro.debuggable"
09-07 19:57:35.662 18657 18657 W libc    : Access denied finding property "ro.secure"
09-07 19:57:35.687 18353 18553 I WM-WorkerWrapper: Worker result SUCCESS for Work [ id=cad6e6f9-033c-48a3-b204-686c42f0ab03, class=com.google.android.apps.wallet.infrastructure.chime.registration.ChimeRegistrationWorker, tags={ com.google.android.apps.wallet.infrastructure.chime.registration.ChimeRegistrationWorker,ChimeRegImmediate } ]
09-07 19:57:35.740 18353 18456 W GeofenceWorker: [GEOFENCE] GeofenceWorker started but doesn't have the necessary permissions, removing existing geofences.
09-07 19:57:35.764 18187 18651 I HttpFlagsLoader: HTTP flags log line (Impl): Using live production flag values from Google
09-07 19:57:35.782  3867 18640 W TapAndPay: Multiple accounts found. [CONTEXT service_id=79 ]
09-07 19:57:35.822 18353 18418 W SupervisedChildWorker: [Hamster] User didn't graduate.
09-07 19:57:35.866 18353 18544 I WM-WorkerWrapper: Worker result SUCCESS for Work [ id=04cc7cce-b96e-4cda-bca9-276372135009, class=com.google.android.apps.wallet.infrastructure.account.supervised.SupervisedChildWorker, tags={ com.google.android.apps.wallet.infrastructure.account.supervised.SupervisedChildWorker } ]
09-07 19:57:35.882 18491 18539 I DialerLoggingConsentCheckerImpl: com.google.android.callingshared.logging.consent.impl.LoggingConsentCheckerImpl.getConsent$<anonymous>:72 timer stop with success, timer present: false
09-07 19:57:35.900 18491 18539 I DialerLoggingConsentCheckerImpl: com.google.android.callingshared.logging.consent.impl.LoggingConsentCheckerImpl.getConsent$<anonymous>:72 timer stop with success, timer present: false
09-07 19:57:35.909 18353 18663 W ComponentDiscovery: Class com.google.firebase.installations.FirebaseInstallationsKtxRegistrar is not an found.
09-07 19:57:35.911 18353 18663 I FirebaseApp: Device unlocked: initializing all Firebase APIs for app CHIME_ANDROID_SDK
09-07 19:57:36.004 18187 18465 I cn_CronetLibraryLoader: Cronet version: 147.0.7727.132, arch: aarch64
09-07 19:57:36.056 18353 18627 I GnpSdk  : Finished executing async action [android.accounts.LOGIN_ACCOUNTS_CHANGED] in Coroutine Scope.
09-07 19:57:36.059 18353 18627 I GnpSdk  : Finished Broadcast execution [1].
09-07 19:57:36.077 18353 18353 I DeviceAccountsChangedRe: DeviceAccountsChangedReceiver#onReceive
09-07 19:57:36.098 14328 14945 I ConsentManagerApiServic: (REDACTED) ConsentManagerApiService onGetService success %s
09-07 19:57:36.137 18353 18544 W JobInfo : Requested important-while-foreground flag for job4133 is ignored and takes no effect
09-07 19:57:36.165 18353 18554 I WM-WorkerWrapper: Work [ id=ee69c458-06c5-4caf-8088-4c11c8ba85eb, class=com.google.android.libraries.notifications.platform.entrypoints.job.GnpWorker, tags={ com.google.android.libraries.notifications.platform.entrypoints.job.GnpWorker,GNP_SDK_JOB } ] was cancelled
09-07 19:57:36.165 18353 18554 I WM-WorkerWrapper: nxc
09-07 19:57:36.165 18353 18554 I WM-WorkerWrapper: 	at nvk.e(:com.google.android.apps.walletnfcrel@933829454@26.34.970912840:5)
09-07 19:57:36.165 18353 18554 I WM-WorkerWrapper: 	at odt.b(:com.google.android.apps.walletnfcrel@933829454@26.34.970912840:135)
09-07 19:57:36.165 18353 18554 I WM-WorkerWrapper: 	at odn.run(:com.google.android.apps.walletnfcrel@933829454@26.34.970912840:31)
09-07 19:57:36.165 18353 18554 I WM-WorkerWrapper: 	at nao.a(:com.google.android.apps.walletnfcrel@933829454@26.34.970912840:3)
09-07 19:57:36.165 18353 18554 I WM-WorkerWrapper: 	at nax.w(:com.google.android.apps.walletnfcrel@933829454@26.34.970912840:10)
09-07 19:57:36.165 18353 18554 I WM-WorkerWrapper: 	at nax.o(:com.google.android.apps.walletnfcrel@933829454@26.34.970912840:6)
09-07 19:57:36.165 18353 18554 I WM-WorkerWrapper: 	at odu.b(:com.google.android.apps.walletnfcrel@933829454@26.34.970912840:277)
09-07 19:57:36.165 18353 18554 I WM-WorkerWrapper: 	at odu.a(:com.google.android.apps.walletnfcrel@933829454@26.34.970912840:132)
09-07 19:57:36.165 18353 18554 I WM-WorkerWrapper: 	at nvy.a(:com.google.android.apps.walletnfcrel@933829454@26.34.970912840:3)
09-07 19:57:36.165 18353 18554 I WM-WorkerWrapper: 	at ntr.run(:com.google.android.apps.walletnfcrel@933829454@26.34.970912840:21)
09-07 19:57:36.165 18353 18554 I WM-WorkerWrapper: 	at oej.run(:com.google.android.apps.walletnfcrel@933829454@26.34.970912840:3)
09-07 19:57:36.165 18353 18554 I WM-WorkerWrapper: 	at bqau.run(:com.google.android.apps.walletnfcrel@933829454@26.34.970912840:3)
09-07 19:57:36.165 18353 18554 I WM-WorkerWrapper: 	at bqao.e(:com.google.android.apps.walletnfcrel@933829454@26.34.970912840:1)
09-07 19:57:36.165 18353 18554 I WM-WorkerWrapper: 	at bqan.run(:com.google.android.apps.walletnfcrel@933829454@26.34.970912840:76)
09-07 19:57:36.258 18588 18612 I LocalSynthesizer: Attempting to load synthesizer for voice: en-in-x-enc-seanet-embedded
09-07 19:57:36.287 18588 18612 I ExoPlayerImpl: Init ba275a3 [AndroidXMedia3/1.11.0] [I2404, I2404, vivo, 36]
09-07 19:57:36.315 14328 16752 I AlarmManager: set [name: SystemMemoryCache type: 2 triggerAtMillis: 315386062744 windowMillis: -1 intervalMillis: 0]
09-07 19:57:36.344 18588 18612 I ExoPlayerImpl: Init c3ef61b [AndroidXMedia3/1.11.0] [I2404, I2404, vivo, 36]
09-07 19:57:36.348 18588 18612 I LocalSynthesizer: Voice en-in-x-enc-seanet-embedded is not supported by any existing synthesizers.
09-07 19:57:36.366 18588 18612 I ComposerWrapperImpl: Initializing new monolithic pipeline. New voice: en-in-x-enc-seanet-embedded
09-07 19:57:36.367 18588 18612 I PipelineReaderImpl: Initializing monolithic pipeline from disk: /data/user_de/0/com.google.android.tts/files/superpacks/en-in/en-in-x-multi-seanet-r65/pipeline.pb
09-07 19:57:36.387 18588 18612 I native  : I0000 00:00:1788791256.385098   18612 android_resource_loader.cc:38] Using Android specific resource loader
09-07 19:57:36.416 18588 18612 I native  : I0000 00:00:1788791256.415466   18612 android_resource_loader.cc:109] Loading resources for en_in_x_embedded_havoc/13603860279767109096
09-07 19:57:36.420 18588 18612 I native  : I0000 00:00:1788791256.420261   18612 data_source.cc:95] Opening data source "/data/user_de/0/com.google.android.tts/files/superpacks/en-in/en-in-x-multi-seanet-r65/../en-in-x-multi-r65/burdock_frame_config.pb" (as: FILE) ...
09-07 19:57:36.422 18588 18612 I native  : I0000 00:00:1788791256.422492   18612 data_source.cc:99] ... Opened data source "/data/user_de/0/com.google.android.tts/files/superpacks/en-in/en-in-x-multi-seanet-r65/../en-in-x-multi-r65/burdock_frame_config.pb" of size 68
09-07 19:57:36.428 18588 18612 I native  : I0000 00:00:1788791256.428906   18612 android_resource_loader.cc:100] Built resource acoustic_frame_config
09-07 19:57:36.429 18588 18612 I native  : I0000 00:00:1788791256.429118   18612 android_resource_loader.cc:116] Loaded resource:acoustic_frame_config
09-07 19:57:36.429 18588 18612 I native  : I0000 00:00:1788791256.429249   18612 data_source.cc:95] Opening data source "/data/user_de/0/com.google.android.tts/files/superpacks/en-in/en-in-x-multi-seanet-r65/../en-in-x-multi-r65/affixes_en_in_android.far" (as: FILE) ...
09-07 19:57:36.431 18588 18612 I native  : I0000 00:00:1788791256.431669   18612 data_source.cc:99] ... Opened data source "/data/user_de/0/com.google.android.tts/files/superpacks/en-in/en-in-x-multi-seanet-r65/../en-in-x-multi-r65/affixes_en_in_android.far" of size 52398
09-07 19:57:36.444 18588 18612 I native  : I0000 00:00:1788791256.444130   18612 android_resource_loader.cc:100] Built resource affix_word_splitter_grm
09-07 19:57:36.444 18588 18612 I native  : I0000 00:00:1788791256.444246   18612 android_resource_loader.cc:116] Loaded resource:affix_word_splitter_grm
09-07 19:57:36.444 18588 18612 I native  : I0000 00:00:1788791256.444340   18612 data_source.cc:95] Opening data source "/data/user_de/0/com.google.android.tts/files/superpacks/en-in/en-in-x-multi-seanet-r65/../en-in-x-multi-r65/affixes_params_en_in.pb" (as: FILE) ...
09-07 19:57:36.445 18588 18612 I native  : I0000 00:00:1788791256.445174   18612 data_source.cc:99] ... Opened data source "/data/user_de/0/com.google.android.tts/files/superpacks/en-in/en-in-x-multi-seanet-r65/../en-in-x-multi-r65/affixes_params_en_in.pb" of size 410
09-07 19:57:36.445 18588 18612 I native  : I0000 00:00:1788791256.445881   18612 affix_word_splitter_data.cc:33] Ambiguous affix entries for spelling ['s] -- their grammars should disambiguate them.
09-07 19:57:36.446 18588 18612 I native  : I0000 00:00:1788791256.446005   18612 affix_word_splitter_data.cc:33] Ambiguous affix entries for spelling ['s] -- their grammars should disambiguate them.
09-07 19:57:36.446 18588 18612 I native  : I0000 00:00:1788791256.446038   18612 affix_word_splitter_data.cc:33] Ambiguous affix entries for spelling ['s] -- their grammars should disambiguate them.
09-07 19:57:36.446 18588 18612 I native  : I0000 00:00:1788791256.446068   18612 affix_word_splitter_data.cc:33] Ambiguous affix entries for spelling [s] -- their grammars should disambiguate them.
09-07 19:57:36.446 18588 18612 I native  : I0000 00:00:1788791256.446099   18612 affix_word_splitter_data.cc:33] Ambiguous affix entries for spelling [s] -- their grammars should disambiguate them.
09-07 19:57:36.446 18588 18612 I native  : I0000 00:00:1788791256.446124   18612 affix_word_splitter_data.cc:33] Ambiguous affix entries for spelling [s] -- their grammars should disambiguate them.
09-07 19:57:36.446 18588 18612 I native  : I0000 00:00:1788791256.446161   18612 affix_word_splitter_data.cc:33] Ambiguous affix entries for spelling [ed] -- their grammars should disambiguate them.
09-07 19:57:36.446 18588 18612 I native  : I0000 00:00:1788791256.446206   18612 affix_word_splitter_data.cc:33] Ambiguous affix entries for spelling [ed] -- their grammars should disambiguate them.
09-07 19:57:36.446 18588 18612 I native  : I0000 00:00:1788791256.446245   18612 affix_word_splitter_data.cc:33] Ambiguous affix entries for spelling [ed] -- their grammars should disambiguate them.
09-07 19:57:36.446 18588 18612 I native  : I0000 00:00:1788791256.446282   18612 affix_word_splitter_data.cc:89] Loaded affixes in [/data/user_de/0/com.google.android.tts/files/superpacks/en-in/en-in-x-multi-seanet-r65/../en-in-x-multi-r65/affixes_params_en_in.pb].
09-07 19:57:36.446 18588 18612 I native  : I0000 00:00:1788791256.446365   18612 android_resource_loader.cc:100] Built resource affix_word_splitter
09-07 19:57:36.446 18588 18612 I native  : I0000 00:00:1788791256.446397   18612 android_resource_loader.cc:116] Loaded resource:affix_word_splitter
09-07 19:57:36.446 18588 18612 I native  : I0000 00:00:1788791256.446795   18612 data_source.cc:95] Opening data source "/data/user_de/0/com.google.android.tts/files/superpacks/en-in/en-in-x-multi-seanet-r65/../en-in-x-multi-r65/roman_numeral_android.far" (as: FILE) ...
09-07 19:57:36.447 18588 18612 I native  : I0000 00:00:1788791256.447271   18612 data_source.cc:99] ... Opened data source "/data/user_de/0/com.google.android.tts/files/superpacks/en-in/en-in-x-multi-seanet-r65/../en-in-x-multi-r65/roman_numeral_android.far" of size 5112
09-07 19:57:36.449 18588 18612 I native  : I0000 00:00:1788791256.449194   18612 android_resource_loader.cc:100] Built resource classify_roman_numerals_grm_fst
09-07 19:57:36.449 18588 18612 I native  : I0000 00:00:1788791256.449303   18612 android_resource_loader.cc:116] Loaded resource:classify_roman_numerals_grm_fst
09-07 19:57:36.449 18588 18612 I native  : I0000 00:00:1788791256.449362   18612 data_source.cc:95] Opening data source "/data/user_de/0/com.google.android.tts/files/superpacks/en-in/en-in-x-multi-seanet-r65/../en-in-x-multi-r65/en_in_pronounce.far" (as: FILE) ...
09-07 19:57:36.450 18588 18612 I native  : I0000 00:00:1788791256.450066   18612 data_source.cc:99] ... Opened data source "/data/user_de/0/com.google.android.tts/files/superpacks/en-in/en-in-x-multi-seanet-r65/../en-in-x-multi-r65/en_in_pronounce.far" of size 5040
09-07 19:57:36.450 18588 18612 I native  : I0000 00:00:1788791256.450937   18612 android_resource_loader.cc:100] Built resource compound_pronounce_grm_fst
09-07 19:57:36.451 18588 18612 I native  : I0000 00:00:1788791256.451040   18612 android_resource_loader.cc:116] Loaded resource:compound_pronounce_grm_fst
09-07 19:57:36.451 18588 18612 I native  : I0000 00:00:1788791256.451099   18612 data_source.cc:95] Opening data source "/data/user_de/0/com.google.android.tts/files/superpacks/en-in/en-in-x-multi-seanet-r65/../en-in-x-multi-r65/disambiguation_rules_en_in.pb" (as: FILE) ...
09-07 19:57:36.451 18588 18612 I native  : I0000 00:00:1788791256.451645   18612 data_source.cc:99] ... Opened data source "/data/user_de/0/com.google.android.tts/files/superpacks/en-in/en-in-x-multi-seanet-r65/../en-in-x-multi-r65/disambiguation_rules_en_in.pb" of size 81556
09-07 19:57:36.478 18588 18612 I native  : I0000 00:00:1788791256.478227   18612 android_resource_loader.cc:100] Built resource disambiguation_rules
09-07 19:57:36.478 18588 18612 I native  : I0000 00:00:1788791256.478377   18612 android_resource_loader.cc:116] Loaded resource:disambiguation_rules
09-07 19:57:36.478 18588 18612 I native  : I0000 00:00:1788791256.478446   18612 data_source.cc:95] Opening data source "/data/user_de/0/com.google.android.tts/files/superpacks/en-in/en-in-x-multi-seanet-r65/../en-in-x-multi-r65/disambiguation_rules_hi_in.pb" (as: FILE) ...
09-07 19:57:36.479 18588 18612 I native  : I0000 00:00:1788791256.479192   18612 data_source.cc:99] ... Opened data source "/data/user_de/0/com.google.android.tts/files/superpacks/en-in/en-in-x-multi-seanet-r65/../en-in-x-multi-r65/disambiguation_rules_hi_in.pb" of size 580
09-07 19:57:36.480 18588 18612 I native  : I0000 00:00:1788791256.479976   18612 android_resource_loader.cc:100] Built resource disambiguation_rules_hi_in
09-07 19:57:36.480 18588 18612 I native  : I0000 00:00:1788791256.480086   18612 android_resource_loader.cc:116] Loaded resource:disambiguation_rules_hi_in
09-07 19:57:36.480 18588 18612 I native  : I0000 00:00:1788791256.480148   18612 data_source.cc:95] Opening data source "/data/user_de/0/com.google.android.tts/files/superpacks/en-in/en-in-x-multi-seanet-r65/engine_config_en_in_x_embedded_havoc.pb" (as: FILE) ...
09-07 19:57:36.480 18588 18612 I native  : I0000 00:00:1788791256.480621   18612 data_source.cc:99] ... Opened data source "/data/user_de/0/com.google.android.tts/files/superpacks/en-in/en-in-x-multi-seanet-r65/engine_config_en_in_x_embedded_havoc.pb" of size 54
09-07 19:57:36.483 18588 18612 I native  : I0000 00:00:1788791256.482945   18612 android_resource_loader.cc:100] Built resource engine_config
09-07 19:57:36.483 18588 18612 I native  : I0000 00:00:1788791256.483103   18612 android_resource_loader.cc:116] Loaded resource:engine_config
09-07 19:57:36.483 18588 18612 I native  : I0000 00:00:1788791256.483209   18612 android_resource_loader.cc:100] Built resource guided_synthesis
09-07 19:57:36.483 18588 18612 I native  : I0000 00:00:1788791256.483255   18612 android_resource_loader.cc:116] Loaded resource:guided_synthesis
09-07 19:57:36.483 18588 18612 I native  : I0000 00:00:1788791256.483316   18612 data_source.cc:95] Opening data source "/data/user_de/0/com.google.android.tts/files/superpacks/en-in/en-in-x-multi-seanet-r65/../en-in-x-multi-r65/mapping_grammar_en.far" (as: FILE) ...
09-07 19:57:36.484 18588 18612 I native  : I0000 00:00:1788791256.483917   18612 data_source.cc:99] ... Opened data source "/data/user_de/0/com.google.android.tts/files/superpacks/en-in/en-in-x-multi-seanet-r65/../en-in-x-multi-r65/mapping_grammar_en.far" of size 863
09-07 19:57:36.485 18588 18612 I native  : I0000 00:00:1788791256.485637   18612 android_resource_loader.cc:100] Built resource homograph_mapping_grammar
09-07 19:57:36.485 18588 18612 I native  : I0000 00:00:1788791256.485768   18612 android_resource_loader.cc:116] Loaded resource:homograph_mapping_grammar
09-07 19:57:36.485 18588 18612 I native  : I0000 00:00:1788791256.485843   18612 data_source.cc:95] Opening data source "/data/user_de/0/com.google.android.tts/files/superpacks/en-in/en-in-x-multi-seanet-r65/../en-in-x-multi-r65/lettuce_model.fb" (as: MEMORY) ...
09-07 19:57:36.486 18588 18612 I native  : I0000 00:00:1788791256.486486   18612 data_source.cc:99] ... Opened data source "/data/user_de/0/com.google.android.tts/files/superpacks/en-in/en-in-x-multi-seanet-r65/../en-in-x-multi-r65/lettuce_model.fb" of size 1851008
09-07 19:57:36.493 18588 18612 I native  : I0000 00:00:1788791256.493907   18612 android_resource_loader.cc:100] Built resource lettuce_model_resource
09-07 19:57:36.494 18588 18612 I native  : I0000 00:00:1788791256.494029   18612 android_resource_loader.cc:116] Loaded resource:lettuce_model_resource
09-07 19:57:36.494 18588 18612 I native  : I0000 00:00:1788791256.494112   18612 android_resource_loader.cc:100] Built resource lettuce_model_scorer
09-07 19:57:36.494 18588 18612 I native  : I0000 00:00:1788791256.494150   18612 android_resource_loader.cc:116] Loaded resource:lettuce_model_scorer
09-07 19:57:36.494 18588 18612 I native  : I0000 00:00:1788791256.494200   18612 data_source.cc:95] Opening data source "/data/user_de/0/com.google.android.tts/files/superpacks/en-in/en-in-x-multi-seanet-r65/../en-in-x-multi-r65/lettuce_classify_embedded_in_generated_android.far" (as: FILE) ...
09-07 19:57:36.494 18588 18612 I native  : I0000 00:00:1788791256.494731   18612 data_source.cc:99] ... Opened data source "/data/user_de/0/com.google.android.tts/files/superpacks/en-in/en-in-x-multi-seanet-r65/../en-in-x-multi-r65/lettuce_classify_embedded_in_generated_android.far" of size 5989185
09-07 19:57:36.564 14328 14945 I MdiSyncModule: (REDACTED) Receiving API connection from package '%s'...
09-07 19:57:36.564 14328 14945 I MdiSyncModule: API connection successful!
09-07 19:57:36.573 14328 14945 I MdiSyncModule: (REDACTED) Receiving API connection from package '%s'...
09-07 19:57:36.574 14328 14945 I MdiSyncModule: API connection successful!
09-07 19:57:36.575 14328 14945 I MdiSyncModule: (REDACTED) Receiving API connection from package '%s'...
09-07 19:57:36.575 14328 14945 I MdiSyncModule: API connection successful!
09-07 19:57:36.578 18588 18612 I native  : I0000 00:00:1788791256.578845   18612 android_resource_loader.cc:100] Built resource lettuce_node_generator_grm
09-07 19:57:36.579 18588 18612 I native  : I0000 00:00:1788791256.578997   18612 android_resource_loader.cc:116] Loaded resource:lettuce_node_generator_grm
09-07 19:57:36.579 18588 18612 I native  : I0000 00:00:1788791256.579056   18612 data_source.cc:95] Opening data source "/data/user_de/0/com.google.android.tts/files/superpacks/en-in/en-in-x-multi-seanet-r65/../en-in-x-multi-r65/feats_android.far" (as: FILE) ...
09-07 19:57:36.579 18588 18612 I native  : I0000 00:00:1788791256.579596   18612 data_source.cc:99] ... Opened data source "/data/user_de/0/com.google.android.tts/files/superpacks/en-in/en-in-x-multi-seanet-r65/../en-in-x-multi-r65/feats_android.far" of size 950
09-07 19:57:36.580 18588 18612 I native  : I0000 00:00:1788791256.580167   18612 android_resource_loader.cc:100] Built resource lseq_classifier_grammar
09-07 19:57:36.580 18588 18612 I native  : I0000 00:00:1788791256.580210   18612 android_resource_loader.cc:116] Loaded resource:lseq_classifier_grammar
09-07 19:57:36.580 18588 18612 I native  : I0000 00:00:1788791256.580267   18612 data_source.cc:95] Opening data source "/data/user_de/0/com.google.android.tts/files/superpacks/en-in/en-in-x-multi-seanet-r65/../en-in-x-multi-r65/lucid_collection_android.far" (as: FILE) ...
09-07 19:57:36.580 18588 18612 I native  : I0000 00:00:1788791256.580742   18612 data_source.cc:99] ... Opened data source "/data/user_de/0/com.google.android.tts/files/superpacks/en-in/en-in-x-multi-seanet-r65/../en-in-x-multi-r65/lucid_collection_android.far" of size 306120
09-07 19:57:36.581 14328 14945 I MdiSyncModule: (REDACTED) Receiving API connection from package '%s'...
09-07 19:57:36.582 14328 14945 I MdiSyncModule: API connection successful!
09-07 19:57:36.586 18588 18612 I native  : I0000 00:00:1788791256.586350   18612 android_resource_loader.cc:100] Built resource lucid_parser_grm_fst
09-07 19:57:36.586 18588 18612 I native  : I0000 00:00:1788791256.586543   18612 android_resource_loader.cc:116] Loaded resource:lucid_parser_grm_fst
09-07 19:57:36.586 18588 18612 I native  : I0000 00:00:1788791256.586610   18612 data_source.cc:95] Opening data source "/data/user_de/0/com.google.android.tts/files/superpacks/en-in/en-in-x-multi-seanet-r65/../en-in-x-multi-r65/markup_triggers.pb" (as: FILE) ...
09-07 19:57:36.587 18588 18612 I native  : I0000 00:00:1788791256.587012   18612 data_source.cc:99] ... Opened data source "/data/user_de/0/com.google.android.tts/files/superpacks/en-in/en-in-x-multi-seanet-r65/../en-in-x-multi-r65/markup_triggers.pb" of size 930
09-07 19:57:36.589 18588 18612 I native  : I0000 00:00:1788791256.589260   18612 android_resource_loader.cc:100] Built resource markup_triggers
09-07 19:57:36.589 18588 18612 I native  : I0000 00:00:1788791256.589352   18612 android_resource_loader.cc:116] Loaded resource:markup_triggers
09-07 19:57:36.589 18588 18612 I native  : I0000 00:00:1788791256.589864   18612 data_source.cc:95] Opening data source "/data/user_de/0/com.google.android.tts/files/superpacks/en-in/en-in-x-multi-seanet-r65/../en-in-x-multi-r65/morphosyntactic_mapping.pb" (as: FILE) ...
09-07 19:57:36.590 18588 18612 I native  : I0000 00:00:1788791256.590476   18612 data_source.cc:99] ... Opened data source "/data/user_de/0/com.google.android.tts/files/superpacks/en-in/en-in-x-multi-seanet-r65/../en-in-x-multi-r65/morphosyntactic_mapping.pb" of size 6
09-07 19:57:36.592 18588 18612 I native  : I0000 00:00:1788791256.592883   18612 android_resource_loader.cc:100] Built resource morph_analyzer_attribute_map
09-07 19:57:36.593 18588 18612 I native  : I0000 00:00:1788791256.592990   18612 android_resource_loader.cc:116] Loaded resource:morph_analyzer_attribute_map
09-07 19:57:36.594 18588 18612 I native  : I0000 00:00:1788791256.594393   18612 android_resource_loader.cc:100] Built resource multilingual_capabilities
09-07 19:57:36.594 18588 18612 I native  : I0000 00:00:1788791256.594522   18612 android_resource_loader.cc:116] Loaded resource:multilingual_capabilities
09-07 19:57:36.594 18588 18612 I native  : I0000 00:00:1788791256.594917   18612 data_source.cc:95] Opening data source "/data/user_de/0/com.google.android.tts/files/superpacks/en-in/en-in-x-multi-seanet-r65/../en-in-x-multi-r65/en_in_phonology.pb" (as: FILE) ...
09-07 19:57:36.595 18588 18612 I native  : I0000 00:00:1788791256.595353   18612 data_source.cc:99] ... Opened data source "/data/user_de/0/com.google.android.tts/files/superpacks/en-in/en-in-x-multi-seanet-r65/../en-in-x-multi-r65/en_in_phonology.pb" of size 3440
09-07 19:57:36.595 14328 14945 I MdiSyncModule: (REDACTED) Receiving API connection from package '%s'...
09-07 19:57:36.596 14328 14945 I MdiSyncModule: API connection successful!
09-07 19:57:36.597 18588 18612 W native  : W0000 00:00:1788791256.597692   18612 phonology.cc:80] Phonemes g, g_h have non-distinctive features. See b/111971558.
09-07 19:57:36.597 18588 18612 W native  : W0000 00:00:1788791256.597792   18612 phonology.cc:80] Phonemes i:, I:~ have non-distinctive features. See b/111971558.
09-07 19:57:36.597 18588 18612 W native  : W0000 00:00:1788791256.597824   18612 phonology.cc:80] Phonemes d_d, d_d_h, d`_h have non-distinctive features. See b/111971558.
09-07 19:57:36.597 18588 18612 W native  : W0000 00:00:1788791256.597850   18612 phonology.cc:80] Phonemes l, r\ have non-distinctive features. See b/111971558.
09-07 19:57:36.597 18588 18612 W native  : W0000 00:00:1788791256.597876   18612 phonology.cc:80] Phonemes E, E:~ have non-distinctive features. See b/111971558.
09-07 19:57:36.597 18588 18612 W native  : W0000 00:00:1788791256.597900   18612 phonology.cc:80] Phonemes A, a:~ have non-distinctive features. See b/111971558.
09-07 19:57:36.597 18588 18612 W native  : W0000 00:00:1788791256.597924   18612 phonology.cc:80] Phonemes u:, u:~ have non-distinctive features. See b/111971558.
09-07 19:57:36.597 18588 18612 W native  : W0000 00:00:1788791256.597948   18612 phonology.cc:80] Phonemes k, k_h have non-distinctive features. See b/111971558.
09-07 19:57:36.597 18588 18612 W native  : W0000 00:00:1788791256.597971   18612 phonology.cc:80] Phonemes @, @~ have non-distinctive features. See b/111971558.
09-07 19:57:36.598 18588 18612 W native  : W0000 00:00:1788791256.597994   18612 phonology.cc:80] Phonemes tS, tS_h have non-distinctive features. See b/111971558.
09-07 19:57:36.598 18588 18612 W native  : W0000 00:00:1788791256.598031   18612 phonology.cc:80] Phonemes t_d, t_d_h have non-distinctive features. See b/111971558.
09-07 19:57:36.598 18588 18612 W native  : W0000 00:00:1788791256.598064   18612 phonology.cc:80] Phonemes Q, O:~ have non-distinctive features. See b/111971558.
09-07 19:57:36.598 18588 18612 W native  : W0000 00:00:1788791256.598089   18612 phonology.cc:80] Phonemes t`, t`_h have non-distinctive features. See b/111971558.
09-07 19:57:36.598 18588 18612 W native  : W0000 00:00:1788791256.598114   18612 phonology.cc:80] Phonemes n, n` have non-distinctive features. See b/111971558.
09-07 19:57:36.598 18588 18612 W native  : W0000 00:00:1788791256.598137   18612 phonology.cc:80] Phonemes dZ, dZ_h have non-distinctive features. See b/111971558.
09-07 19:57:36.598 18588 18612 W native  : W0000 00:00:1788791256.598160   18612 phonology.cc:80] Phonemes eI, e:, e:~, e@ have non-distinctive features. See b/111971558.
09-07 19:57:36.598 18588 18612 W native  : W0000 00:00:1788791256.598184   18612 phonology.cc:80] Phonemes b, b_h have non-distinctive features. See b/111971558.
09-07 19:57:36.601 18588 18612 I native  : I0000 00:00:1788791256.601134   18612 android_resource_loader.cc:100] Built resource phonology
09-07 19:57:36.601 18588 18612 I native  : I0000 00:00:1788791256.601232   18612 android_resource_loader.cc:116] Loaded resource:phonology
09-07 19:57:36.602 18588 18612 I native  : I0000 00:00:1788791256.602385   18612 data_source.cc:95] Opening data source "/data/user_de/0/com.google.android.tts/files/superpacks/en-in/en-in-x-multi-seanet-r65/../en-in-x-multi-r65/en_morphology" (as: FILE) ...
09-07 19:57:36.603 18588 18612 I native  : I0000 00:00:1788791256.603251   18612 data_source.cc:99] ... Opened data source "/data/user_de/0/com.google.android.tts/files/superpacks/en-in/en-in-x-multi-seanet-r65/../en-in-x-multi-r65/en_morphology" of size 2753822
09-07 19:57:36.611 14328 14945 I MdiSyncModule: (REDACTED) Receiving API connection from package '%s'...
09-07 19:57:36.611 14328 14945 I MdiSyncModule: API connection successful!
09-07 19:57:36.618 18588 18612 I native  : I0000 00:00:1788791256.618591   18612 model-api.cc:46] Registered model under key morphology
09-07 19:57:36.631 18588 18612 I native  : I0000 00:00:1788791256.631084   18612 android_resource_loader.cc:100] Built resource analyze_morphology_saft_portable_algo
09-07 19:57:36.631 18588 18612 I native  : I0000 00:00:1788791256.631223   18612 android_resource_loader.cc:116] Loaded resource:analyze_morphology_saft_portable_algo
09-07 19:57:36.632 18588 18612 I native  : I0000 00:00:1788791256.632234   18612 data_source.cc:95] Opening data source "/data/user_de/0/com.google.android.tts/files/superpacks/en-in/en-in-x-multi-seanet-r65/../en-in-x-multi-r65/ipa_to_tts_to-en_in.far" (as: FILE) ...
09-07 19:57:36.632 18588 18612 I native  : I0000 00:00:1788791256.632808   18612 data_source.cc:99] ... Opened data source "/data/user_de/0/com.google.android.tts/files/superpacks/en-in/en-in-x-multi-seanet-r65/../en-in-x-multi-r65/ipa_to_tts_to-en_in.far" of size 127189
09-07 19:57:36.635 18588 18612 I native  : I0000 00:00:1788791256.635439   18612 android_resource_loader.cc:100] Built resource ipa_to_tts_phoneme_mapper
09-07 19:57:36.635 18588 18612 I native  : I0000 00:00:1788791256.635574   18612 android_resource_loader.cc:116] Loaded resource:ipa_to_tts_phoneme_mapper
09-07 19:57:36.635 18588 18612 I native  : I0000 00:00:1788791256.635637   18612 data_source.cc:95] Opening data source "/data/user_de/0/com.google.android.tts/files/superpacks/en-in/en-in-x-multi-seanet-r65/../en-in-x-multi-r65/en_in.hlex.bin" (as: MEMORY) ...
09-07 19:57:36.636 18588 18612 I native  : I0000 00:00:1788791256.636159   18612 data_source.cc:99] ... Opened data source "/data/user_de/0/com.google.android.tts/files/superpacks/en-in/en-in-x-multi-seanet-r65/../en-in-x-multi-r65/en_in.hlex.bin" of size 4836600
09-07 19:57:36.647 14328 15167 I MdiSyncModule: (REDACTED) Receiving API connection from package '%s'...
09-07 19:57:36.650 14328 15167 I MdiSyncModule: API connection successful!
09-07 19:57:36.654 18588 18612 I native  : I0000 00:00:1788791256.653690   18612 android_resource_loader.cc:100] Built resource lexicon
09-07 19:57:36.654 18588 18612 I native  : I0000 00:00:1788791256.654122   18612 android_resource_loader.cc:116] Loaded resource:lexicon
09-07 19:57:36.654 18588 18612 I native  : I0000 00:00:1788791256.654342   18612 data_source.cc:95] Opening data source "/data/user_de/0/com.google.android.tts/files/superpacks/en-in/en-in-x-multi-seanet-r65/../en-in-x-multi-r65/homographs_model_en_in_embedded.bin" (as: MEMORY) ...
09-07 19:57:36.655 18588 18612 I native  : I0000 00:00:1788791256.655433   18612 data_source.cc:99] ... Opened data source "/data/user_de/0/com.google.android.tts/files/superpacks/en-in/en-in-x-multi-seanet-r65/../en-in-x-multi-r65/homographs_model_en_in_embedded.bin" of size 267912
09-07 19:57:36.697 18588 18612 I native  : I0000 00:00:1788791256.697175   18612 android_resource_loader.cc:100] Built resource homograph_classifier_model_resource
09-07 19:57:36.697 18588 18612 I native  : I0000 00:00:1788791256.697325   18612 android_resource_loader.cc:116] Loaded resource:homograph_classifier_model_resource
09-07 19:57:36.697 18588 18612 I native  : I0000 00:00:1788791256.697448   18612 data_source.cc:95] Opening data source "/data/user_de/0/com.google.android.tts/files/superpacks/en-in/en-in-x-multi-seanet-r65/../en-in-x-multi-r65/burdock_model.params.pb" (as: FILE) ...
09-07 19:57:36.698 18588 18612 I native  : I0000 00:00:1788791256.698161   18612 data_source.cc:99] ... Opened data source "/data/user_de/0/com.google.android.tts/files/superpacks/en-in/en-in-x-multi-seanet-r65/../en-in-x-multi-r65/burdock_model.params.pb" of size 7722
09-07 19:57:36.705 18588 18612 I native  : I0000 00:00:1788791256.705471   18612 android_resource_loader.cc:100] Built resource lstm_add_specification_resource
09-07 19:57:36.705 18588 18612 I native  : I0000 00:00:1788791256.705589   18612 android_resource_loader.cc:116] Loaded resource:lstm_add_specification_resource
09-07 19:57:36.706 18588 18612 I native  : I0000 00:00:1788791256.706106   18612 data_source.cc:95] Opening data source "/data/user_de/0/com.google.android.tts/files/superpacks/en-in/en-in-x-multi-seanet-r65/chive_model_fused.pb" (as: FILE) ...
09-07 19:57:36.706 18588 18612 I native  : I0000 00:00:1788791256.706590   18612 data_source.cc:99] ... Opened data source "/data/user_de/0/com.google.android.tts/files/superpacks/en-in/en-in-x-multi-seanet-r65/chive_model_fused.pb" of size 906
09-07 19:57:36.707 18588 18612 I native  : I0000 00:00:1788791256.707134   18612 data_source.cc:95] Opening data source "/data/user_de/0/com.google.android.tts/files/superpacks/en-in/en-in-x-multi-seanet-r65/burdock_valerian_model.tflite" (as: MEMORY) ...
09-07 19:57:36.707 18588 18612 I native  : I0000 00:00:1788791256.707818   18612 data_source.cc:99] ... Opened data source "/data/user_de/0/com.google.android.tts/files/superpacks/en-in/en-in-x-multi-seanet-r65/burdock_valerian_model.tflite" of size 1735104
09-07 19:57:36.734 18588 18612 I tflite  : Initialized TensorFlow Lite runtime.
09-07 19:57:36.743 18588 18612 W libc    : Access denied finding property "ro.hardware.chipname"
09-07 19:57:36.749 18588 18612 E tflite  : third_party/tensorflow/lite/core/subgraph.cc:1089 tensor.data.raw != nullptr was not true.
09-07 19:57:36.749 18588 18612 I native  : I0000 00:00:1788791256.749597   18612 chive_inference_resource.cc:233] Creating new CHiVE model [model graph]: 
09-07 19:57:36.749 18588 18612 I native  : I0000 00:00:1788791256.749671   18612 chive_model.cc:179] Creating a single pass CHiVE model
09-07 19:57:36.755 18588 18612 I native  : I0000 00:00:1788791256.755816   18612 android_resource_loader.cc:100] Built resource chive_inference_config
09-07 19:57:36.755 18588 18612 I native  : I0000 00:00:1788791256.755951   18612 android_resource_loader.cc:116] Loaded resource:chive_inference_config
09-07 19:57:36.756 18588 18612 I native  : I0000 00:00:1788791256.756022   18612 data_source.cc:95] Opening data source "/data/user_de/0/com.google.android.tts/files/superpacks/en-in/en-in-x-multi-seanet-r65/../en-in-x-multi-r65/hi_in_phonology.pb" (as: FILE) ...
09-07 19:57:36.756 18588 18612 I native  : I0000 00:00:1788791256.756477   18612 data_source.cc:99] ... Opened data source "/data/user_de/0/com.google.android.tts/files/superpacks/en-in/en-in-x-multi-seanet-r65/../en-in-x-multi-r65/hi_in_phonology.pb" of size 3576
09-07 19:57:36.758 18588 18612 W native  : W0000 00:00:1788791256.758628   18612 phonology.cc:80] Phonemes b, b_h have non-distinctive features. See b/111971558.
09-07 19:57:36.758 18588 18612 W native  : W0000 00:00:1788791256.758761   18612 phonology.cc:80] Phonemes E, E:~ have non-distinctive features. See b/111971558.
09-07 19:57:36.758 18588 18612 W native  : W0000 00:00:1788791256.758802   18612 phonology.cc:80] Phonemes d_d, d_d_h, d`_h have non-distinctive features. See b/111971558.
09-07 19:57:36.758 18588 18612 W native  : W0000 00:00:1788791256.758836   18612 phonology.cc:80] Phonemes eI, e:, e:~, e@ have non-distinctive features. See b/111971558.
09-07 19:57:36.758 18588 18612 W native  : W0000 00:00:1788791256.758866   18612 phonology.cc:80] Phonemes g, g_h have non-distinctive features. See b/111971558.
09-07 19:57:36.758 18588 18612 W native  : W0000 00:00:1788791256.758892   18612 phonology.cc:80] Phonemes dZ, dZ_h have non-distinctive features. See b/111971558.
09-07 19:57:36.758 18588 18612 W native  : W0000 00:00:1788791256.758918   18612 phonology.cc:80] Phonemes n, n` have non-distinctive features. See b/111971558.
09-07 19:57:36.758 18588 18612 W native  : W0000 00:00:1788791256.758943   18612 phonology.cc:80] Phonemes O:, O:~ have non-distinctive features. See b/111971558.
09-07 19:57:36.758 18588 18612 W native  : W0000 00:00:1788791256.758969   18612 phonology.cc:80] Phonemes t`, t`_h have non-distinctive features. See b/111971558.
09-07 19:57:36.759 18588 18612 W native  : W0000 00:00:1788791256.758996   18612 phonology.cc:80] Phonemes tS, tS_h have non-distinctive features. See b/111971558.
09-07 19:57:36.759 18588 18612 W native  : W0000 00:00:1788791256.759025   18612 phonology.cc:80] Phonemes t_d, t_d_h have non-distinctive features. See b/111971558.
09-07 19:57:36.759 18588 18612 W native  : W0000 00:00:1788791256.759060   18612 phonology.cc:80] Phonemes @, @~ have non-distinctive features. See b/111971558.
09-07 19:57:36.759 18588 18612 W native  : W0000 00:00:1788791256.759092   18612 phonology.cc:80] Phonemes a:, a:~ have non-distinctive features. See b/111971558.
09-07 19:57:36.759 18588 18612 W native  : W0000 00:00:1788791256.759119   18612 phonology.cc:80] Phonemes l, r have non-distinctive features. See b/111971558.
09-07 19:57:36.759 18588 18612 W native  : W0000 00:00:1788791256.759147   18612 phonology.cc:80] Phonemes u:, u:~ have non-distinctive features. See b/111971558.
09-07 19:57:36.759 18588 18612 W native  : W0000 00:00:1788791256.759172   18612 phonology.cc:80] Phonemes I:, I:~ have non-distinctive features. See b/111971558.
09-07 19:57:36.759 18588 18612 W native  : W0000 00:00:1788791256.759197   18612 phonology.cc:80] Phonemes k, k_h have non-distinctive features. See b/111971558.
09-07 19:57:36.760 18588 18612 I native  : I0000 00:00:1788791256.760207   18612 android_resource_loader.cc:100] Built resource phonology_hi_in
09-07 19:57:36.760 18588 18612 I native  : I0000 00:00:1788791256.760328   18612 android_resource_loader.cc:116] Loaded resource:phonology_hi_in
09-07 19:57:36.760 18588 18612 I native  : I0000 00:00:1788791256.760402   18612 data_source.cc:95] Opening data source "/data/user_de/0/com.google.android.tts/files/superpacks/en-in/en-in-x-multi-seanet-r65/../en-in-x-multi-r65/hi_in.hlex.bin" (as: MEMORY) ...
09-07 19:57:36.765 18588 18612 I native  : I0000 00:00:1788791256.765008   18612 data_source.cc:99] ... Opened data source "/data/user_de/0/com.google.android.tts/files/superpacks/en-in/en-in-x-multi-seanet-r65/../en-in-x-multi-r65/hi_in.hlex.bin" of size 1426104
09-07 19:57:36.781 18588 18612 I native  : I0000 00:00:1788791256.781490   18612 android_resource_loader.cc:100] Built resource lexicon_hi_in
09-07 19:57:36.781 18588 18612 I native  : I0000 00:00:1788791256.781677   18612 android_resource_loader.cc:116] Loaded resource:lexicon_hi_in
09-07 19:57:36.781 18588 18612 I native  : I0000 00:00:1788791256.781786   18612 data_source.cc:95] Opening data source "/data/user_de/0/com.google.android.tts/files/superpacks/en-in/en-in-x-multi-seanet-r65/../en-in-x-multi-r65/homographs_model_hi_in_embedded.bin" (as: MEMORY) ...
09-07 19:57:36.782 18588 18612 I native  : I0000 00:00:1788791256.782455   18612 data_source.cc:99] ... Opened data source "/data/user_de/0/com.google.android.tts/files/superpacks/en-in/en-in-x-multi-seanet-r65/../en-in-x-multi-r65/homographs_model_hi_in_embedded.bin" of size 192360
09-07 19:57:36.787 18588 18612 I native  : I0000 00:00:1788791256.787338   18612 android_resource_loader.cc:100] Built resource homograph_classifier_model_resource_hi_in
09-07 19:57:36.787 18588 18612 I native  : I0000 00:00:1788791256.787508   18612 android_resource_loader.cc:116] Loaded resource:homograph_classifier_model_resource_hi_in
09-07 19:57:36.787 18588 18612 I native  : I0000 00:00:1788791256.787757   18612 data_source.cc:95] Opening data source "/data/user_de/0/com.google.android.tts/files/superpacks/en-in/en-in-x-multi-seanet-r65/lettuce_node_generator_params_embedded_in_runtime.pb" (as: FILE) ...
09-07 19:57:36.788 18588 18612 I native  : I0000 00:00:1788791256.788422   18612 data_source.cc:99] ... Opened data source "/data/user_de/0/com.google.android.tts/files/superpacks/en-in/en-in-x-multi-seanet-r65/lettuce_node_generator_params_embedded_in_runtime.pb" of size 2942
09-07 19:57:36.792 14328 16611 I AdvertisingIdClient: shouldSendLog 26039900
09-07 19:57:36.792 14328 16611 I AdvertisingIdClient: GetInfoInternal elapse 298ms
09-07 19:57:36.831  3867 16212 W CCTFlatFileLogStore: Excessive logging: 4 events, 131603 bytes from log source ICING last 36s
09-07 19:57:36.945 14328 16749 I MdiSyncModule: (REDACTED) Receiving API connection from package '%s'...
09-07 19:57:36.946 14328 16749 I MdiSyncModule: API connection successful!
09-07 19:57:36.950 14328 16749 I MdiSyncModule: (REDACTED) Receiving API connection from package '%s'...
09-07 19:57:36.950 14328 16749 I MdiSyncModule: API connection successful!
09-07 19:57:36.952 14328 16749 I MdiSyncModule: (REDACTED) Receiving API connection from package '%s'...
09-07 19:57:36.953 14328 16749 I MdiSyncModule: API connection successful!
09-07 19:57:36.965 14328 16749 I MdiSyncModule: (REDACTED) Receiving API connection from package '%s'...
09-07 19:57:36.968 14328 16749 I MdiSyncModule: API connection successful!
09-07 19:57:36.982 14328 16749 I MdiSyncModule: (REDACTED) Receiving API connection from package '%s'...
09-07 19:57:36.983 14328 16749 I MdiSyncModule: API connection successful!
09-07 19:57:37.023 18187 18726 W PrimesLoggerHolder: Failed to get metric extension from configuration object
09-07 19:57:37.023 18187 18726 W PrimesLoggerHolder: java.lang.NullPointerException: Attempt to invoke virtual method 'java.lang.Class java.lang.Object.getClass()' on a null object reference
09-07 19:57:37.023 18187 18726 W PrimesLoggerHolder: 	at ozt.h(PG:4)
09-07 19:57:37.023 18187 18726 W PrimesLoggerHolder: 	at oyn.x(PG:44)
09-07 19:57:37.023 18187 18726 W PrimesLoggerHolder: 	at jvt.a(PG:944)
09-07 19:57:37.023 18187 18726 W PrimesLoggerHolder: 	at mtc.a(PG:3)
09-07 19:57:37.023 18187 18726 W PrimesLoggerHolder: 	at msk.run(PG:19)
09-07 19:57:37.023 18187 18726 W PrimesLoggerHolder: 	at mte.run(PG:5)
09-07 19:57:37.023 18187 18726 W PrimesLoggerHolder: 	at mrf.execute(PG:1)
09-07 19:57:37.023 18187 18726 W PrimesLoggerHolder: 	at jvu.a(PG:24)
09-07 19:57:37.023 18187 18726 W PrimesLoggerHolder: 	at jwv.p(PG:117)
09-07 19:57:37.023 18187 18726 W PrimesLoggerHolder: 	at jwv.o(PG:6)
09-07 19:57:37.023 18187 18726 W PrimesLoggerHolder: 	at jwt.a(PG:24)
09-07 19:57:37.023 18187 18726 W PrimesLoggerHolder: 	at mtc.a(PG:3)
09-07 19:57:37.023 18187 18726 W PrimesLoggerHolder: 	at msk.run(PG:19)
09-07 19:57:37.023 18187 18726 W PrimesLoggerHolder: 	at mte.run(PG:5)
09-07 19:57:37.023 18187 18726 W PrimesLoggerHolder: 	at java.util.concurrent.Executors$RunnableAdapter.call(Executors.java:520)
09-07 19:57:37.023 18187 18726 W PrimesLoggerHolder: 	at java.util.concurrent.FutureTask.run(FutureTask.java:328)
09-07 19:57:37.023 18187 18726 W PrimesLoggerHolder: 	at java.util.concurrent.ScheduledThreadPoolExecutor$ScheduledFutureTask.run(ScheduledThreadPoolExecutor.java:323)
09-07 19:57:37.023 18187 18726 W PrimesLoggerHolder: 	at java.util.concurrent.ThreadPoolExecutor.runWorker(ThreadPoolExecutor.java:1100)
09-07 19:57:37.023 18187 18726 W PrimesLoggerHolder: 	at java.util.concurrent.ThreadPoolExecutor$Worker.run(ThreadPoolExecutor.java:624)
09-07 19:57:37.023 18187 18726 W PrimesLoggerHolder: 	at jrc.run(PG:116)
09-07 19:57:37.023 18187 18726 W PrimesLoggerHolder: 	at java.lang.Thread.run(Thread.java:1572)
09-07 19:57:37.068 18353 18551 I WM-WorkerWrapper: Worker result FAILURE for Work [ id=0b1cf499-b100-4a85-8fd6-e3f66e796cd5, class=com.google.android.apps.wallet.geofence.worker.GeofenceWorker, tags={ com.google.android.apps.wallet.geofence.worker.GeofenceWorker } ]
09-07 19:57:37.052 18727 18727 E cmd     : BBinder_init Processname  cmd  
09-07 19:57:37.081 18727 18727 E cmd     : BBinder_init hasGetProcessName  cmd
09-07 19:57:37.126 18187 18664 W Firebase-Installations: Error when communicating with the Firebase Installations server API. HTTP response: [403 Forbidden: {
09-07 19:57:37.126 18187 18664 W Firebase-Installations:   "error": {
09-07 19:57:37.126 18187 18664 W Firebase-Installations:     "code": 403,
09-07 19:57:37.126 18187 18664 W Firebase-Installations:     "message": "Requests to this API firebaseinstallations.googleapis.com method google.firebase.installations.v1.FirebaseInstallationsService.CreateInstallation are blocked.",
09-07 19:57:37.126 18187 18664 W Firebase-Installations:     "status": "PERMISSION_DENIED",
09-07 19:57:37.126 18187 18664 W Firebase-Installations:     "details": [
09-07 19:57:37.126 18187 18664 W Firebase-Installations:       {
09-07 19:57:37.126 18187 18664 W Firebase-Installations:         "@type": "type.googleapis.com/google.rpc.ErrorInfo",
09-07 19:57:37.126 18187 18664 W Firebase-Installations:         "reason": "API_KEY_SERVICE_BLOCKED",
09-07 19:57:37.126 18187 18664 W Firebase-Installations:         "domain": "googleapis.com",
09-07 19:57:37.126 18187 18664 W Firebase-Installations:         "metadata": {
09-07 19:57:37.126 18187 18664 W Firebase-Installations:           "apiName": "firebaseinstallations.googleapis.com",
09-07 19:57:37.126 18187 18664 W Firebase-Installations:           "service": "firebaseinstallations.googleapis.com",
09-07 19:57:37.126 18187 18664 W Firebase-Installations:           "consumer": "projects/821562894021",
09-07 19:57:37.126 18187 18664 W Firebase-Installations:           "methodName": "google.firebase.installations.v1.FirebaseInstallationsService.CreateInstallation"
09-07 19:57:37.126 18187 18664 W Firebase-Installations:         }
09-07 19:57:37.126 18187 18664 W Firebase-Installations:       },
09-07 19:57:37.126 18187 18664 W Firebase-Installations:       {
09-07 19:57:37.126 18187 18664 W Firebase-Installations:         "@type": "type.googleapis.com/google.rpc.LocalizedMessage",
09-07 19:57:37.126 18187 18664 W Firebase-Installations:         "locale": "en-US",
09-07 19:57:37.126 18187 18664 W Firebase-Installations:         "message": "Requests to this API firebaseinstallations.googleapis.com method google.firebase.installations.v1.FirebaseInstallationsService.CreateInstallation are blocked."
09-07 19:57:37.126 18187 18664 W Firebase-Installations:       }
09-07 19:57:37.126 18187 18664 W Firebase-Installations:     ]
09-07 19:57:37.126 18187 18664 W Firebase-Installations:   }
09-07 19:57:37.126 18187 18664 W Firebase-Installations: }
09-07 19:57:37.126 18187 18664 W Firebase-Installations: ]
09-07 19:57:37.126 18187 18664 W Firebase-Installations: Firebase options used while communicating with Firebase server APIs: AIzaSyB8uQD6i7b6T5sdX4eTKmh_jfuxqGQg5jU, google.com:paisa-android-client, 1:821562894021:android:8dda0809f50bbe5b
09-07 19:57:37.126 18187 18664 E Firebase-Installations: Firebase Installations can not communicate with Firebase server APIs due to invalid configuration. Please update your Firebase initialization process and set valid Firebase options (API key, Project ID, Application ID) when initializing Firebase.
09-07 19:57:37.132 14328 14945 I MdiSyncModule: (REDACTED) Receiving API connection from package '%s'...
09-07 19:57:37.133 14328 14945 I MdiSyncModule: API connection successful!
09-07 19:57:37.135 14328 16749 I MdiSyncModule: (REDACTED) Receiving API connection from package '%s'...
09-07 19:57:37.136 14328 16749 I MdiSyncModule: API connection successful!
09-07 19:57:37.139 14328 14945 I MdiSyncModule: (REDACTED) Receiving API connection from package '%s'...
09-07 19:57:37.140 14328 14945 I MdiSyncModule: API connection successful!
09-07 19:57:37.143 14328 14945 I MdiSyncModule: (REDACTED) Receiving API connection from package '%s'...
09-07 19:57:37.144 14328 14945 I MdiSyncModule: API connection successful!
09-07 19:57:37.180 14328 14945 I MdiSyncModule: (REDACTED) Receiving API connection from package '%s'...
09-07 19:57:37.180 14328 14945 I MdiSyncModule: API connection successful!
09-07 19:57:37.225 14782 14832 W bxmi    : No value provided for the places model index flag.
09-07 19:57:37.226 14328 14945 I MdiSyncModule: (REDACTED) Receiving API connection from package '%s'...
09-07 19:57:37.228 14328 14945 I MdiSyncModule: API connection successful!
09-07 19:57:37.245 14782 14832 W bxmi    : No value provided for the places model index flag.
09-07 19:57:37.468 18491 18539 I DialerGmsAccounts: com.google.apps.tiktok.account.data.google.GmsAccounts.createAccountInfos:137 GMSCore Auth returned 6 accounts.
09-07 19:57:37.468 18491 18539 I DialerGmsAccounts: com.google.apps.tiktok.account.data.google.GmsAccounts.createAccountInfos:138 GoogleOwnersProvider returned 6 accounts.
09-07 19:57:37.487 14328 14332 I gle.android.gms: Background young concurrent copying GC freed 8480KB AllocSpace bytes, 10(264KB) LOS objects, 39% free, 12MB/20MB, paused 3.788ms,210us total 138.599ms
09-07 19:57:37.567 18353 18674 I GnpSdk  : Job cancelled. Job ID: 'GNP_SDK_JOB::no_account::15', key: 'GNP_REGISTRATION'
09-07 19:57:37.567 18353 18674 I GnpSdk  : bpnp: Job was cancelled; job=bpnq{Cancelling}@f9ed475
09-07 19:57:37.663 18767 18767 I android.rkpdapp: Using generational CollectorTypeCC GC.
09-07 19:57:37.670 18767 18767 E android.rkpdapp: BBinder_init Processname  com.google.android.rkpdapp  
09-07 19:57:37.671 18767 18767 E android.rkpdapp: BBinder_init hasGetProcessName  com.google.android.rkpdapp
09-07 19:57:37.671 18353 18663 W DynamiteModule: Local module descriptor class for com.google.android.gms.providerinstaller.dynamite not found.
09-07 19:57:37.676  3867  8251 W ProviderHelper: Unknown dynamite feature providerinstaller.dynamite
09-07 19:57:37.677 18353 18663 I DynamiteModule: Considering local module com.google.android.gms.providerinstaller.dynamite:0 and remote module com.google.android.gms.providerinstaller.dynamite:0
09-07 19:57:37.678 18353 18663 W ProviderInstaller: Failed to load providerinstaller module: No acceptable module com.google.android.gms.providerinstaller.dynamite found. Local version is 0 and remote version is 0.
09-07 19:57:37.714 18767 18767 I android.rkpdapp: AssetManager2(0xb400007395e23f38) locale list changing from [] to [en-IN]
09-07 19:57:37.721 18767 18767 E ShaderCache: Open /system/etc/shaders_cache/shaders_cache_size_coeffs.json failed
09-07 19:57:37.750 14782 14832 W bxmi    : No value provided for the places model index flag.
09-07 19:57:37.801 18767 18786 I RkpdRegistrationBinder: Key requested for : android.hardware.security.keymint.IRemotelyProvisionedComponent/default, clientUid: 1017, keyId: 10277, callback: 131837748
09-07 19:57:37.826 18767 18786 I RkpdRegistrationBinder: Key successfully assigned to client
09-07 19:57:37.828 14782 14832 W bxmi    : No value provided for the places model index flag.
09-07 19:57:37.870 18353 18663 W ps.walletnfcrel: Suspending all threads took: 44.588ms
09-07 19:57:37.909 18353 18663 I ps.walletnfcrel: AssetManager2(0xb400007395e27458) locale list changing from [] to [en-IN]
09-07 19:57:37.937 14328 15167 W Auth.Api.SignIn: [Service,SignInChimeraService] **************************** WARNING ***************************
09-07 19:57:37.937 14328 15167 W Auth.Api.SignIn: You are using the deprecated legacy Google Sign-In APIs from
09-07 19:57:37.937 14328 15167 W Auth.Api.SignIn: play-services-auth SDK. Please migrate to the Credential Manager
09-07 19:57:37.937 14328 15167 W Auth.Api.SignIn: APIs, see https://goo.gle/gsi-migration.
09-07 19:57:37.937 14328 15167 W Auth.Api.SignIn: ****************************************************************
09-07 19:57:37.959 14328 16611 I AdvertisingIdClient: shouldSendLog 26039900
09-07 19:57:37.960 14328 16611 I AdvertisingIdClient: GetInfoInternal elapse 204ms
09-07 19:57:37.979 18353 18687 I GmsAccounts: GMSCore Auth returned 6 accounts.
09-07 19:57:37.980 18353 18687 I GmsAccounts: GoogleOwnersProvider returned 6 accounts.
09-07 19:57:37.980 18353 18663 I ProviderInstaller: Installed default security provider AndroidOpenSSL (via CompatProvider)
09-07 19:57:38.001 17105 17110 W ogle.android.gm: Suspending all threads took: 76.961ms
09-07 19:57:38.023 18353 18792 E GoogleApiManager: Failed to get service from broker. 
09-07 19:57:38.023 18353 18792 E GoogleApiManager: java.lang.SecurityException: Unknown calling package name 'com.google.android.gms'.
09-07 19:57:38.023 18353 18792 E GoogleApiManager: 	at android.os.Parcel.createExceptionOrNull(Parcel.java:3353)
09-07 19:57:38.023 18353 18792 E GoogleApiManager: 	at android.os.Parcel.createException(Parcel.java:3337)
09-07 19:57:38.023 18353 18792 E GoogleApiManager: 	at android.os.Parcel.readException(Parcel.java:3320)
09-07 19:57:38.023 18353 18792 E GoogleApiManager: 	at android.os.Parcel.readException(Parcel.java:3262)
09-07 19:57:38.023 18353 18792 E GoogleApiManager: 	at bmrj.a(:com.google.android.gms@263234035@26.32.34 (260400-968093310):36)
09-07 19:57:38.023 18353 18792 E GoogleApiManager: 	at bmpc.y(:com.google.android.gms@263234035@26.32.34 (260400-968093310):143)
09-07 19:57:38.023 18353 18792 E GoogleApiManager: 	at bluz.run(:com.google.android.gms@263234035@26.32.34 (260400-968093310):42)
09-07 19:57:38.023 18353 18792 E GoogleApiManager: 	at android.os.Handler.handleCallback(Handler.java:1051)
09-07 19:57:38.023 18353 18792 E GoogleApiManager: 	at android.os.Handler.dispatchMessage(Handler.java:107)
09-07 19:57:38.023 18353 18792 E GoogleApiManager: 	at dhsb.lJ(:com.google.android.gms@263234035@26.32.34 (260400-968093310):1)
09-07 19:57:38.023 18353 18792 E GoogleApiManager: 	at dhsb.dispatchMessage(:com.google.android.gms@263234035@26.32.34 (260400-968093310):5)
09-07 19:57:38.023 18353 18792 E GoogleApiManager: 	at android.os.Looper.loopOnce(Looper.java:266)
09-07 19:57:38.023 18353 18792 E GoogleApiManager: 	at android.os.Looper.loop(Looper.java:361)
09-07 19:57:38.023 18353 18792 E GoogleApiManager: 	at android.os.HandlerThread.run(HandlerThread.java:103)
09-07 19:57:38.023 18353 18792 W GoogleApiManager: Not showing notification since connectionResult is not user-facing: ConnectionResult{statusCode=DEVELOPER_ERROR, resolution=null, message=null, clientMethodKey=null}
09-07 19:57:38.028 18353 18790 W FlagRegistrar: Failed to register com.google.android.gms.providerinstaller#com.google.android.gms
09-07 19:57:38.028 18353 18790 W FlagRegistrar: gvvj: 17: 17: API: Phenotype.API is not available on this device. Connection failed with: ConnectionResult{statusCode=DEVELOPER_ERROR, resolution=null, message=null, clientMethodKey=null}
09-07 19:57:38.028 18353 18790 W FlagRegistrar: 	at gvvl.a(:com.google.android.gms@263234035@26.32.34 (260400-968093310):13)
09-07 19:57:38.028 18353 18790 W FlagRegistrar: 	at hwtd.d(:com.google.android.gms@263234035@26.32.34 (260400-968093310):3)
09-07 19:57:38.028 18353 18790 W FlagRegistrar: 	at hwtf.run(:com.google.android.gms@263234035@26.32.34 (260400-968093310):139)
09-07 19:57:38.028 18353 18790 W FlagRegistrar: 	at hwvq.execute(:com.google.android.gms@263234035@26.32.34 (260400-968093310):1)
09-07 19:57:38.028 18353 18790 W FlagRegistrar: 	at hwtn.f(:com.google.android.gms@263234035@26.32.34 (260400-968093310):1)
09-07 19:57:38.028 18353 18790 W FlagRegistrar: 	at hwtn.m(:com.google.android.gms@263234035@26.32.34 (260400-968093310):101)
09-07 19:57:38.028 18353 18790 W FlagRegistrar: 	at hwtn.q(:com.google.android.gms@263234035@26.32.34 (260400-968093310):16)
09-07 19:57:38.028 18353 18790 W FlagRegistrar: 	at gpej.jd(:com.google.android.gms@263234035@26.32.34 (260400-968093310):35)
09-07 19:57:38.028 18353 18790 W FlagRegistrar: 	at gbdp.run(:com.google.android.gms@263234035@26.32.34 (260400-968093310):12)
09-07 19:57:38.028 18353 18790 W FlagRegistrar: 	at hwvq.execute(:com.google.android.gms@263234035@26.32.34 (260400-968093310):1)
09-07 19:57:38.028 18353 18790 W FlagRegistrar: 	at gbdq.b(:com.google.android.gms@263234035@26.32.34 (260400-968093310):18)
09-07 19:57:38.028 18353 18790 W FlagRegistrar: 	at gbef.b(:com.google.android.gms@263234035@26.32.34 (260400-968093310):34)
09-07 19:57:38.028 18353 18790 W FlagRegistrar: 	at gbeh.c(:com.google.android.gms@263234035@26.32.34 (260400-968093310):23)
09-07 19:57:38.028 18353 18790 W FlagRegistrar: 	at blsh.e(:com.google.android.gms@263234035@26.32.34 (260400-968093310):9)
09-07 19:57:38.028 18353 18790 W FlagRegistrar: 	at blux.r(:com.google.android.gms@263234035@26.32.34 (260400-968093310):48)
09-07 19:57:38.028 18353 18790 W FlagRegistrar: 	at blux.d(:com.google.android.gms@263234035@26.32.34 (260400-968093310):10)
09-07 19:57:38.028 18353 18790 W FlagRegistrar: 	at blux.g(:com.google.android.gms@263234035@26.32.34 (260400-968093310):191)
09-07 19:57:38.028 18353 18790 W FlagRegistrar: 	at bluz.run(:com.google.android.gms@263234035@26.32.34 (260400-968093310):74)
09-07 19:57:38.028 18353 18790 W FlagRegistrar: 	at android.os.Handler.handleCallback(Handler.java:1051)
09-07 19:57:38.028 18353 18790 W FlagRegistrar: 	at android.os.Handler.dispatchMessage(Handler.java:107)
09-07 19:57:38.028 18353 18790 W FlagRegistrar: 	at dhsb.lJ(:com.google.android.gms@263234035@26.32.34 (260400-968093310):1)
09-07 19:57:38.028 18353 18790 W FlagRegistrar: 	at dhsb.dispatchMessage(:com.google.android.gms@263234035@26.32.34 (260400-968093310):5)
09-07 19:57:38.028 18353 18790 W FlagRegistrar: 	at android.os.Looper.loopOnce(Looper.java:266)
09-07 19:57:38.028 18353 18790 W FlagRegistrar: 	at android.os.Looper.loop(Looper.java:361)
09-07 19:57:38.028 18353 18790 W FlagRegistrar: 	at android.os.HandlerThread.run(HandlerThread.java:103)
09-07 19:57:38.028 18353 18790 W FlagRegistrar: Caused by: blqm: 17: API: Phenotype.API is not available on this device. Connection failed with: ConnectionResult{statusCode=DEVELOPER_ERROR, resolution=null, message=null, clientMethodKey=null}
09-07 19:57:38.028 18353 18790 W FlagRegistrar: 	at bmoo.a(:com.google.android.gms@263234035@26.32.34 (260400-968093310):15)
09-07 19:57:38.028 18353 18790 W FlagRegistrar: 	at blsk.a(:com.google.android.gms@263234035@26.32.34 (260400-968093310):1)
09-07 19:57:38.028 18353 18790 W FlagRegistrar: 	at blsh.e(:com.google.android.gms@263234035@26.32.34 (260400-968093310):5)
09-07 19:57:38.028 18353 18790 W FlagRegistrar: 	... 11 more
09-07 19:57:38.030 18353 18791 W FlagStore: Unable to update local snapshot for com.google.android.gms.providerinstaller#com.google.android.gms, may result in stale flags.
09-07 19:57:38.030 18353 18791 W FlagStore: java.util.concurrent.ExecutionException: gvvj: 17: 17: API: Phenotype.API is not available on this device. Connection failed with: ConnectionResult{statusCode=DEVELOPER_ERROR, resolution=null, message=null, clientMethodKey=null}
09-07 19:57:38.030 18353 18791 W FlagStore: 	at hwtn.j(:com.google.android.gms@263234035@26.32.34 (260400-968093310):21)
09-07 19:57:38.030 18353 18791 W FlagStore: 	at hwtw.t(:com.google.android.gms@263234035@26.32.34 (260400-968093310):24)
09-07 19:57:38.030 18353 18791 W FlagStore: 	at hwtn.get(:com.google.android.gms@263234035@26.32.34 (260400-968093310):1)
09-07 19:57:38.030 18353 18791 W FlagStore: 	at hwyf.a(:com.google.android.gms@263234035@26.32.34 (260400-968093310):2)
09-07 19:57:38.030 18353 18791 W FlagStore: 	at hwwv.s(:com.google.android.gms@263234035@26.32.34 (260400-968093310):10)
09-07 19:57:38.030 18353 18791 W FlagStore: 	at gwar.d(:com.google.android.gms@263234035@26.32.34 (260400-968093310):1)
09-07 19:57:38.030 18353 18791 W FlagStore: 	at gvzv.run(:com.google.android.gms@263234035@26.32.34 (260400-968093310):5)
09-07 19:57:38.030 18353 18791 W FlagStore: 	at java.util.concurrent.Executors$RunnableAdapter.call(Executors.java:520)
09-07 19:57:38.030 18353 18791 W FlagStore: 	at java.util.concurrent.FutureTask.run(FutureTask.java:328)
09-07 19:57:38.030 18353 18791 W FlagStore: 	at java.util.concurrent.ScheduledThreadPoolExecutor$ScheduledFutureTask.run(ScheduledThreadPoolExecutor.java:323)
09-07 19:57:38.030 18353 18791 W FlagStore: 	at java.util.concurrent.ThreadPoolExecutor.runWorker(ThreadPoolExecutor.java:1100)
09-07 19:57:38.030 18353 18791 W FlagStore: 	at java.util.concurrent.ThreadPoolExecutor$Worker.run(ThreadPoolExecutor.java:624)
09-07 19:57:38.030 18353 18791 W FlagStore: 	at java.lang.Thread.run(Thread.java:1572)
09-07 19:57:38.030 18353 18791 W FlagStore: Caused by: gvvj: 17: 17: API: Phenotype.API is not available on this device. Connection failed with: ConnectionResult{statusCode=DEVELOPER_ERROR, resolution=null, message=null, clientMethodKey=null}
09-07 19:57:38.030 18353 18791 W FlagStore: 	at gvvl.a(:com.google.android.gms@263234035@26.32.34 (260400-968093310):13)
09-07 19:57:38.030 18353 18791 W FlagStore: 	at hwtd.d(:com.google.android.gms@263234035@26.32.34 (260400-968093310):3)
09-07 19:57:38.030 18353 18791 W FlagStore: 	at hwtf.run(:com.google.android.gms@263234035@26.32.34 (260400-968093310):139)
09-07 19:57:38.030 18353 18791 W FlagStore: 	at hwvq.execute(:com.google.android.gms@263234035@26.32.34 (260400-968093310):1)
09-07 19:57:38.030 18353 18791 W FlagStore: 	at hwtn.f(:com.google.android.gms@263234035@26.32.34 (260400-968093310):1)
09-07 19:57:38.030 18353 18791 W FlagStore: 	at hwtn.m(:com.google.android.gms@263234035@26.32.34 (260400-968093310):101)
09-07 19:57:38.030 18353 18791 W FlagStore: 	at hwtn.q(:com.google.android.gms@263234035@26.32.34 (260400-968093310):16)
09-07 19:57:38.030 18353 18791 W FlagStore: 	at gpej.jd(:com.google.android.gms@263234035@26.32.34 (260400-968093310):35)
09-07 19:57:38.030 18353 18791 W FlagStore: 	at gbdp.run(:com.google.android.gms@263234035@26.32.34 (260400-968093310):12)
09-07 19:57:38.030 18353 18791 W FlagStore: 	at hwvq.execute(:com.google.android.gms@263234035@26.32.34 (260400-968093310):1)
09-07 19:57:38.030 18353 18791 W FlagStore: 	at gbdq.b(:com.google.android.gms@263234035@26.32.34 (260400-968093310):18)
09-07 19:57:38.030 18353 18791 W FlagStore: 	at gbef.b(:com.google.android.gms@263234035@26.32.34 (260400-968093310):34)
09-07 19:57:38.030 18353 18791 W FlagStore: 	at gbem.B(:com.google.android.gms@263234035@26.32.34 (260400-968093310):17)
09-07 19:57:38.030 18353 18791 W FlagStore: 	at gbdh.run(:com.google.android.gms@263234035@26.32.34 (260400-968093310):60)
09-07 19:57:38.030 18353 18791 W FlagStore: 	at hwvq.execute(:com.google.android.gms@263234035@26.32.34 (260400-968093310):1)
09-07 19:57:38.030 18353 18791 W FlagStore: 	at gbdi.b(:com.google.android.gms@263234035@26.32.34 (260400-968093310):8)
09-07 19:57:38.030 18353 18791 W FlagStore: 	at gbef.b(:com.google.android.gms@263234035@26.32.34 (260400-968093310):34)
09-07 19:57:38.030 18353 18791 W FlagStore: 	at gbeh.c(:com.google.android.gms@263234035@26.32.34 (260400-968093310):23)
09-07 19:57:38.030 18353 18791 W FlagStore: 	at blsh.e(:com.google.android.gms@263234035@26.32.34 (260400-968093310):9)
09-07 19:57:38.030 18353 18791 W FlagStore: 	at blux.r(:com.google.android.gms@263234035@26.32.34 (260400-968093310):48)
09-07 19:57:38.030 18353 18791 W FlagStore: 	at blux.d(:com.google.android.gms@263234035@26.32.34 (260400-968093310):10)
09-07 19:57:38.030 18353 18791 W FlagStore: 	at blux.g(:com.google.android.gms@263234035@26.32.34 (260400-968093310):191)
09-07 19:57:38.030 18353 18791 W FlagStore: 	at bluz.run(:com.google.android.gms@263234035@26.32.34 (260400-968093310):74)
09-07 19:57:38.030 18353 18791 W FlagStore: 	at android.os.Handler.handleCallback(Handler.java:1051)
09-07 19:57:38.030 18353 18791 W FlagStore: 	at android.os.Handler.dispatchMessage(Handler.java:107)
09-07 19:57:38.030 18353 18791 W FlagStore: 	at dhsb.lJ(:com.google.android.gms@263234035@26.32.34 (260400-968093310):1)
09-07 19:57:38.030 18353 18791 W FlagStore: 	at dhsb.dispatchMessage(:com.google.android.gms@263234035@26.32.34 (260400-968093310):5)
09-07 19:57:38.030 18353 18791 W FlagStore: 	at android.os.Looper.loopOnce(Looper.java:266)
09-07 19:57:38.030 18353 18791 W FlagStore: 	at android.os.Looper.loop(Looper.java:361)
09-07 19:57:38.030 18353 18791 W FlagStore: 	at android.os.HandlerThread.run(HandlerThread.java:103)
09-07 19:57:38.030 18353 18791 W FlagStore: Caused by: blqm: 17: API: Phenotype.API is not available on this device. Connection failed with: ConnectionResult{statusCode=DEVELOPER_ERROR, resolution=null, message=null, clientMethodKey=null}
09-07 19:57:38.030 18353 18791 W FlagStore: 	at bmoo.a(:com.google.android.gms@263234035@26.32.34 (260400-968093310):15)
09-07 19:57:38.030 18353 18791 W FlagStore: 	at blsk.a(:com.google.android.gms@263234035@26.32.34 (260400-968093310):1)
09-07 19:57:38.030 18353 18791 W FlagStore: 	at blsh.e(:com.google.android.gms@263234035@26.32.34 (260400-968093310):5)
09-07 19:57:38.030 18353 18791 W FlagStore: 	... 11 more
09-07 19:57:38.075  3867 16482 W CCTFlatFileLogStore: Excessive logging: 1 events, 298246 bytes from log source GMSCORE_ANDROID_PRIMES last 0s
09-07 19:57:38.089  3867 16905 I NearbyMediums: No BLE Fast/GATT advertisements found in the latest cycle.
09-07 19:57:38.089  3867 16905 I NearbyMediums: Current Tracked Scanning Clients are : {NearbyConnections.EnvironmentMonitor, NearbySharing, NearbyConnections.TxAdvertisement}
09-07 19:57:38.160 17105 17110 I ogle.android.gm: Background concurrent copying GC freed 4993KB AllocSpace bytes, 40(1364KB) LOS objects, 51% free, 5801KB/11MB, paused 920.270ms,77.321ms total 9.350s
09-07 19:57:38.165 17105 17161 I ogle.android.gm: WaitForGcToComplete blocked AddRemoveAppImageSpace on Background for 5.793s
09-07 19:57:38.189 14328 15167 I MdiSyncModule: (REDACTED) Receiving API connection from package '%s'...
09-07 19:57:38.189 14328 15167 I MdiSyncModule: API connection successful!
09-07 19:57:38.202 14328 15167 I MdiSyncModule: (REDACTED) Receiving API connection from package '%s'...
09-07 19:57:38.209 14328 15167 I MdiSyncModule: API connection successful!
09-07 19:57:38.215 14782 14832 W bxmi    : No value provided for the places model index flag.
09-07 19:57:38.226 14328 15167 I MdiSyncModule: (REDACTED) Receiving API connection from package '%s'...
09-07 19:57:38.232 14328 15167 I MdiSyncModule: API connection successful!
09-07 19:57:38.262 14328 15167 I MdiSyncModule: (REDACTED) Receiving API connection from package '%s'...
09-07 19:57:38.266 14328 15167 I MdiSyncModule: API connection successful!
09-07 19:57:38.282 17105 17161 W ogle.android.gm: Suspending all threads took: 117.026ms
09-07 19:57:38.409 18187 18825 W ComponentDiscovery: Class com.google.firebase.installations.FirebaseInstallationsKtxRegistrar is not an found.
09-07 19:57:38.486  3867 10043 I cn_CronetUrlRequestContext: destroyNativeStreamLocked org.chromium.net.impl.CronetBidirectionalStream@39fc3d7
09-07 19:57:38.487  3867  3900 I .gms.persistent: Background young concurrent copying GC freed 16MB AllocSpace bytes, 40(1936KB) LOS objects, 34% free, 36MB/54MB, paused 90us,67us total 102.993ms
09-07 19:57:38.592 14328 16749 W SQLiteLog: (28) double-quoted string literal: "1788618458590"
09-07 19:57:38.592 14328 16749 W SQLiteLog: (28) double-quoted string literal: "1"
09-07 19:57:38.598 14328 16749 I MdiSyncModule: (REDACTED) Receiving API connection from package '%s'...
09-07 19:57:38.599 14328 16749 I MdiSyncModule: API connection successful!
09-07 19:57:38.634 17105 17161 I ogle.android.gm: AssetManager2(0xb400007395e27778) locale list changing from [] to [en-IN]
09-07 19:57:38.644 16016 16016 I Finsky  : [2] id: ae
09-07 19:57:38.686 14328 16749 I MdiSyncModule: (REDACTED) Receiving API connection from package '%s'...
09-07 19:57:38.688 14328 16749 I MdiSyncModule: API connection successful!
09-07 19:57:38.755 17105 18849 E GoogleApiManager: Failed to get service from broker. 
09-07 19:57:38.755 17105 18849 E GoogleApiManager: java.lang.SecurityException: Unknown calling package name 'com.google.android.gms'.
09-07 19:57:38.755 17105 18849 E GoogleApiManager: 	at android.os.Parcel.createExceptionOrNull(Parcel.java:3353)
09-07 19:57:38.755 17105 18849 E GoogleApiManager: 	at android.os.Parcel.createException(Parcel.java:3337)
09-07 19:57:38.755 17105 18849 E GoogleApiManager: 	at android.os.Parcel.readException(Parcel.java:3320)
09-07 19:57:38.755 17105 18849 E GoogleApiManager: 	at android.os.Parcel.readException(Parcel.java:3262)
09-07 19:57:38.755 17105 18849 E GoogleApiManager: 	at bmrj.a(:com.google.android.gms@263234035@26.32.34 (260400-968093310):36)
09-07 19:57:38.755 17105 18849 E GoogleApiManager: 	at bmpc.y(:com.google.android.gms@263234035@26.32.34 (260400-968093310):143)
09-07 19:57:38.755 17105 18849 E GoogleApiManager: 	at bluz.run(:com.google.android.gms@263234035@26.32.34 (260400-968093310):42)
09-07 19:57:38.755 17105 18849 E GoogleApiManager: 	at android.os.Handler.handleCallback(Handler.java:1051)
09-07 19:57:38.755 17105 18849 E GoogleApiManager: 	at android.os.Handler.dispatchMessage(Handler.java:107)
09-07 19:57:38.755 17105 18849 E GoogleApiManager: 	at dhsb.lJ(:com.google.android.gms@263234035@26.32.34 (260400-968093310):1)
09-07 19:57:38.755 17105 18849 E GoogleApiManager: 	at dhsb.dispatchMessage(:com.google.android.gms@263234035@26.32.34 (260400-968093310):5)
09-07 19:57:38.755 17105 18849 E GoogleApiManager: 	at android.os.Looper.loopOnce(Looper.java:266)
09-07 19:57:38.755 17105 18849 E GoogleApiManager: 	at android.os.Looper.loop(Looper.java:361)
09-07 19:57:38.755 17105 18849 E GoogleApiManager: 	at android.os.HandlerThread.run(HandlerThread.java:103)
09-07 19:57:38.756 17105 18849 W GoogleApiManager: Not showing notification since connectionResult is not user-facing: ConnectionResult{statusCode=DEVELOPER_ERROR, resolution=null, message=null, clientMethodKey=null}
09-07 19:57:38.758 17105 18848 W FlagStore: Unable to update local snapshot for com.google.android.gms.providerinstaller#com.google.android.gms, may result in stale flags.
09-07 19:57:38.758 17105 18848 W FlagStore: java.util.concurrent.ExecutionException: gvvj: 17: 17: API: Phenotype.API is not available on this device. Connection failed with: ConnectionResult{statusCode=DEVELOPER_ERROR, resolution=null, message=null, clientMethodKey=null}
09-07 19:57:38.758 17105 18848 W FlagStore: 	at hwtn.j(:com.google.android.gms@263234035@26.32.34 (260400-968093310):21)
09-07 19:57:38.758 17105 18848 W FlagStore: 	at hwtw.t(:com.google.android.gms@263234035@26.32.34 (260400-968093310):24)
09-07 19:57:38.758 17105 18848 W FlagStore: 	at hwtn.get(:com.google.android.gms@263234035@26.32.34 (260400-968093310):1)
09-07 19:57:38.758 17105 18848 W FlagStore: 	at hwyf.a(:com.google.android.gms@263234035@26.32.34 (260400-968093310):2)
09-07 19:57:38.758 17105 18848 W FlagStore: 	at hwwv.s(:com.google.android.gms@263234035@26.32.34 (260400-968093310):10)
09-07 19:57:38.758 17105 18848 W FlagStore: 	at gwar.d(:com.google.android.gms@263234035@26.32.34 (260400-968093310):1)
09-07 19:57:38.758 17105 18848 W FlagStore: 	at gvzv.run(:com.google.android.gms@263234035@26.32.34 (260400-968093310):5)
09-07 19:57:38.758 17105 18848 W FlagStore: 	at java.util.concurrent.Executors$RunnableAdapter.call(Executors.java:520)
09-07 19:57:38.758 17105 18848 W FlagStore: 	at java.util.concurrent.FutureTask.run(FutureTask.java:328)
09-07 19:57:38.758 17105 18848 W FlagStore: 	at java.util.concurrent.ScheduledThreadPoolExecutor$ScheduledFutureTask.run(ScheduledThreadPoolExecutor.java:323)
09-07 19:57:38.758 17105 18848 W FlagStore: 	at java.util.concurrent.ThreadPoolExecutor.runWorker(ThreadPoolExecutor.java:1100)
09-07 19:57:38.758 17105 18848 W FlagStore: 	at java.util.concurrent.ThreadPoolExecutor$Worker.run(ThreadPoolExecutor.java:624)
09-07 19:57:38.758 17105 18848 W FlagStore: 	at java.lang.Thread.run(Thread.java:1572)
09-07 19:57:38.758 17105 18848 W FlagStore: Caused by: gvvj: 17: 17: API: Phenotype.API is not available on this device. Connection failed with: ConnectionResult{statusCode=DEVELOPER_ERROR, resolution=null, message=null, clientMethodKey=null}
09-07 19:57:38.758 17105 18848 W FlagStore: 	at gvvl.a(:com.google.android.gms@263234035@26.32.34 (260400-968093310):13)
09-07 19:57:38.758 17105 18848 W FlagStore: 	at hwtd.d(:com.google.android.gms@263234035@26.32.34 (260400-968093310):3)
09-07 19:57:38.758 17105 18848 W FlagStore: 	at hwtf.run(:com.google.android.gms@263234035@26.32.34 (260400-968093310):139)
09-07 19:57:38.758 17105 18848 W FlagStore: 	at hwvq.execute(:com.google.android.gms@263234035@26.32.34 (260400-968093310):1)
09-07 19:57:38.758 17105 18848 W FlagStore: 	at hwtn.f(:com.google.android.gms@263234035@26.32.34 (260400-968093310):1)
09-07 19:57:38.758 17105 18848 W FlagStore: 	at hwtn.m(:com.google.android.gms@263234035@26.32.34 (260400-968093310):101)
09-07 19:57:38.758 17105 18848 W FlagStore: 	at hwtn.q(:com.google.android.gms@263234035@26.32.34 (260400-968093310):16)
09-07 19:57:38.758 17105 18848 W FlagStore: 	at gpej.jd(:com.google.android.gms@263234035@26.32.34 (260400-968093310):35)
09-07 19:57:38.758 17105 18848 W FlagStore: 	at gbdp.run(:com.google.android.gms@263234035@26.32.34 (260400-968093310):12)
09-07 19:57:38.758 17105 18848 W FlagStore: 	at hwvq.execute(:com.google.android.gms@263234035@26.32.34 (260400-968093310):1)
09-07 19:57:38.758 17105 18848 W FlagStore: 	at gbdq.b(:com.google.android.gms@263234035@26.32.34 (260400-968093310):18)
09-07 19:57:38.758 17105 18848 W FlagStore: 	at gbef.b(:com.google.android.gms@263234035@26.32.34 (260400-968093310):34)
09-07 19:57:38.758 17105 18848 W FlagStore: 	at gbem.B(:com.google.android.gms@263234035@26.32.34 (260400-968093310):17)
09-07 19:57:38.758 17105 18848 W FlagStore: 	at gbdh.run(:com.google.android.gms@263234035@26.32.34 (260400-968093310):60)
09-07 19:57:38.758 17105 18848 W FlagStore: 	at hwvq.execute(:com.google.android.gms@263234035@26.32.34 (260400-968093310):1)
09-07 19:57:38.758 17105 18848 W FlagStore: 	at gbdi.b(:com.google.android.gms@263234035@26.32.34 (260400-968093310):8)
09-07 19:57:38.758 17105 18848 W FlagStore: 	at gbef.b(:com.google.android.gms@263234035@26.32.34 (260400-968093310):34)
09-07 19:57:38.758 17105 18848 W FlagStore: 	at gbeh.c(:com.google.android.gms@263234035@26.32.34 (260400-968093310):23)
09-07 19:57:38.758 17105 18848 W FlagStore: 	at blsh.e(:com.google.android.gms@263234035@26.32.34 (260400-968093310):9)
09-07 19:57:38.758 17105 18848 W FlagStore: 	at blux.r(:com.google.android.gms@263234035@26.32.34 (260400-968093310):48)
09-07 19:57:38.758 17105 18848 W FlagStore: 	at blux.d(:com.google.android.gms@263234035@26.32.34 (260400-968093310):10)
09-07 19:57:38.758 17105 18848 W FlagStore: 	at blux.g(:com.google.android.gms@263234035@26.32.34 (260400-968093310):191)
09-07 19:57:38.758 17105 18848 W FlagStore: 	at bluz.run(:com.google.android.gms@263234035@26.32.34 (260400-968093310):74)
09-07 19:57:38.758 17105 18848 W FlagStore: 	at android.os.Handler.handleCallback(Handler.java:1051)
09-07 19:57:38.758 17105 18848 W FlagStore: 	at android.os.Handler.dispatchMessage(Handler.java:107)
09-07 19:57:38.758 17105 18848 W FlagStore: 	at dhsb.lJ(:com.google.android.gms@263234035@26.32.34 (260400-968093310):1)
09-07 19:57:38.758 17105 18848 W FlagStore: 	at dhsb.dispatchMessage(:com.google.android.gms@263234035@26.32.34 (260400-968093310):5)
09-07 19:57:38.758 17105 18848 W FlagStore: 	at android.os.Looper.loopOnce(Looper.java:266)
09-07 19:57:38.758 17105 18848 W FlagStore: 	at android.os.Looper.loop(Looper.java:361)
09-07 19:57:38.758 17105 18848 W FlagStore: 	at android.os.HandlerThread.run(HandlerThread.java:103)
09-07 19:57:38.758 17105 18848 W FlagStore: Caused by: blqm: 17: API: Phenotype.API is not available on this device. Connection failed with: ConnectionResult{statusCode=DEVELOPER_ERROR, resolution=null, message=null, clientMethodKey=null}
09-07 19:57:38.758 17105 18848 W FlagStore: 	at bmoo.a(:com.google.android.gms@263234035@26.32.34 (260400-968093310):15)
09-07 19:57:38.758 17105 18848 W FlagStore: 	at blsk.a(:com.google.android.gms@263234035@26.32.34 (260400-968093310):1)
09-07 19:57:38.758 17105 18848 W FlagStore: 	at blsh.e(:com.google.android.gms@263234035@26.32.34 (260400-968093310):5)
09-07 19:57:38.758 17105 18848 W FlagStore: 	... 11 more
09-07 19:57:38.779 17105 18849 E GoogleApiManager: Failed to get service from broker. 
09-07 19:57:38.779 17105 18849 E GoogleApiManager: java.lang.SecurityException: Unknown calling package name 'com.google.android.gms'.
09-07 19:57:38.779 17105 18849 E GoogleApiManager: 	at android.os.Parcel.createExceptionOrNull(Parcel.java:3353)
09-07 19:57:38.779 17105 18849 E GoogleApiManager: 	at android.os.Parcel.createException(Parcel.java:3337)
09-07 19:57:38.779 17105 18849 E GoogleApiManager: 	at android.os.Parcel.readException(Parcel.java:3320)
09-07 19:57:38.779 17105 18849 E GoogleApiManager: 	at android.os.Parcel.readException(Parcel.java:3262)
09-07 19:57:38.779 17105 18849 E GoogleApiManager: 	at bmrj.a(:com.google.android.gms@263234035@26.32.34 (260400-968093310):36)
09-07 19:57:38.779 17105 18849 E GoogleApiManager: 	at bmpc.y(:com.google.android.gms@263234035@26.32.34 (260400-968093310):143)
09-07 19:57:38.779 17105 18849 E GoogleApiManager: 	at bluz.run(:com.google.android.gms@263234035@26.32.34 (260400-968093310):42)
09-07 19:57:38.779 17105 18849 E GoogleApiManager: 	at android.os.Handler.handleCallback(Handler.java:1051)
09-07 19:57:38.779 17105 18849 E GoogleApiManager: 	at android.os.Handler.dispatchMessage(Handler.java:107)
09-07 19:57:38.779 17105 18849 E GoogleApiManager: 	at dhsb.lJ(:com.google.android.gms@263234035@26.32.34 (260400-968093310):1)
09-07 19:57:38.779 17105 18849 E GoogleApiManager: 	at dhsb.dispatchMessage(:com.google.android.gms@263234035@26.32.34 (260400-968093310):5)
09-07 19:57:38.779 17105 18849 E GoogleApiManager: 	at android.os.Looper.loopOnce(Looper.java:266)
09-07 19:57:38.779 17105 18849 E GoogleApiManager: 	at android.os.Looper.loop(Looper.java:361)
09-07 19:57:38.779 17105 18849 E GoogleApiManager: 	at android.os.HandlerThread.run(HandlerThread.java:103)
09-07 19:57:38.779 17105 18849 W GoogleApiManager: Not showing notification since connectionResult is not user-facing: ConnectionResult{statusCode=DEVELOPER_ERROR, resolution=null, message=null, clientMethodKey=null}
09-07 19:57:38.780 17105 18847 W FlagRegistrar: Failed to register com.google.android.gms.providerinstaller#com.google.android.gms
09-07 19:57:38.780 17105 18847 W FlagRegistrar: gvvj: 17: 17: API: Phenotype.API is not available on this device. Connection failed with: ConnectionResult{statusCode=DEVELOPER_ERROR, resolution=null, message=null, clientMethodKey=null}
09-07 19:57:38.780 17105 18847 W FlagRegistrar: 	at gvvl.a(:com.google.android.gms@263234035@26.32.34 (260400-968093310):13)
09-07 19:57:38.780 17105 18847 W FlagRegistrar: 	at hwtd.d(:com.google.android.gms@263234035@26.32.34 (260400-968093310):3)
09-07 19:57:38.780 17105 18847 W FlagRegistrar: 	at hwtf.run(:com.google.android.gms@263234035@26.32.34 (260400-968093310):139)
09-07 19:57:38.780 17105 18847 W FlagRegistrar: 	at hwvq.execute(:com.google.android.gms@263234035@26.32.34 (260400-968093310):1)
09-07 19:57:38.780 17105 18847 W FlagRegistrar: 	at hwtn.f(:com.google.android.gms@263234035@26.32.34 (260400-968093310):1)
09-07 19:57:38.780 17105 18847 W FlagRegistrar: 	at hwtn.m(:com.google.android.gms@263234035@26.32.34 (260400-968093310):101)
09-07 19:57:38.780 17105 18847 W FlagRegistrar: 	at hwtn.q(:com.google.android.gms@263234035@26.32.34 (260400-968093310):16)
09-07 19:57:38.780 17105 18847 W FlagRegistrar: 	at gpej.jd(:com.google.android.gms@263234035@26.32.34 (260400-968093310):35)
09-07 19:57:38.780 17105 18847 W FlagRegistrar: 	at gbdp.run(:com.google.android.gms@263234035@26.32.34 (260400-968093310):12)
09-07 19:57:38.780 17105 18847 W FlagRegistrar: 	at hwvq.execute(:com.google.android.gms@263234035@26.32.34 (260400-968093310):1)
09-07 19:57:38.780 17105 18847 W FlagRegistrar: 	at gbdq.b(:com.google.android.gms@263234035@26.32.34 (260400-968093310):18)
09-07 19:57:38.780 17105 18847 W FlagRegistrar: 	at gbef.b(:com.google.android.gms@263234035@26.32.34 (260400-968093310):34)
09-07 19:57:38.780 17105 18847 W FlagRegistrar: 	at gbeh.c(:com.google.android.gms@263234035@26.32.34 (260400-968093310):23)
09-07 19:57:38.780 17105 18847 W FlagRegistrar: 	at blsh.e(:com.google.android.gms@263234035@26.32.34 (260400-968093310):9)
09-07 19:57:38.780 17105 18847 W FlagRegistrar: 	at blux.r(:com.google.android.gms@263234035@26.32.34 (260400-968093310):48)
09-07 19:57:38.780 17105 18847 W FlagRegistrar: 	at blux.d(:com.google.android.gms@263234035@26.32.34 (260400-968093310):10)
09-07 19:57:38.780 17105 18847 W FlagRegistrar: 	at blux.g(:com.google.android.gms@263234035@26.32.34 (260400-968093310):191)
09-07 19:57:38.780 17105 18847 W FlagRegistrar: 	at bluz.run(:com.google.android.gms@263234035@26.32.34 (260400-968093310):74)
09-07 19:57:38.780 17105 18847 W FlagRegistrar: 	at android.os.Handler.handleCallback(Handler.java:1051)
09-07 19:57:38.780 17105 18847 W FlagRegistrar: 	at android.os.Handler.dispatchMessage(Handler.java:107)
09-07 19:57:38.780 17105 18847 W FlagRegistrar: 	at dhsb.lJ(:com.google.android.gms@263234035@26.32.34 (260400-968093310):1)
09-07 19:57:38.780 17105 18847 W FlagRegistrar: 	at dhsb.dispatchMessage(:com.google.android.gms@263234035@26.32.34 (260400-968093310):5)
09-07 19:57:38.780 17105 18847 W FlagRegistrar: 	at android.os.Looper.loopOnce(Looper.java:266)
09-07 19:57:38.780 17105 18847 W FlagRegistrar: 	at android.os.Looper.loop(Looper.java:361)
09-07 19:57:38.780 17105 18847 W FlagRegistrar: 	at android.os.HandlerThread.run(HandlerThread.java:103)
09-07 19:57:38.780 17105 18847 W FlagRegistrar: Caused by: blqm: 17: API: Phenotype.API is not available on this device. Connection failed with: ConnectionResult{statusCode=DEVELOPER_ERROR, resolution=null, message=null, clientMethodKey=null}
09-07 19:57:38.780 17105 18847 W FlagRegistrar: 	at bmoo.a(:com.google.android.gms@263234035@26.32.34 (260400-968093310):15)
09-07 19:57:38.780 17105 18847 W FlagRegistrar: 	at blsk.a(:com.google.android.gms@263234035@26.32.34 (260400-968093310):1)
09-07 19:57:38.780 17105 18847 W FlagRegistrar: 	at blsh.e(:com.google.android.gms@263234035@26.32.34 (260400-968093310):5)
09-07 19:57:38.780 17105 18847 W FlagRegistrar: 	... 11 more
09-07 19:57:38.790 17105 17161 I ProviderInstaller: Installed default security provider AndroidOpenSSL (via CompatProvider)
09-07 19:57:38.797 17105 17147 W JobInfo : Requested important-while-foreground flag for job555001906 is ignored and takes no effect
09-07 19:57:38.846 16016 16016 I ImeTracker: com.android.vending:61fb4071: onCancelled at PHASE_CLIENT_ALREADY_HIDDEN
09-07 19:57:38.875  8005  8005 I SubtypeOperator: SubtypeOperator$1.onUnbindInput():43 
09-07 19:57:38.875  8005  8005 I SubtypeOperator: SubtypeOperator$1.onBindInput():33 
09-07 19:57:38.877  8005  8005 I GoogleInputMethodService: GoogleInputMethodService.onFinishInput():2361 
09-07 19:57:38.887  8005 14942 I Module  : DeviceLockedStatusModuleProvider$Module.updateDeviceLockedStatusInternal():119 repeatCheckTimes = 0, locked = false
09-07 19:57:38.894  8005  8005 I GoogleInputMethodService: GoogleInputMethodService.onStartInput():1532 onStartInput(EditorInfo{EditorInfo{packageName=com.android.vending, inputType=0, inputTypeString=NULL, enableLearning=false, autoCorrection=false, autoComplete=false, imeOptions=0, privateImeOptions=null, actionName=UNSPECIFIED, actionLabel=null, initialSelStart=-1, initialSelEnd=-1, initialCapsMode=0, label=null, fieldId=0, fieldName=null, extras=null, hintText=null, hintLocales=[]}}, false)
09-07 19:57:38.897  8005  8005 I LatinIMEBase: LatinIMEBase.updateInputViewCoverNavigation():316 Update input view padding, isNavbarOverInputWindow=true, bottom inset=132
09-07 19:57:38.902  8005 14954 I Module  : DeviceLockedStatusModuleProvider$Module.updateDeviceLockedStatusInternal():119 repeatCheckTimes = 1, locked = false
09-07 19:57:38.928  8145  8155 I ewrk    : (REDACTED) HDM. appOpsListener %s %s
09-07 19:57:38.928  8145  8155 I ewrk    : (REDACTED) HDM. Ignoring irrelevant audio permission changes for package %s
09-07 19:57:39.147 18353 18545 I WM-WorkerWrapper: Worker result SUCCESS for Work [ id=7228fac4-d874-4c6b-b386-aca59990521d, class=com.google.android.libraries.notifications.platform.entrypoints.job.GnpWorker, tags={ com.google.android.libraries.notifications.platform.entrypoints.job.GnpWorker,GNP_SDK_JOB } ]
09-07 19:57:39.184 18288 18853 W ProxyAndroidLoggerBackend: Too many Flogger logs received before configuration. Dropping old logs.
09-07 19:57:39.186 17105 18764 W HWUI    : Image decoding logging dropped!
09-07 19:57:39.191 18288 18853 W ProxyAndroidLoggerBackend: Too many Flogger logs received before configuration. Dropping old logs.
09-07 19:57:39.204 18288 18853 W ProxyAndroidLoggerBackend: Too many Flogger logs received before configuration. Dropping old logs.
09-07 19:57:39.212 18288 18853 W ProxyAndroidLoggerBackend: Too many Flogger logs received before configuration. Dropping old logs.
09-07 19:57:39.213 18288 18853 W ProxyAndroidLoggerBackend: Too many Flogger logs received before configuration. Dropping old logs.
09-07 19:57:39.213 18288 18853 W ProxyAndroidLoggerBackend: Too many Flogger logs received before configuration. Dropping old logs.
09-07 19:57:39.236 18288 18853 W ProxyAndroidLoggerBackend: Too many Flogger logs received before configuration. Dropping old logs.
09-07 19:57:39.236 18288 18853 W ProxyAndroidLoggerBackend: Too many Flogger logs received before configuration. Dropping old logs.
09-07 19:57:39.274 18288 18312 W ProxyAndroidLoggerBackend: Too many Flogger logs received before configuration. Dropping old logs.
09-07 19:57:39.279 18288 18853 W ProxyAndroidLoggerBackend: Too many Flogger logs received before configuration. Dropping old logs.
09-07 19:57:39.280 18288 18853 W ProxyAndroidLoggerBackend: Too many Flogger logs received before configuration. Dropping old logs.
09-07 19:57:39.285 14782 14844 I easw    : Acquiring account-switch locks.
09-07 19:57:39.312 17105 17144 I HttpFlagsLoader: HTTP flags log line (Impl): Using live production flag values from Google
09-07 19:57:39.342 14782 14844 I easw    : Acquired account-switch Mutex.
09-07 19:57:39.365 17105 17144 I cn_CronetLibraryLoader: Cronet version: 147.0.7727.132, arch: aarch64
09-07 19:57:39.617 14782 14844 I easw    : Releasing account-switch locks.
09-07 19:57:39.681 18588 18612 I native  : I0000 00:00:1788791259.681861   18612 exl_node_generator.cc:58] Setting legal word grammar as macro_only: true
09-07 19:57:39.682 18588 18612 I native  : I0000 00:00:1788791259.682553   18612 android_resource_loader.cc:100] Built resource lettuce_node_generator
09-07 19:57:39.682 18588 18612 I native  : I0000 00:00:1788791259.682639   18612 android_resource_loader.cc:116] Loaded resource:lettuce_node_generator
09-07 19:57:39.682 18588 18612 I native  : I0000 00:00:1788791259.682707   18612 data_source.cc:95] Opening data source "/data/user_de/0/com.google.android.tts/files/superpacks/en-in/en-in-x-multi-seanet-r65/../en-in-x-multi-r65/converter_en_in_android.far" (as: FILE) ...
09-07 19:57:39.684 18588 18612 I native  : I0000 00:00:1788791259.684172   18612 data_source.cc:99] ... Opened data source "/data/user_de/0/com.google.android.tts/files/superpacks/en-in/en-in-x-multi-seanet-r65/../en-in-x-multi-r65/converter_en_in_android.far" of size 1344
09-07 19:57:39.685 18588 18612 I native  : I0000 00:00:1788791259.685110   18612 android_resource_loader.cc:100] Built resource pron_buffet_to_tts_converter
09-07 19:57:39.685 18588 18612 I native  : I0000 00:00:1788791259.685223   18612 android_resource_loader.cc:116] Loaded resource:pron_buffet_to_tts_converter
09-07 19:57:39.691 18588 18612 I native  : I0000 00:00:1788791259.691855   18612 data_source.cc:95] Opening data source "/data/user_de/0/com.google.android.tts/files/superpacks/en-in/en-in-x-multi-seanet-r65/../en-in-x-multi-r65/regexp_rewrite_embedded.pb" (as: FILE) ...
09-07 19:57:39.693 18588 18612 I native  : I0000 00:00:1788791259.693366   18612 data_source.cc:99] ... Opened data source "/data/user_de/0/com.google.android.tts/files/superpacks/en-in/en-in-x-multi-seanet-r65/../en-in-x-multi-r65/regexp_rewrite_embedded.pb" of size 6025
09-07 19:57:39.696 18588 18612 I native  : I0000 00:00:1788791259.695970   18612 data_source.cc:95] Opening data source "/data/user_de/0/com.google.android.tts/files/superpacks/en-in/en-in-x-multi-seanet-r65/../en-in-x-multi-r65/punctuation.pb" (as: FILE) ...
09-07 19:57:39.696 18588 18612 I native  : I0000 00:00:1788791259.696512   18612 data_source.cc:99] ... Opened data source "/data/user_de/0/com.google.android.tts/files/superpacks/en-in/en-in-x-multi-seanet-r65/../en-in-x-multi-r65/punctuation.pb" of size 452
09-07 19:57:39.920 18588 18612 E native  : E0000 00:00:1788791259.919749   18612 re2.cc:251] Error parsing '^|[^\p{Letter}\\]': invalid character class range: \p{Letter}
09-07 19:57:39.920 18588 18612 E native  : E0000 00:00:1788791259.920514   18612 replacement_rule.cc:40] Invalid context regexp: invalid character class range: \p{Letter}
09-07 19:57:39.920 18588 18612 E native  : E0000 00:00:1788791259.920560   18612 replacement_rule.cc:151] Error creating replacement rule.
09-07 19:57:39.921 18588 18612 E native  : E0000 00:00:1788791259.920590   18612 regexp_rewriter.cc:35] Error creating rule MessageLite at 0xb400007545e42e70.
09-07 19:57:39.923 18588 18612 I native  : I0000 00:00:1788791259.923666   18612 android_resource_loader.cc:100] Built resource rewrite_algo
09-07 19:57:39.923 18588 18612 I native  : I0000 00:00:1788791259.923791   18612 android_resource_loader.cc:116] Loaded resource:rewrite_algo
09-07 19:57:39.924 18588 18612 I native  : I0000 00:00:1788791259.924346   18612 data_source.cc:95] Opening data source "/data/user_de/0/com.google.android.tts/files/superpacks/en-in/en-in-x-multi-seanet-r65/../en-in-x-multi-r65/roman_numeral_contexts.pb" (as: FILE) ...
09-07 19:57:39.924 18588 18612 I native  : I0000 00:00:1788791259.924866   18612 data_source.cc:99] ... Opened data source "/data/user_de/0/com.google.android.tts/files/superpacks/en-in/en-in-x-multi-seanet-r65/../en-in-x-multi-r65/roman_numeral_contexts.pb" of size 9114
09-07 19:57:39.926 18588 18612 I native  : I0000 00:00:1788791259.926261   18612 android_resource_loader.cc:100] Built resource roman_numeral_context_words
09-07 19:57:39.926 18588 18612 I native  : I0000 00:00:1788791259.926358   18612 android_resource_loader.cc:116] Loaded resource:roman_numeral_context_words
09-07 19:57:39.927 18588 18612 I native  : I0000 00:00:1788791259.927533   18612 android_resource_loader.cc:100] Built resource classify_roman_numerals_grm_algo
09-07 19:57:39.927 18588 18612 I native  : I0000 00:00:1788791259.927591   18612 android_resource_loader.cc:116] Loaded resource:classify_roman_numerals_grm_algo
09-07 19:57:39.927 18588 18612 I native  : I0000 00:00:1788791259.927661   18612 android_resource_loader.cc:100] Built resource runtime_override
09-07 19:57:39.927 18588 18612 I native  : I0000 00:00:1788791259.927695   18612 android_resource_loader.cc:116] Loaded resource:runtime_override
09-07 19:57:39.927 18588 18612 I native  : I0000 00:00:1788791259.927735   18612 data_source.cc:95] Opening data source "/data/user_de/0/com.google.android.tts/files/superpacks/en-in/en-in-x-multi-seanet-r65/seanet_model_options.pb" (as: FILE) ...
09-07 19:57:39.928 18588 18612 I native  : I0000 00:00:1788791259.928547   18612 data_source.cc:99] ... Opened data source "/data/user_de/0/com.google.android.tts/files/superpacks/en-in/en-in-x-multi-seanet-r65/seanet_model_options.pb" of size 32
09-07 19:57:39.929 18588 18612 I native  : I0000 00:00:1788791259.929548   18612 data_source.cc:95] Opening data source "/data/user_de/0/com.google.android.tts/files/superpacks/en-in/en-in-x-multi-seanet-r65/seanet_model.tflite" (as: FILE) ...
09-07 19:57:39.930 18588 18612 I native  : I0000 00:00:1788791259.930571   18612 data_source.cc:99] ... Opened data source "/data/user_de/0/com.google.android.tts/files/superpacks/en-in/en-in-x-multi-seanet-r65/seanet_model.tflite" of size 2786320
09-07 19:57:39.958 18588 18612 I native  : I0000 00:00:1788791259.958266   18612 android_resource_loader.cc:100] Built resource seanet_enhancer
09-07 19:57:39.958 18588 18612 I native  : I0000 00:00:1788791259.958769   18612 android_resource_loader.cc:116] Loaded resource:seanet_enhancer
09-07 19:57:39.960 18588 18612 I native  : I0000 00:00:1788791259.960216   18612 data_source.cc:95] Opening data source "/data/user_de/0/com.google.android.tts/files/superpacks/en-in/en-in-x-multi-seanet-r65/../en-in-x-multi-r65/sb_model.bin" (as: MEMORY) ...
09-07 19:57:39.960 18588 18612 I native  : I0000 00:00:1788791259.960823   18612 data_source.cc:99] ... Opened data source "/data/user_de/0/com.google.android.tts/files/superpacks/en-in/en-in-x-multi-seanet-r65/../en-in-x-multi-r65/sb_model.bin" of size 48272
09-07 19:57:39.961 18588 18612 I native  : I0000 00:00:1788791259.961326   18612 android_resource_loader.cc:100] Built resource sentence_boundary_model_resource
09-07 19:57:39.961 18588 18612 I native  : I0000 00:00:1788791259.961399   18612 android_resource_loader.cc:116] Loaded resource:sentence_boundary_model_resource
09-07 19:57:39.961 18588 18612 I native  : I0000 00:00:1788791259.961716   18612 data_source.cc:95] Opening data source "/data/user_de/0/com.google.android.tts/files/superpacks/en-in/en-in-x-multi-seanet-r65/../en-in-x-multi-r65/en_verbalize_spec.pb" (as: FILE) ...
09-07 19:57:39.962 18588 18612 I native  : I0000 00:00:1788791259.962170   18612 data_source.cc:99] ... Opened data source "/data/user_de/0/com.google.android.tts/files/superpacks/en-in/en-in-x-multi-seanet-r65/../en-in-x-multi-r65/en_verbalize_spec.pb" of size 3984
09-07 19:57:39.962 18588 18612 I native  : I0000 00:00:1788791259.962832   18612 android_resource_loader.cc:100] Built resource serialization_spec
09-07 19:57:39.962 18588 18612 I native  : I0000 00:00:1788791259.962881   18612 android_resource_loader.cc:116] Loaded resource:serialization_spec
09-07 19:57:39.963 18588 18612 I native  : I0000 00:00:1788791259.963775   18612 data_source.cc:95] Opening data source "/data/user_de/0/com.google.android.tts/files/superpacks/en-in/en-in-x-multi-seanet-r65/../en-in-x-multi-r65/textnorm_params_embedded_en_in.pb" (as: FILE) ...
09-07 19:57:39.964 18588 18612 I native  : I0000 00:00:1788791259.964247   18612 data_source.cc:99] ... Opened data source "/data/user_de/0/com.google.android.tts/files/superpacks/en-in/en-in-x-multi-seanet-r65/../en-in-x-multi-r65/textnorm_params_embedded_en_in.pb" of size 307
09-07 19:57:39.964 18588 18612 I native  : I0000 00:00:1788791259.964814   18612 android_resource_loader.cc:100] Built resource textnorm_params
09-07 19:57:39.964 18588 18612 I native  : I0000 00:00:1788791259.964877   18612 android_resource_loader.cc:116] Loaded resource:textnorm_params
09-07 19:57:39.974  8145  8155 I IPCThreadState: oneway function results for code 2 on binder at 0xb400007555e58e40 will be dropped but finished with status UNKNOWN_TRANSACTION
09-07 19:57:39.993 16016 16016 I Finsky  : [2] Unable to report via RADS flow because the ScionPayloadData is null.
09-07 19:57:40.068 17105 18764 W HWUI    : Image decoding logging dropped!
09-07 19:57:40.117 18353 18423 I PrimesLoggerHolder: Failed to find any valid flight records for process id 21335
09-07 19:57:40.123 18353 18423 I PrimesLoggerHolder: Failed to find any valid flight records for process id 24329
09-07 19:57:40.124 18353 18423 I PrimesLoggerHolder: Failed to find any valid flight records for process id 23861
09-07 19:57:40.365 17105 18764 W HWUI    : Image decoding logging dropped!
09-07 19:57:40.704 17589 18246 E GoogleApiManager: Failed to get service from broker. 
09-07 19:57:40.704 17589 18246 E GoogleApiManager: java.lang.SecurityException: Unknown calling package name 'com.google.android.gms'.
09-07 19:57:40.704 17589 18246 E GoogleApiManager: 	at android.os.Parcel.createExceptionOrNull(Parcel.java:3353)
09-07 19:57:40.704 17589 18246 E GoogleApiManager: 	at android.os.Parcel.createException(Parcel.java:3337)
09-07 19:57:40.704 17589 18246 E GoogleApiManager: 	at android.os.Parcel.readException(Parcel.java:3320)
09-07 19:57:40.704 17589 18246 E GoogleApiManager: 	at android.os.Parcel.readException(Parcel.java:3262)
09-07 19:57:40.704 17589 18246 E GoogleApiManager: 	at bmrj.a(:com.google.android.gms@263234035@26.32.34 (260400-968093310):36)
09-07 19:57:40.704 17589 18246 E GoogleApiManager: 	at bmpc.y(:com.google.android.gms@263234035@26.32.34 (260400-968093310):143)
09-07 19:57:40.704 17589 18246 E GoogleApiManager: 	at bluz.run(:com.google.android.gms@263234035@26.32.34 (260400-968093310):42)
09-07 19:57:40.704 17589 18246 E GoogleApiManager: 	at android.os.Handler.handleCallback(Handler.java:1051)
09-07 19:57:40.704 17589 18246 E GoogleApiManager: 	at android.os.Handler.dispatchMessage(Handler.java:107)
09-07 19:57:40.704 17589 18246 E GoogleApiManager: 	at dhsb.lJ(:com.google.android.gms@263234035@26.32.34 (260400-968093310):1)
09-07 19:57:40.704 17589 18246 E GoogleApiManager: 	at dhsb.dispatchMessage(:com.google.android.gms@263234035@26.32.34 (260400-968093310):5)
09-07 19:57:40.704 17589 18246 E GoogleApiManager: 	at android.os.Looper.loopOnce(Looper.java:266)
09-07 19:57:40.704 17589 18246 E GoogleApiManager: 	at android.os.Looper.loop(Looper.java:361)
09-07 19:57:40.704 17589 18246 E GoogleApiManager: 	at android.os.HandlerThread.run(HandlerThread.java:103)
09-07 19:57:40.705 17589 18246 W GoogleApiManager: Not showing notification since connectionResult is not user-facing: ConnectionResult{statusCode=DEVELOPER_ERROR, resolution=null, message=null, clientMethodKey=null}
09-07 19:57:40.898 14782 14863 I CPController: register the profile change listener
09-07 19:57:40.928 14782 14863 I dfft    : (REDACTED) remove request for trigger key: %s, isClientInitiated: %s
09-07 19:57:40.946 14782 14832 W dffl    : (REDACTED) No expiration policy for request: %s from client: %s
09-07 19:57:40.952 14782 14847 W dffl    : (REDACTED) No expiration policy for request: %s from client: %s
09-07 19:57:40.958 14782 15188 I byly    : CTF Update success.
09-07 19:57:40.966 14782 15188 I bwtk    : (REDACTED) Updating user context. Event: %s
09-07 19:57:41.059 16016 16016 I Finsky  : [2] Applying library update: account=[-0EO7GmXd_Oz7NA3tqW6Jh7Bz_bLx95qZqhtrfGD3H8]
09-07 19:57:41.061 16016 16016 I Finsky  : [2] id: adwc
09-07 19:57:41.076 16016 16016 I Finsky  : [2] id: umv
09-07 19:57:41.078 16016 16016 I Finsky  : [2] Will queue com.realshare.app to be downloaded over any network
09-07 19:57:41.086 16016 18901 W DynamiteModule: Local module descriptor class for com.google.android.gms.measurement.dynamite not found.
09-07 19:57:41.096 16016 18901 I DynamiteModule: Considering local module com.google.android.gms.measurement.dynamite:0 and remote module com.google.android.gms.measurement.dynamite:205
09-07 19:57:41.096 16016 18901 I DynamiteModule: Selected remote version of com.google.android.gms.measurement.dynamite, version >= 205
09-07 19:57:41.102 16016 16016 W Finsky  : [2] No everExternallyHosted provided for com.realshare.app
09-07 19:57:41.110 16016 16040 E Finsky  : [121] Unhandled CTA button type: BUTTON_WITH_LINK
09-07 19:57:41.110 16016 16041 E Finsky  : [122] Unhandled button type.
09-07 19:57:41.110 16016 16038 E Finsky  : [119] Unhandled button type.
09-07 19:57:41.113 16016 16216 I android.vending: Waiting for a blocking GC Explicit
09-07 19:57:41.130 16016 18901 I android.vending: AssetManager2(0xb400007395ea7fb8) locale list changing from [] to [en-IN]
09-07 19:57:41.135 16016 18901 I android.vending: AssetManager2(0xb400007395e99878) locale list changing from [] to [en-IN]
09-07 19:57:41.148 16016 18901 W DynamiteModule: Local module descriptor class for com.google.android.gms.measurement.dynamite not found.
09-07 19:57:41.157 16016 16102 W HWUI    : Image decoding logging dropped!
09-07 19:57:41.158 16016 16016 I Finsky  : [2] [ContentSync] App library has changed, requesting content sync.
09-07 19:57:41.178 16016 18460 I Finsky  : [271] SCH: Received scheduling request: Id: 12-1, Constraints: [{ L: 15000, D: 86400000, C: CHARGING_NONE, I: IDLE_NONE, N: NET_ANY, B: BATTERY_ANY }]
09-07 19:57:41.180 16016 16102 W HWUI    : Image decoding logging dropped!
09-07 19:57:41.232 16016 16106 W HWUI    : Image decoding logging dropped!
09-07 19:57:41.266 16016 16109 W HWUI    : Image decoding logging dropped!
09-07 19:57:41.287 16016 16111 W HWUI    : Image decoding logging dropped!
09-07 19:57:41.313  3867 16905 I .gms.persistent: AssetManager2(0xb400007395e8f2d8) locale list changing from [] to [en-IN]
09-07 19:57:41.321 16016 18905 E android.vending: No package ID 6a found for resource ID 0x6a0b0013.
09-07 19:57:41.327 16016 18905 I FA      : App measurement initialized, version: 181006
09-07 19:57:41.327 16016 18905 I FA      : To enable debug logging run: adb shell setprop log.tag.FA VERBOSE
09-07 19:57:41.327 16016 18905 I FA      : To enable faster debug mode event logging run:
09-07 19:57:41.327 16016 18905 I FA      :   adb shell setprop debug.firebase.analytics.app com.android.vending
09-07 19:57:41.338 14328 16749 D SQLiteQueryBuilder: SELECT value FROM partner WHERE ((name=?))
09-07 19:57:41.338 14328 14995 I Icing   : IndexChimeraService.getServiceInterface callingPackage=com.google.android.gms componentName=ContactsIndexer serviceId=33
09-07 19:57:41.338 14328 14970 I Icing   : IndexChimeraService.getServiceInterface callingPackage=com.google.android.googlequicksearchbox componentName=AMBIENT_ASSISTANT serviceId=32
09-07 19:57:41.365 16016 16044 I Finsky  : [125] WM::SCH: Logging work initialize for 12-1
09-07 19:57:41.365 16016 18905 W FA      : Failed to retrieve Firebase Instance Id
09-07 19:57:41.384 16016 18905 W FA      : Failed to retrieve Firebase Instance Id
09-07 19:57:41.384 16016 18905 I FA      : Tag Manager is not found and thus will not be used
09-07 19:57:41.388 16016 18905 W FA      : Failed to retrieve Firebase Instance Id
09-07 19:57:41.391 16016 18905 W FA      : Failed to retrieve Firebase Instance Id
09-07 19:57:41.392 16016 18905 W FA      : Failed to retrieve Firebase Instance Id
09-07 19:57:41.396 16016 18905 W FA      : Failed to retrieve Firebase Instance Id
09-07 19:57:41.490 14782 15188 I SS3PSurfacesSuggestAggr: Neither TNG Smartspace widget nor OEM is enabled.
09-07 19:57:41.495 14782 15188 I BcSsSuggestionAgg: TNG Bluechip smartspace not enabled.
09-07 19:57:41.496 14782 15188 W bwql    : Triggering event does not contain a headphone connection.
09-07 19:57:41.533 16016 16050 I Finsky  : [131] SCH: Scheduling phonesky job Id: 12-1, CT: 1788791261178, Constraints: [{ L: 15000, D: 86400000, C: CHARGING_NONE, I: IDLE_NONE, N: NET_ANY, B: BATTERY_ANY }]
09-07 19:57:41.534 16016 16095 I cn_CronetUrlRequestContext: destroyNativeStreamLocked android.net.http.internal.org.chromium.net.impl.CronetBidirectionalStream@96c04e7
09-07 19:57:41.538 16016 16016 W WindowOnBackDispatcher: sendCancelIfRunning: isInProgress=false callback=nez@ac003ac
09-07 19:57:41.539 16016 16060 I HWUI    : [setStopped] CanvasContext will be destroyed.
09-07 19:57:41.545 16016 16016 W WindowOnBackDispatcher: sendCancelIfRunning: isInProgress=false callback=android.app.Activity$$ExternalSyntheticLambda0@ce3fd5f
09-07 19:57:41.570 16016 16060 I HWUI    : [destroy] CanvasContext will be destroyed.
09-07 19:57:41.581 16016 16095 I cn_CronetUrlRequestContext: destroyNativeStreamLocked android.net.http.internal.org.chromium.net.impl.CronetBidirectionalStream@5a9f5d7
09-07 19:57:41.595 16016 16055 I Finsky  : [136] SCH: Scheduling 1 system job(s)
09-07 19:57:41.609 16016 16107 W HWUI    : Image decoding logging dropped!
09-07 19:57:41.684  8005  8005 I GoogleInputMethodService: GoogleInputMethodService.onFinishInput():2361 
09-07 19:57:41.686  8005 14635 I Module  : DeviceLockedStatusModuleProvider$Module.updateDeviceLockedStatusInternal():119 repeatCheckTimes = 0, locked = false
09-07 19:57:41.687  8005  8005 I GoogleInputMethodService: GoogleInputMethodService.onStartInput():1532 onStartInput(EditorInfo{EditorInfo{packageName=com.android.vending, inputType=0, inputTypeString=NULL, enableLearning=false, autoCorrection=false, autoComplete=false, imeOptions=0, privateImeOptions=null, actionName=UNSPECIFIED, actionLabel=null, initialSelStart=-1, initialSelEnd=-1, initialCapsMode=0, label=null, fieldId=0, fieldName=null, extras=null, hintText=null, hintLocales=[]}}, false)
09-07 19:57:41.687  8005  8005 I LatinIMEBase: LatinIMEBase.updateInputViewCoverNavigation():316 Update input view padding, isNavbarOverInputWindow=true, bottom inset=132
09-07 19:57:41.690  8005 14660 I Module  : DeviceLockedStatusModuleProvider$Module.updateDeviceLockedStatusInternal():119 repeatCheckTimes = 1, locked = false
09-07 19:57:41.816  8910 11452 E msys    : E[N WA]_WAJMNSStreamImplOnMNSFailure(298)=>[LogLevel:I] WAJMNSStream/impl/callback/onMNSFailure/p=0xb4000073e5f1e0d0 (error=MNSTCPSocketReceive(): Software caused connection abort)
09-07 19:57:41.825  8910 11452 E msys    : E[N WA]_WAJMNSStreamImplCreateConnectionReport(202)=>[LogLevel:I] WAJMNSStream/impl/report port=5222, connectedIPVersion=4, resolvedIPAddressCount=1, dnsResolutionStartTimeMS=10149630, dnsResolutionEndTimeMS=10149632, dnsCacheHit=Yes, connectStartTimeMS=10149632, connectEndTimeMS=10149639, proxyConnectStartTimeMS=0, proxyConnectEndTimeMS=0
09-07 19:57:41.826  8910 11452 E msys    : E[N WA]_WAJMNSStreamImplUpdateStreamState(238)=>[LogLevel:I] WAJMNSStream/impl/state-changed/p=0xb4000073e5f1e0d0 (connected=>disconnected)
09-07 19:57:41.924 14328 16611 I AdvertisingIdClient: shouldSendLog 26039900
09-07 19:57:41.924 14328 16611 I AdvertisingIdClient: GetInfoInternal elapse 43ms
09-07 19:57:42.006  8910 10067 E msys    : E[N WA]WAJMNSStreamImplDisconnectSync(569)=>[LogLevel:W] WAJMNSStream/impl/disconnect/p=0xb4000073e5f1e0d0 (bytesSent=2651)(bytesRecv=2849)
09-07 19:57:42.015 14328 18648 I Icing   : Storage manager: low false usage 4.79MB avail 46.52GB capacity 103.42GB
09-07 19:57:42.163 17105 18928 W HWUI    : Image decoding logging dropped!
09-07 19:57:42.177  8910 10067 E msys    : E[N WA]_WAJMNSStreamImplMNSTCPStreamCreate(410)=>[LogLevel:I] WAJMNSStream/impl/tcpStreamCreate/MNSStreamRaw/p=0xb4000073e5ee30f0
09-07 19:57:42.179  8910 10067 E msys    : E[N WA]WAJMNSStreamImplCreate(485)=>[LogLevel:I] WAJMNSStream/impl/create/p=0xb4000073e5ee30f0 (mnsConn=0xb4000074e5e3bc00)
09-07 19:57:42.180  8910 10067 E msys    : E[N WA]_WAJMNSStreamCreateMnsIpsFromIpAddressStrings(98)=>[LogLevel:I] no ip addresses provided, using DNS resolution
09-07 19:57:42.180  8910 10067 E msys    : E[N WA]WAJMNSStreamImplConnect(513)=>[LogLevel:I] WAJMNSStream/impl/connect/p=0xb4000073e5ee30f0 (endpoint=g.whatsapp.net:5222)(ipAddressCount=0)
09-07 19:57:42.181  8910 10067 E msys    : E[N WA]_WAJMNSStreamImplUpdateStreamState(238)=>[LogLevel:I] WAJMNSStream/impl/state-changed/p=0xb4000073e5ee30f0 (initial=>connecting)
09-07 19:57:42.194  8910 11452 E msys    : E[N WA]_WAJMNSStreamImplOnMNSReady(269)=>[LogLevel:I] WAJMNSStream/impl/callback/onMNSReady/p=0xb4000073e5ee30f0
09-07 19:57:42.194  8910 11452 E msys    : E[N WA]_WAJMNSStreamImplCreateConnectionReport(202)=>[LogLevel:I] WAJMNSStream/impl/report port=5222, connectedIPVersion=4, resolvedIPAddressCount=1, dnsResolutionStartTimeMS=10203108, dnsResolutionEndTimeMS=10203115, dnsCacheHit=Yes, connectStartTimeMS=10203115, connectEndTimeMS=10203121, proxyConnectStartTimeMS=0, proxyConnectEndTimeMS=0
09-07 19:57:42.194  8910 11452 E msys    : E[N WA]_WAJMNSStreamImplUpdateStreamState(238)=>[LogLevel:I] WAJMNSStream/impl/state-changed/p=0xb4000073e5ee30f0 (connecting=>connected)
09-07 19:57:42.198  8910 11452 E msys    : E[N mns]_OnResolverSuccess(384)=>Cache refresh succeeded with system DNS resolver. IP count: 1
09-07 19:57:42.211  8910 10067 I com.whatsapp: AssetManager2(0xb400007395ee22f8) locale list changing from [] to [en-IN]
09-07 19:57:42.260 14328 18648 E native  : E0000 00:00:1788791262.260220   18648 model-utils.cc:41] Not a valid Model flatbuffer
09-07 19:57:42.263 14328 18648 E native  : E0000 00:00:1788791262.263709   18648 model-provider-from-fb.cc:105] Unable to initialize ModelProviderFromFlatbuffer
09-07 19:57:42.264 14328 18648 I native  : I0000 00:00:1788791262.264057   18648 model-api.cc:46] Registered model under key tmp-segmentation-model
09-07 19:57:42.377 16016 16112 W ratelimit: Single process limit 50/s drop 18 lines.
09-07 19:57:42.377 16016 16112 I android.vending: Explicit concurrent copying GC freed 11MB AllocSpace bytes, 9(268KB) LOS objects, 35% free, 43MB/67MB, paused 1.314ms,229us total 1.265s
09-07 19:57:42.380 16016 16216 I android.vending: Waiting for a blocking GC Explicit
09-07 19:57:42.382 18588 18612 I native  : I0000 00:00:1788791262.382394   18612 android_resource_loader.cc:100] Built resource icu_transliterator_to_latin
09-07 19:57:42.382 18588 18612 I native  : I0000 00:00:1788791262.382638   18612 android_resource_loader.cc:116] Loaded resource:icu_transliterator_to_latin
09-07 19:57:42.382 18588 18612 I native  : I0000 00:00:1788791262.382715   18612 data_source.cc:95] Opening data source "/data/user_de/0/com.google.android.tts/files/superpacks/en-in/en-in-x-multi-seanet-r65/../en-in-x-multi-r65/g2p_m3_syls0_stress0_en-IN.fst" (as: FILE) ...
09-07 19:57:42.383 18588 18612 I native  : I0000 00:00:1788791262.383349   18612 data_source.cc:99] ... Opened data source "/data/user_de/0/com.google.android.tts/files/superpacks/en-in/en-in-x-multi-seanet-r65/../en-in-x-multi-r65/g2p_m3_syls0_stress0_en-IN.fst" of size 1038400
09-07 19:57:42.384 18588 18612 I native  : I0000 00:00:1788791262.384767   18612 compact_fst.cc:20] Loading FST from "/data/user_de/0/com.google.android.tts/files/superpacks/en-in/en-in-x-multi-seanet-r65/../en-in-x-multi-r65/g2p_m3_syls0_stress0_en-IN.fst" ...
09-07 19:57:42.405 14328 18648 I native  : I0000 00:00:1788791262.404975   18648 permission-checker.cc:82] Creating PermissionChecker based on ACL with config_version 1 having 9 permissions defined.
09-07 19:57:42.442 14328 14965 I Icing   : IndexChimeraService.getServiceInterface callingPackage=com.google.android.gms componentName=null serviceId=30
09-07 19:57:42.655 16016 16016 I Finsky  : [2] AIM: AppInfoManager-Perf > getApps > called for 1 apps
09-07 19:57:42.658 16016 16040 I Finsky  : [121] DM: Start summary flow
09-07 19:57:42.662 16016 16055 I Finsky  : [136] AIM: AppInfoManager-Perf > OnDeviceAppInfo > cacheHitCount=0, cacheMissCount=1. Missed  in cache (limit 10) : [com.realshare.app]
09-07 19:57:42.679 16016 16051 I Finsky  : [132] AIM: Got app ownership map. App counts: 1. Unique apps: 1
09-07 19:57:42.683 16016 16055 E Finsky  : [136] [Counters] attempted to use a non-positive increment for: 4753
09-07 19:57:42.688 16016 16016 I Finsky  : [2] DL: Data loader session turned off due to Incremental install not requested: com.realshare.app
09-07 19:57:42.719 16016 16055 I Finsky  : [136] AIM: AppInfoManager-Perf > ItemModel > CacheSize=122, cacheHitCount=0, cacheMissCount=1, total appsWithNoServerDataCount=2. Missed  in cache (limit 10) : [com.realshare.app]
09-07 19:57:42.723 16016 16055 I Finsky  : [136] AIM: AppInfoManager-Perf > ItemModel > ItemStore Called 1 apps cacheOptions = REFRESH_LOCAL_CACHE
09-07 19:57:42.725 16016 16055 I Finsky  : [136] AIM: ItemModel fetch - unauth(0), auth([-0EO7GmXd_Oz7NA3tqW6Jh7Bz_bLx95qZqhtrfGD3H8]->1)
09-07 19:57:42.736 16016 16051 E Finsky  : [132] [Counters] attempted to use a non-positive increment for: 4751
09-07 19:57:42.740 16016 16016 E Finsky  : [2] ComposeVisualElement Error: veType=1876, CVE is already removed from parent
09-07 19:57:42.740 16016 16016 W Finsky  : [2] STU: Failed to get storage stats for package 'com.realshare.app' (1601: Error getting stats: android.content.pm.PackageManager.NameNotFoundException)
09-07 19:57:42.749 16016 16051 I Finsky  : [132] AIM: AppInfoManager-Perf > getApps > data collection finished
09-07 19:57:42.778 16016 16016 E Finsky  : [2] ComposeVisualElement Error: veType=1904, CVE is already linked to the same parent
09-07 19:57:42.782 16016 16016 E Finsky  : [2] ComposeVisualElement Error: veType=1863, CVE is already removed from parent
09-07 19:57:42.783 16016 16016 E Finsky  : [2] ComposeVisualElement Error: veType=1874, CVE is already removed from parent
09-07 19:57:42.783 16016 16016 E Finsky  : [2] ComposeVisualElement Error: veType=1906, CVE is already removed from parent
09-07 19:57:42.784 16016 16016 E Finsky  : [2] ComposeVisualElement Error: veType=1878, CVE is already removed from parent
09-07 19:57:42.811 16016 16016 I Finsky  : [2] IQ::HLD: previousAllInstallsDone is null, allInstallationsDone is true
09-07 19:57:42.811 16016 16016 I Finsky  : [2] IQ::HLD: Updating installations status false cross profiles
09-07 19:57:42.813 16016 16016 I Finsky  : [2] XPF:Binding for 149324552
09-07 19:57:42.823 16016 16016 I Finsky  : [2] XPF:creating profileStateService
09-07 19:57:42.835 16016 16016 I Finsky  : [2] XPF:Registering listener 16079180 for user u0.
09-07 19:57:42.835 16016 16016 I Finsky  : [2] XPF:User 0 finished enterprise setup, removing profile.
09-07 19:57:42.836 14328 18648 I Icing   : updateResources: need to parse cpea{com.google.android.gms}
09-07 19:57:42.844 16016 16016 I Finsky  : [2] XPF:User 0 is not in installation anymore, removing profile.
09-07 19:57:42.844 16016 16016 I Finsky  : [2] XPF:Notifying user u0 that all installs are finished
09-07 19:57:42.845 16016 16145 I Finsky  : [188] IQ::HLD: Unregistering listener after installs finished in all profiles
09-07 19:57:42.870 16016 16016 W AccessibilityDelegate: Drawing order is not available, was AccessibilityNodeInfo requested for a child node before its parent?
09-07 19:57:42.870 16016 16016 W AccessibilityDelegate: Drawing order is not available, was AccessibilityNodeInfo requested for a child node before its parent?
09-07 19:57:42.884 18588 18612 I native  : I0000 00:00:1788791262.884546   18612 decoder.cc:51] G2P FST loaded (117 graphemes and 66 phonemes).
09-07 19:57:42.946 16222 16228 I cebook.services: Background concurrent copying GC freed 4703KB AllocSpace bytes, 51(1548KB) LOS objects, 71% free, 2449KB/8593KB, paused 1.160ms,58us total 190.527ms
09-07 19:57:42.956 18588 18612 I native  : I0000 00:00:1788791262.956686   18612 android_resource_loader.cc:100] Built resource learned_fst_g2p_mapper
09-07 19:57:42.957 18588 18612 I native  : I0000 00:00:1788791262.956838   18612 android_resource_loader.cc:116] Loaded resource:learned_fst_g2p_mapper
09-07 19:57:42.960 18588 18612 I native  : I0000 00:00:1788791262.959969   18612 android_resource_loader.cc:100] Built resource spelling_normalizer
09-07 19:57:42.961 18588 18612 I native  : I0000 00:00:1788791262.960166   18612 android_resource_loader.cc:116] Loaded resource:spelling_normalizer
09-07 19:57:42.964 18588 18612 I native  : I0000 00:00:1788791262.964130   18612 data_source.cc:95] Opening data source "/data/user_de/0/com.google.android.tts/files/superpacks/en-in/en-in-x-multi-seanet-r65/../en-in-x-multi-r65/textnorm_params_embedded_hi_in.pb" (as: FILE) ...
09-07 19:57:42.965 18588 18612 I native  : I0000 00:00:1788791262.965193   18612 data_source.cc:99] ... Opened data source "/data/user_de/0/com.google.android.tts/files/superpacks/en-in/en-in-x-multi-seanet-r65/../en-in-x-multi-r65/textnorm_params_embedded_hi_in.pb" of size 122
09-07 19:57:42.966 18588 18612 I native  : I0000 00:00:1788791262.966110   18612 android_resource_loader.cc:100] Built resource textnorm_params_hi_in
09-07 19:57:42.966 18588 18612 I native  : I0000 00:00:1788791262.966223   18612 android_resource_loader.cc:116] Loaded resource:textnorm_params_hi_in
09-07 19:57:42.966 18588 18612 I native  : I0000 00:00:1788791262.966289   18612 data_source.cc:95] Opening data source "/data/user_de/0/com.google.android.tts/files/superpacks/en-in/en-in-x-multi-seanet-r65/../en-in-x-multi-r65/g2p_m3_syls0_stress0_hi-IN.fst" (as: FILE) ...
09-07 19:57:42.971 18588 18612 I native  : I0000 00:00:1788791262.971348   18612 data_source.cc:99] ... Opened data source "/data/user_de/0/com.google.android.tts/files/superpacks/en-in/en-in-x-multi-seanet-r65/../en-in-x-multi-r65/g2p_m3_syls0_stress0_hi-IN.fst" of size 445760
09-07 19:57:42.971 18588 18612 I native  : I0000 00:00:1788791262.971553   18612 compact_fst.cc:20] Loading FST from "/data/user_de/0/com.google.android.tts/files/superpacks/en-in/en-in-x-multi-seanet-r65/../en-in-x-multi-r65/g2p_m3_syls0_stress0_hi-IN.fst" ...
09-07 19:57:43.005  8910  8910 I Choreographer: Skipped 56 frames!  The application may be doing too much work on its main thread.
09-07 19:57:43.037 16016 16016 W AccessibilityDelegate: Drawing order is not available, was AccessibilityNodeInfo requested for a child node before its parent?
09-07 19:57:43.109  8910 17704 W HWUI    : Image decoding logging dropped!
09-07 19:57:43.134  8736  8757 I nd.airdroidkids: Background concurrent copying GC freed 7887KB AllocSpace bytes, 0(0B) LOS objects, 49% free, 8171KB/15MB, paused 62us,51us total 104.445ms
09-07 19:57:43.160 16016 16112 I android.vending: Explicit concurrent copying GC freed 8554KB AllocSpace bytes, 23(796KB) LOS objects, 34% free, 45MB/69MB, paused 329us,1.344ms total 782.063ms
09-07 19:57:43.160 16016 16216 I android.vending: WaitForGcToComplete blocked Explicit on Explicit for 2.047s
09-07 19:57:43.165 16016 16060 I HWUI    : [destroy] CanvasContext will be destroyed.
09-07 19:57:43.264 18588 18612 I native  : I0000 00:00:1788791263.264787   18612 decoder.cc:51] G2P FST loaded (103 graphemes and 59 phonemes).
09-07 19:57:43.269 18588 18612 W native  : W0000 00:00:1788791263.269688   18612 phonotactic_grammar_compiler.cc:181] Missing symbol for phoneme: D
09-07 19:57:43.269 18588 18612 W native  : W0000 00:00:1788791263.269840   18612 phonotactic_grammar_compiler.cc:181] Missing symbol for phoneme: T
09-07 19:57:43.269 18588 18612 W native  : W0000 00:00:1788791263.269924   18612 phonotactic_grammar_compiler.cc:181] Missing symbol for phoneme: Z
09-07 19:57:43.270 18588 18612 W native  : W0000 00:00:1788791263.270183   18612 phonotactic_grammar_compiler.cc:181] Missing symbol for phoneme: T
09-07 19:57:43.270 18588 18612 W native  : W0000 00:00:1788791263.270270   18612 phonotactic_grammar_compiler.cc:181] Missing symbol for phoneme: T
09-07 19:57:43.270 18588 18612 W native  : W0000 00:00:1788791263.270322   18612 phonotactic_grammar_compiler.cc:181] Missing symbol for phoneme: T
09-07 19:57:43.270 18588 18612 W native  : W0000 00:00:1788791263.270385   18612 phonotactic_grammar_compiler.cc:181] Missing symbol for phoneme: D
09-07 19:57:43.270 18588 18612 W native  : W0000 00:00:1788791263.270416   18612 phonotactic_grammar_compiler.cc:181] Missing symbol for phoneme: T
09-07 19:57:43.270 18588 18612 W native  : W0000 00:00:1788791263.270457   18612 phonotactic_grammar_compiler.cc:181] Missing symbol for phoneme: Z
09-07 19:57:43.270 18588 18612 W native  : W0000 00:00:1788791263.270492   18612 phonotactic_grammar_compiler.cc:181] Missing symbol for phoneme: D
09-07 19:57:43.270 18588 18612 W native  : W0000 00:00:1788791263.270525   18612 phonotactic_grammar_compiler.cc:181] Missing symbol for phoneme: T
09-07 19:57:43.270 18588 18612 W native  : W0000 00:00:1788791263.270555   18612 phonotactic_grammar_compiler.cc:181] Missing symbol for phoneme: D
09-07 19:57:43.270 18588 18612 W native  : W0000 00:00:1788791263.270584   18612 phonotactic_grammar_compiler.cc:181] Missing symbol for phoneme: Z
09-07 19:57:43.270 18588 18612 W native  : W0000 00:00:1788791263.270620   18612 phonotactic_grammar_compiler.cc:181] Missing symbol for phoneme: T
09-07 19:57:43.270 18588 18612 W native  : W0000 00:00:1788791263.270659   18612 phonotactic_grammar_compiler.cc:181] Missing symbol for phoneme: Z
09-07 19:57:43.270 18588 18612 W native  : W0000 00:00:1788791263.270686   18612 phonotactic_grammar_compiler.cc:181] Missing symbol for phoneme: T
09-07 19:57:43.270 18588 18612 W native  : W0000 00:00:1788791263.270718   18612 phonotactic_grammar_compiler.cc:181] Missing symbol for phoneme: D
09-07 19:57:43.270 18588 18612 W native  : W0000 00:00:1788791263.270744   18612 phonotactic_grammar_compiler.cc:181] Missing symbol for phoneme: T
09-07 19:57:43.270 18588 18612 W native  : W0000 00:00:1788791263.270777   18612 phonotactic_grammar_compiler.cc:181] Missing symbol for phoneme: Z
09-07 19:57:43.270 18588 18612 W native  : W0000 00:00:1788791263.270811   18612 phonotactic_grammar_compiler.cc:181] Missing symbol for phoneme: T
09-07 19:57:43.270 18588 18612 W native  : W0000 00:00:1788791263.270840   18612 phonotactic_grammar_compiler.cc:181] Missing symbol for phoneme: D
09-07 19:57:43.270 18588 18612 W native  : W0000 00:00:1788791263.270875   18612 phonotactic_grammar_compiler.cc:181] Missing symbol for phoneme: Z
09-07 19:57:43.270 18588 18612 W native  : W0000 00:00:1788791263.270908   18612 phonotactic_grammar_compiler.cc:181] Missing symbol for phoneme: T
09-07 19:57:43.270 18588 18612 W native  : W0000 00:00:1788791263.270940   18612 phonotactic_grammar_compiler.cc:181] Missing symbol for phoneme: T
09-07 19:57:43.270 18588 18612 W native  : W0000 00:00:1788791263.270969   18612 phonotactic_grammar_compiler.cc:181] Missing symbol for phoneme: T
09-07 19:57:43.271 18588 18612 W native  : W0000 00:00:1788791263.271000   18612 phonotactic_grammar_compiler.cc:181] Missing symbol for phoneme: T
09-07 19:57:43.271 18588 18612 W native  : W0000 00:00:1788791263.271093   18612 phonotactic_grammar_compiler.cc:181] Missing symbol for phoneme: T
09-07 19:57:43.271 18588 18612 W native  : W0000 00:00:1788791263.271138   18612 phonotactic_grammar_compiler.cc:181] Missing symbol for phoneme: T
09-07 19:57:43.271 18588 18612 W native  : W0000 00:00:1788791263.271168   18612 phonotactic_grammar_compiler.cc:181] Missing symbol for phoneme: T
09-07 19:57:43.271 18588 18612 W native  : W0000 00:00:1788791263.271199   18612 phonotactic_grammar_compiler.cc:181] Missing symbol for phoneme: T
09-07 19:57:43.271 18588 18612 W native  : W0000 00:00:1788791263.271233   18612 phonotactic_grammar_compiler.cc:181] Missing symbol for phoneme: T
09-07 19:57:43.271 18588 18612 W native  : W0000 00:00:1788791263.271268   18612 phonotactic_grammar_compiler.cc:181] Missing symbol for phoneme: D
09-07 19:57:43.271 18588 18612 W native  : W0000 00:00:1788791263.271301   18612 phonotactic_grammar_compiler.cc:181] Missing symbol for phoneme: T
09-07 19:57:43.271 18588 18612 W native  : W0000 00:00:1788791263.271345   18612 phonotactic_grammar_compiler.cc:181] Missing symbol for phoneme: D
09-07 19:57:43.271 18588 18612 W native  : W0000 00:00:1788791263.271382   18612 phonotactic_grammar_compiler.cc:181] Missing symbol for phoneme: T
09-07 19:57:43.271 18588 18612 W native  : W0000 00:00:1788791263.271413   18612 phonotactic_grammar_compiler.cc:181] Missing symbol for phoneme: T
09-07 19:57:43.271 18588 18612 W native  : W0000 00:00:1788791263.271463   18612 phonotactic_grammar_compiler.cc:181] Missing symbol for phoneme: T
09-07 19:57:43.271 18588 18612 W native  : W0000 00:00:1788791263.271524   18612 phonotactic_grammar_compiler.cc:181] Missing symbol for phoneme: T
09-07 19:57:43.271 18588 18612 W native  : W0000 00:00:1788791263.271563   18612 phonotactic_grammar_compiler.cc:181] Missing symbol for phoneme: T
09-07 19:57:43.271 18588 18612 W native  : W0000 00:00:1788791263.271613   18612 phonotactic_grammar_compiler.cc:181] Missing symbol for phoneme: I@
09-07 19:57:43.271 18588 18612 W native  : W0000 00:00:1788791263.271643   18612 phonotactic_grammar_compiler.cc:181] Missing symbol for phoneme: OI
09-07 19:57:43.271 18588 18612 W native  : W0000 00:00:1788791263.271674   18612 phonotactic_grammar_compiler.cc:181] Missing symbol for phoneme: e@
09-07 19:57:43.271 18588 18612 W native  : W0000 00:00:1788791263.271702   18612 phonotactic_grammar_compiler.cc:181] Missing symbol for phoneme: eI
09-07 19:57:43.275  8910 11384 E msys    : E[N WCIHTTPImplNetworkSession]WCIHTTPTaskImplCreateRegular(556)=>[I] http/task/regular/create/start
09-07 19:57:43.275  8910 11384 E msys    : E[N WCIHTTPImplNetworkSession]WCIHTTPTaskImplCreateRegular(591)=>[I] http/task/regular/create/execute
09-07 19:57:43.275  8910 11384 E msys    : E[N WCIHTTPImplNetworkSession]WCIHTTPTaskImplCreateRegular(614)=>[I] http/task/regular/create/success
09-07 19:57:43.281 18588 18612 I native  : I0000 00:00:1788791263.281516   18612 android_resource_loader.cc:100] Built resource learned_fst_g2p_mapper_hi_in
09-07 19:57:43.281 18588 18612 I native  : I0000 00:00:1788791263.281628   18612 android_resource_loader.cc:116] Loaded resource:learned_fst_g2p_mapper_hi_in
09-07 19:57:43.281 18588 18612 I native  : I0000 00:00:1788791263.281743   18612 android_resource_loader.cc:100] Built resource spelling_normalizer_hi_in
09-07 19:57:43.281 18588 18612 I native  : I0000 00:00:1788791263.281779   18612 android_resource_loader.cc:116] Loaded resource:spelling_normalizer_hi_in
09-07 19:57:43.308 18588 18612 I native  : I0000 00:00:1788791263.308878   18612 android_resource_loader.cc:100] Built resource token_resolver_algo
09-07 19:57:43.309 18588 18612 I native  : I0000 00:00:1788791263.309049   18612 android_resource_loader.cc:116] Loaded resource:token_resolver_algo
09-07 19:57:43.309 18588 18612 I native  : I0000 00:00:1788791263.309146   18612 data_source.cc:95] Opening data source "/data/user_de/0/com.google.android.tts/files/superpacks/en-in/en-in-x-multi-seanet-r65/../en-in-x-multi-r65/graphones_hi_in.pb" (as: FILE) ...
09-07 19:57:43.310 18588 18612 I native  : I0000 00:00:1788791263.310484   18612 data_source.cc:99] ... Opened data source "/data/user_de/0/com.google.android.tts/files/superpacks/en-in/en-in-x-multi-seanet-r65/../en-in-x-multi-r65/graphones_hi_in.pb" of size 1287
09-07 19:57:43.327 18588 18612 I native  : I0000 00:00:1788791263.327107   18612 data_source.cc:95] Opening data source "/data/user_de/0/com.google.android.tts/files/superpacks/en-in/en-in-x-multi-seanet-r65/../en-in-x-multi-r65/tts_hi_in-to-en_in.far" (as: FILE) ...
09-07 19:57:43.328 18588 18612 I native  : I0000 00:00:1788791263.328486   18612 data_source.cc:99] ... Opened data source "/data/user_de/0/com.google.android.tts/files/superpacks/en-in/en-in-x-multi-seanet-r65/../en-in-x-multi-r65/tts_hi_in-to-en_in.far" of size 5448
09-07 19:57:43.330 18588 18612 I native  : I0000 00:00:1788791263.330532   18612 android_resource_loader.cc:100] Built resource tts_format_phoneme_mapper
09-07 19:57:43.330 18588 18612 I native  : I0000 00:00:1788791263.330707   18612 android_resource_loader.cc:116] Loaded resource:tts_format_phoneme_mapper
09-07 19:57:43.330 18588 18612 I native  : I0000 00:00:1788791263.330815   18612 data_source.cc:95] Opening data source "/data/user_de/0/com.google.android.tts/files/superpacks/en-in/en-in-x-multi-seanet-r65/../en-in-x-multi-r65/model_farm32.pb" (as: FILE) ...
09-07 19:57:43.331 18588 18612 I native  : I0000 00:00:1788791263.331576   18612 data_source.cc:99] ... Opened data source "/data/user_de/0/com.google.android.tts/files/superpacks/en-in/en-in-x-multi-seanet-r65/../en-in-x-multi-r65/model_farm32.pb" of size 400016
09-07 19:57:43.336 18588 18612 I native  : I0000 00:00:1788791263.335930   18612 android_resource_loader.cc:100] Built resource universal_lseq_classifier_model
09-07 19:57:43.336 18588 18612 I native  : I0000 00:00:1788791263.336452   18612 android_resource_loader.cc:116] Loaded resource:universal_lseq_classifier_model
09-07 19:57:43.336 18588 18612 I native  : I0000 00:00:1788791263.336533   18612 android_resource_loader.cc:100] Built resource utf8_utils
09-07 19:57:43.336 18588 18612 I native  : I0000 00:00:1788791263.336567   18612 android_resource_loader.cc:116] Loaded resource:utf8_utils
09-07 19:57:43.336 18588 18612 I native  : I0000 00:00:1788791263.336721   18612 android_resource_loader.cc:100] Built resource lexical_classifier
09-07 19:57:43.336 18588 18612 I native  : I0000 00:00:1788791263.336773   18612 android_resource_loader.cc:116] Loaded resource:lexical_classifier
09-07 19:57:43.336 18588 18612 I native  : I0000 00:00:1788791263.336841   18612 android_resource_loader.cc:100] Built resource icu_transliterator
09-07 19:57:43.336 18588 18612 I native  : I0000 00:00:1788791263.336875   18612 android_resource_loader.cc:116] Loaded resource:icu_transliterator
09-07 19:57:43.338 18588 18612 I native  : I0000 00:00:1788791263.338699   18612 ranker.cc:119] LinearLseqRanker: using FarmHash32
09-07 19:57:43.338 18588 18612 I native  : I0000 00:00:1788791263.338947   18612 android_resource_loader.cc:100] Built resource universal_lseq_classifier_algo
09-07 19:57:43.339 18588 18612 I native  : I0000 00:00:1788791263.339026   18612 android_resource_loader.cc:116] Loaded resource:universal_lseq_classifier_algo
09-07 19:57:43.339 18588 18612 I native  : I0000 00:00:1788791263.339103   18612 android_resource_loader.cc:100] Built resource utf8_utils_hi_in
09-07 19:57:43.339 18588 18612 I native  : I0000 00:00:1788791263.339138   18612 android_resource_loader.cc:116] Loaded resource:utf8_utils_hi_in
09-07 19:57:43.339 18588 18612 I native  : I0000 00:00:1788791263.339230   18612 android_resource_loader.cc:100] Built resource lexical_classifier_hi_in
09-07 19:57:43.339 18588 18612 I native  : I0000 00:00:1788791263.339263   18612 android_resource_loader.cc:116] Loaded resource:lexical_classifier_hi_in
09-07 19:57:43.339 18588 18612 I native  : I0000 00:00:1788791263.339312   18612 data_source.cc:95] Opening data source "/data/user_de/0/com.google.android.tts/files/superpacks/en-in/en-in-x-multi-seanet-r65/../en-in-x-multi-r65/variant_overrides_en_in.pb" (as: FILE) ...
09-07 19:57:43.339 18588 18612 I native  : I0000 00:00:1788791263.339870   18612 data_source.cc:99] ... Opened data source "/data/user_de/0/com.google.android.tts/files/superpacks/en-in/en-in-x-multi-seanet-r65/../en-in-x-multi-r65/variant_overrides_en_in.pb" of size 1520
09-07 19:57:43.341 18588 18612 I native  : I0000 00:00:1788791263.341831   18612 android_resource_loader.cc:100] Built resource variant_overrides
09-07 19:57:43.342 18588 18612 I native  : I0000 00:00:1788791263.342030   18612 android_resource_loader.cc:116] Loaded resource:variant_overrides
09-07 19:57:43.342 18588 18612 I native  : I0000 00:00:1788791263.342122   18612 data_source.cc:95] Opening data source "/data/user_de/0/com.google.android.tts/files/superpacks/en-in/en-in-x-multi-seanet-r65/../en-in-x-multi-r65/variant_overrides_hi_in.pb" (as: FILE) ...
09-07 19:57:43.342 18588 18612 I native  : I0000 00:00:1788791263.342665   18612 data_source.cc:99] ... Opened data source "/data/user_de/0/com.google.android.tts/files/superpacks/en-in/en-in-x-multi-seanet-r65/../en-in-x-multi-r65/variant_overrides_hi_in.pb" of size 0
09-07 19:57:43.343 18588 18612 I native  : I0000 00:00:1788791263.343064   18612 android_resource_loader.cc:100] Built resource variant_overrides_hi_in
09-07 19:57:43.343 18588 18612 I native  : I0000 00:00:1788791263.343142   18612 android_resource_loader.cc:116] Loaded resource:variant_overrides_hi_in
09-07 19:57:43.343 18588 18612 I native  : I0000 00:00:1788791263.343291   18612 data_source.cc:95] Opening data source "/data/user_de/0/com.google.android.tts/files/superpacks/en-in/en-in-x-multi-seanet-r65/../en-in-x-multi-r65/variant_selection_model_en_in_embedded.bin" (as: MEMORY) ...
09-07 19:57:43.344 18588 18612 I native  : I0000 00:00:1788791263.344262   18612 data_source.cc:99] ... Opened data source "/data/user_de/0/com.google.android.tts/files/superpacks/en-in/en-in-x-multi-seanet-r65/../en-in-x-multi-r65/variant_selection_model_en_in_embedded.bin" of size 123120
09-07 19:57:43.345 18588 18612 I native  : I0000 00:00:1788791263.345661   18612 android_resource_loader.cc:100] Built resource variant_selection_model_data_resource
09-07 19:57:43.346 18588 18612 I native  : I0000 00:00:1788791263.345949   18612 android_resource_loader.cc:116] Loaded resource:variant_selection_model_data_resource
09-07 19:57:43.387 18588 18612 I native  : I0000 00:00:1788791263.387877   18612 select_variants.cc:128] Word with override has only one variant: their
09-07 19:57:43.388 18588 18612 I native  : I0000 00:00:1788791263.388054   18612 select_variants.cc:128] Word with override has only one variant: would
09-07 19:57:43.388 18588 18612 I native  : I0000 00:00:1788791263.388225   18612 select_variants.cc:128] Word with override has only one variant: does
09-07 19:57:43.388 18588 18612 I native  : I0000 00:00:1788791263.388380   18612 select_variants.cc:128] Word with override has only one variant: if
09-07 19:57:43.388 18588 18612 I native  : I0000 00:00:1788791263.388437   18612 select_variants.cc:128] Word with override has only one variant: do
09-07 19:57:43.388 18588 18612 I native  : I0000 00:00:1788791263.388621   18612 select_variants.cc:128] Word with override has only one variant: his
09-07 19:57:43.388 18588 18612 I native  : I0000 00:00:1788791263.388799   18612 select_variants.cc:128] Word with override has only one variant: so
09-07 19:57:43.388 18588 18612 I native  : I0000 00:00:1788791263.388858   18612 select_variants.cc:128] Word with override has only one variant: us
09-07 19:57:43.388 18588 18612 I native  : I0000 00:00:1788791263.388908   18612 select_variants.cc:128] Word with override has only one variant: could
09-07 19:57:43.388 18588 18612 I native  : I0000 00:00:1788791263.388963   18612 select_variants.cc:128] Word with override has only one variant: onto
09-07 19:57:43.389 18588 18612 I native  : I0000 00:00:1788791263.389194   18612 select_variants.cc:128] Word with override has only one variant: because
09-07 19:57:43.389 18588 18612 I native  : I0000 00:00:1788791263.389350   18612 select_variants.cc:128] Word with override has only one variant: there
09-07 19:57:43.389 18588 18612 I native  : I0000 00:00:1788791263.389480   18612 select_variants.cc:128] Word with override has only one variant: on
09-07 19:57:43.389 18588 18612 I native  : I0000 00:00:1788791263.389529   18612 select_variants.cc:128] Word with override has only one variant: it
09-07 19:57:43.389 18588 18612 I native  : I0000 00:00:1788791263.389600   18612 select_variants.cc:128] Word with override has only one variant: will
09-07 19:57:43.389 18588 18612 I native  : I0000 00:00:1788791263.389648   18612 select_variants.cc:128] Word with override has only one variant: off
09-07 19:57:43.389 18588 18612 I native  : I0000 00:00:1788791263.389883   18612 android_resource_loader.cc:100] Built resource select_variants_algo
09-07 19:57:43.389 18588 18612 I native  : I0000 00:00:1788791263.389925   18612 android_resource_loader.cc:116] Loaded resource:select_variants_algo
09-07 19:57:43.390 18588 18612 I native  : I0000 00:00:1788791263.389983   18612 data_source.cc:95] Opening data source "/data/user_de/0/com.google.android.tts/files/superpacks/en-in/en-in-x-multi-seanet-r65/../en-in-x-multi-r65/variant_selection_model_hi_in_embedded.bin" (as: MEMORY) ...
09-07 19:57:43.393 18588 18612 I native  : I0000 00:00:1788791263.393604   18612 data_source.cc:99] ... Opened data source "/data/user_de/0/com.google.android.tts/files/superpacks/en-in/en-in-x-multi-seanet-r65/../en-in-x-multi-r65/variant_selection_model_hi_in_embedded.bin" of size 62760
09-07 19:57:43.394 18588 18612 I native  : I0000 00:00:1788791263.394897   18612 android_resource_loader.cc:100] Built resource variant_selection_model_data_resource_hi_in
09-07 19:57:43.395 18588 18612 I native  : I0000 00:00:1788791263.395039   18612 android_resource_loader.cc:116] Loaded resource:variant_selection_model_data_resource_hi_in
09-07 19:57:43.397 18588 18612 W native  : W0000 00:00:1788791263.397413   18612 select_variants.cc:138] Word in model does not exist in the lexicon: an
09-07 19:57:43.397 18588 18612 W native  : W0000 00:00:1788791263.397611   18612 select_variants.cc:138] Word in model does not exist in the lexicon: and
09-07 19:57:43.397 18588 18612 W native  : W0000 00:00:1788791263.397686   18612 select_variants.cc:138] Word in model does not exist in the lexicon: a_determiner
09-07 19:57:43.397 18588 18612 W native  : W0000 00:00:1788791263.397718   18612 select_variants.cc:138] Word in model does not exist in the lexicon: are
09-07 19:57:43.397 18588 18612 W native  : W0000 00:00:1788791263.397801   18612 select_variants.cc:138] Word in model does not exist in the lexicon: as
09-07 19:57:43.397 18588 18612 W native  : W0000 00:00:1788791263.397841   18612 select_variants.cc:138] Word in model does not exist in the lexicon: at
09-07 19:57:43.397 18588 18612 W native  : W0000 00:00:1788791263.397874   18612 select_variants.cc:138] Word in model does not exist in the lexicon: what
09-07 19:57:43.397 18588 18612 W native  : W0000 00:00:1788791263.397903   18612 select_variants.cc:138] Word in model does not exist in the lexicon: when
09-07 19:57:43.397 18588 18612 W native  : W0000 00:00:1788791263.397932   18612 select_variants.cc:138] Word in model does not exist in the lexicon: which
09-07 19:57:43.397 18588 18612 W native  : W0000 00:00:1788791263.397963   18612 select_variants.cc:138] Word in model does not exist in the lexicon: was
09-07 19:57:43.398 18588 18612 W native  : W0000 00:00:1788791263.397993   18612 select_variants.cc:138] Word in model does not exist in the lexicon: were
09-07 19:57:43.398 18588 18612 W native  : W0000 00:00:1788791263.398022   18612 select_variants.cc:138] Word in model does not exist in the lexicon: with
09-07 19:57:43.398 18588 18612 W native  : W0000 00:00:1788791263.398051   18612 select_variants.cc:138] Word in model does not exist in the lexicon: had
09-07 19:57:43.398 18588 18612 W native  : W0000 00:00:1788791263.398086   18612 select_variants.cc:138] Word in model does not exist in the lexicon: has
09-07 19:57:43.398 18588 18612 W native  : W0000 00:00:1788791263.398131   18612 select_variants.cc:138] Word in model does not exist in the lexicon: have
09-07 19:57:43.398 18588 18612 W native  : W0000 00:00:1788791263.398160   18612 select_variants.cc:138] Word in model does not exist in the lexicon: her
09-07 19:57:43.398 18588 18612 W native  : W0000 00:00:1788791263.398189   18612 select_variants.cc:138] Word in model does not exist in the lexicon: him
09-07 19:57:43.398 18588 18612 W native  : W0000 00:00:1788791263.398240   18612 select_variants.cc:138] Word in model does not exist in the lexicon: than
09-07 19:57:43.398 18588 18612 W native  : W0000 00:00:1788791263.398308   18612 select_variants.cc:138] Word in model does not exist in the lexicon: that
09-07 19:57:43.398 18588 18612 W native  : W0000 00:00:1788791263.398411   18612 select_variants.cc:138] Word in model does not exist in the lexicon: the
09-07 19:57:43.398 18588 18612 W native  : W0000 00:00:1788791263.398455   18612 select_variants.cc:138] Word in model does not exist in the lexicon: them
09-07 19:57:43.398 18588 18612 W native  : W0000 00:00:1788791263.398488   18612 select_variants.cc:138] Word in model does not exist in the lexicon: this
09-07 19:57:43.398 18588 18612 W native  : W0000 00:00:1788791263.398518   18612 select_variants.cc:138] Word in model does not exist in the lexicon: of
09-07 19:57:43.398 18588 18612 W native  : W0000 00:00:1788791263.398546   18612 select_variants.cc:138] Word in model does not exist in the lexicon: or
09-07 19:57:43.398 18588 18612 W native  : W0000 00:00:1788791263.398577   18612 select_variants.cc:138] Word in model does not exist in the lexicon: other
09-07 19:57:43.398 18588 18612 W native  : W0000 00:00:1788791263.398609   18612 select_variants.cc:138] Word in model does not exist in the lexicon: been
09-07 19:57:43.398 18588 18612 W native  : W0000 00:00:1788791263.398639   18612 select_variants.cc:138] Word in model does not exist in the lexicon: but
09-07 19:57:43.398 18588 18612 W native  : W0000 00:00:1788791263.398676   18612 select_variants.cc:138] Word in model does not exist in the lexicon: for
09-07 19:57:43.398 18588 18612 W native  : W0000 00:00:1788791263.398712   18612 select_variants.cc:138] Word in model does not exist in the lexicon: from
09-07 19:57:43.398 18588 18612 W native  : W0000 00:00:1788791263.398746   18612 select_variants.cc:138] Word in model does not exist in the lexicon: me
09-07 19:57:43.398 18588 18612 W native  : W0000 00:00:1788791263.398774   18612 select_variants.cc:138] Word in model does not exist in the lexicon: my
09-07 19:57:43.398 18588 18612 W native  : W0000 00:00:1788791263.398804   18612 select_variants.cc:138] Word in model does not exist in the lexicon: you
09-07 19:57:43.398 18588 18612 W native  : W0000 00:00:1788791263.398833   18612 select_variants.cc:138] Word in model does not exist in the lexicon: your
09-07 19:57:43.404 18588 18612 W native  : W0000 00:00:1788791263.404610   18612 select_variants.cc:138] Word in model does not exist in the lexicon: can_vrb
09-07 19:57:43.404 18588 18612 W native  : W0000 00:00:1788791263.404902   18612 select_variants.cc:138] Word in model does not exist in the lexicon: did
09-07 19:57:43.404 18588 18612 W native  : W0000 00:00:1788791263.404971   18612 select_variants.cc:138] Word in model does not exist in the lexicon: is
09-07 19:57:43.405 18588 18612 W native  : W0000 00:00:1788791263.405017   18612 select_variants.cc:138] Word in model does not exist in the lexicon: just
09-07 19:57:43.405 18588 18612 W native  : W0000 00:00:1788791263.405062   18612 select_variants.cc:138] Word in model does not exist in the lexicon: per
09-07 19:57:43.405 18588 18612 W native  : W0000 00:00:1788791263.405134   18612 select_variants.cc:138] Word in model does not exist in the lexicon: some
09-07 19:57:43.405 18588 18612 W native  : W0000 00:00:1788791263.405168   18612 select_variants.cc:138] Word in model does not exist in the lexicon: up
09-07 19:57:43.405 18588 18612 I native  : I0000 00:00:1788791263.405232   18612 android_resource_loader.cc:100] Built resource select_variants_algo_hi_in
09-07 19:57:43.405 18588 18612 I native  : I0000 00:00:1788791263.405297   18612 android_resource_loader.cc:116] Loaded resource:select_variants_algo_hi_in
09-07 19:57:43.406 18588 18612 I native  : I0000 00:00:1788791263.406082   18612 data_source.cc:95] Opening data source "/data/user_de/0/com.google.android.tts/files/superpacks/en-in/en-in-x-multi-seanet-r65/../en-in-x-multi-r65/in_verbalization_capabilities.pb" (as: FILE) ...
09-07 19:57:43.407 18588 18612 I native  : I0000 00:00:1788791263.406923   18612 data_source.cc:99] ... Opened data source "/data/user_de/0/com.google.android.tts/files/superpacks/en-in/en-in-x-multi-seanet-r65/../en-in-x-multi-r65/in_verbalization_capabilities.pb" of size 5134
09-07 19:57:43.408 14328 14990 W ShimCertificateManager: com.google.android.apps.search.googleapp.dev package is not registered for Icing AppSearch Shim !!
09-07 19:57:43.408 14328 14990 W ShimCertificateManager: com.google.android.apps.search.googleapp.search.dev package is not registered for Icing AppSearch Shim !!
09-07 19:57:43.408 14328 14990 W ShimCertificateManager: com.google.android.apps.search.googleapp.search.toast.advancedplatform.dev package is not registered for Icing AppSearch Shim !!
09-07 19:57:43.408 14328 14990 W ShimCertificateManager: com.google.android.contacts package is not registered for Icing AppSearch Shim !!
09-07 19:57:43.408 14328 14990 W ShimCertificateManager: com.google.android.apps.youtube.music package is not registered for Icing AppSearch Shim !!
09-07 19:57:43.408 14328 14990 W ShimCertificateManager: com.google.android.inputmethod.latin package is not registered for Icing AppSearch Shim !!
09-07 19:57:43.408 14328 14990 W ShimCertificateManager: com.google.android.inputmethod.latin.dev package is not registered for Icing AppSearch Shim !!
09-07 19:57:43.408 14328 14990 W ShimCertificateManager: com.google.android.inputmethod.latin.canary package is not registered for Icing AppSearch Shim !!
09-07 19:57:43.408 14328 14990 W ShimCertificateManager: com.google.android.inputmethod.latin package is not registered for Icing AppSearch Shim !!
09-07 19:57:43.408 14328 14990 W ShimCertificateManager: com.google.android.inputmethod.latin.dev package is not registered for Icing AppSearch Shim !!
09-07 19:57:43.408 14328 14990 W ShimCertificateManager: com.google.android.inputmethod.latin.canary package is not registered for Icing AppSearch Shim !!
09-07 19:57:43.408 14328 14990 W ShimCertificateManager: com.google.android.apps.youtube.music package is not registered for Icing AppSearch Shim !!
09-07 19:57:43.408 14328 14990 W ShimCertificateManager: com.google.android.apps.youtube.music package is not registered for Icing AppSearch Shim !!
09-07 19:57:43.408 14328 14990 W ShimCertificateManager: com.google.android.apps.youtube.music package is not registered for Icing AppSearch Shim !!
09-07 19:57:43.409 14328 14990 W ShimCertificateManager: com.google.android.googlequicksearchbox package is not registered for Icing AppSearch Shim !!
09-07 19:57:43.409 14328 14990 W ShimCertificateManager: com.google.android.apps.nexuslauncher package is not registered for Icing AppSearch Shim !!
09-07 19:57:43.409 14328 14990 W ShimCertificateManager: com.google.android.carassistant package is not registered for Icing AppSearch Shim !!
09-07 19:57:43.409 18588 18612 I native  : I0000 00:00:1788791263.409782   18612 android_resource_loader.cc:100] Built resource verbalization_capabilities
09-07 19:57:43.409 18588 18612 I native  : I0000 00:00:1788791263.409874   18612 android_resource_loader.cc:116] Loaded resource:verbalization_capabilities
09-07 19:57:43.409 18588 18612 I native  : I0000 00:00:1788791263.409932   18612 data_source.cc:95] Opening data source "/data/user_de/0/com.google.android.tts/files/superpacks/en-in/en-in-x-multi-seanet-r65/../en-in-x-multi-r65/verbalize_embedded_android.far" (as: FILE) ...
09-07 19:57:43.410 18588 18612 I native  : I0000 00:00:1788791263.410878   18612 data_source.cc:99] ... Opened data source "/data/user_de/0/com.google.android.tts/files/superpacks/en-in/en-in-x-multi-seanet-r65/../en-in-x-multi-r65/verbalize_embedded_android.far" of size 2342559
09-07 19:57:43.437 18588 18612 I native  : I0000 00:00:1788791263.437799   18612 android_resource_loader.cc:100] Built resource verbalize_grm_fst
09-07 19:57:43.437 18588 18612 I native  : I0000 00:00:1788791263.437919   18612 android_resource_loader.cc:116] Loaded resource:verbalize_grm_fst
09-07 19:57:43.438 18588 18612 I native  : I0000 00:00:1788791263.438015   18612 android_resource_loader.cc:100] Built resource speller_algo
09-07 19:57:43.438 18588 18612 I native  : I0000 00:00:1788791263.438056   18612 android_resource_loader.cc:116] Loaded resource:speller_algo
09-07 19:57:43.492 14328 18648 I Icing   : Internal init done: storage state 0
09-07 19:57:43.510 14328 14970 I Icing   : IndexChimeraService.getServiceInterface callingPackage=com.google.android.gms componentName=null serviceId=36
09-07 19:57:43.534 14328 18648 I Icing   : Post-init done
09-07 19:57:43.544 14328 14332 I gle.android.gms: Background young concurrent copying GC freed 5161KB AllocSpace bytes, 35(1416KB) LOS objects, 29% free, 14MB/20MB, paused 331us,150us total 103.456ms
09-07 19:57:43.592 18588 18612 I native  : I0000 00:00:1788791263.592938   18612 android_resource_loader.cc:100] Built resource verbalize_grm_algo
09-07 19:57:43.593 18588 18612 I native  : I0000 00:00:1788791263.593044   18612 android_resource_loader.cc:116] Loaded resource:verbalize_grm_algo
09-07 19:57:43.594 18588 18612 I native  : I0000 00:00:1788791263.593148   18612 voice_params_resource.cc:31] Voice information: MessageLite at 0xb4000073e628b330
09-07 19:57:43.594 18588 18612 I native  : I0000 00:00:1788791263.594481   18612 android_resource_loader.cc:100] Built resource voice_params
09-07 19:57:43.594 18588 18612 I native  : I0000 00:00:1788791263.594524   18612 android_resource_loader.cc:116] Loaded resource:voice_params
09-07 19:57:43.605 18588 18612 I native  : I0000 00:00:1788791263.605759   18612 android_resource_loader.cc:100] Built resource word_resolver_algo
09-07 19:57:43.605 18588 18612 I native  : I0000 00:00:1788791263.605877   18612 android_resource_loader.cc:116] Loaded resource:word_resolver_algo
09-07 19:57:43.606 18588 18612 I native  : I0000 00:00:1788791263.606046   18612 android_resource_loader.cc:100] Built resource word_resolver_algo_hi_in
09-07 19:57:43.606 18588 18612 I native  : I0000 00:00:1788791263.606087   18612 android_resource_loader.cc:116] Loaded resource:word_resolver_algo_hi_in
09-07 19:57:43.606 18588 18612 I native  : I0000 00:00:1788791263.606180   18612 data_source.cc:95] Opening data source "/data/user_de/0/com.google.android.tts/files/superpacks/en-in/en-in-x-multi-seanet-r65/../en-in-x-multi-r65/xsampa_to_tts_to-en_in.far" (as: FILE) ...
09-07 19:57:43.607 18588 18612 I native  : I0000 00:00:1788791263.607748   18612 data_source.cc:99] ... Opened data source "/data/user_de/0/com.google.android.tts/files/superpacks/en-in/en-in-x-multi-seanet-r65/../en-in-x-multi-r65/xsampa_to_tts_to-en_in.far" of size 8694
09-07 19:57:43.609 18588 18612 I native  : I0000 00:00:1788791263.609066   18612 android_resource_loader.cc:100] Built resource xsampa_to_tts_phoneme_mapper
09-07 19:57:43.609 18588 18612 I native  : I0000 00:00:1788791263.609187   18612 android_resource_loader.cc:116] Loaded resource:xsampa_to_tts_phoneme_mapper
09-07 19:57:43.609 18588 18612 I native  : I0000 00:00:1788791263.609226   18612 local_pipeline_runner.cc:49] Done loading all resources from: {/data/user_de/0/com.google.android.tts/files/superpacks/en-in/en-in-x-multi-seanet-r65}
09-07 19:57:43.642 18588 18612 I ComposerWrapperImpl: Done initializing en-in-x-enc-seanet-embedded
09-07 19:57:43.671 14328 18648 I Icing   : Using regular flags by method 2
09-07 19:57:43.739 14328 18648 I gle.android.gms: AssetManager2(0xb400007395e2a338) locale list changing from [] to [en-IN]
09-07 19:57:43.855 18588 18599 I GoogleTTSServiceImpl: currentLocale = en-IN
09-07 19:57:43.865  8910  8910 E WakeLockMetricsCollector: Unknown wakelock modified
09-07 19:57:43.875  8910 18671 E WakeLockMetricsCollector: Unknown wakelock modified
09-07 19:57:43.934 16016 16031 I android.vending: Waiting for a blocking GC ProfileSaver
09-07 19:57:43.976 16016 16016 I Finsky  : [2] DL: Data loader session turned off due to Incremental install not requested: com.realshare.app
09-07 19:57:44.043 16016 16216 I android.vending: Explicit concurrent copying GC freed 11MB AllocSpace bytes, 4(80KB) LOS objects, 39% free, 36MB/60MB, paused 588us,234us total 882.542ms
09-07 19:57:44.045 16016 16031 I android.vending: WaitForGcToComplete blocked ProfileSaver on Explicit for 110.820ms
09-07 19:57:44.058 18588 18599 I GoogleTTSServiceImpl: For default lang en-in is name en-IN-language (en-in-x-cxx-server)
09-07 19:57:44.060 18491 18631 I TextToSpeech: Setting up the connection to TTS engine...
09-07 19:57:44.069 18491 18531 I DialerLocaleProvider: com.android.dialer.callrecording.impl.localeprovider.LocaleProvider.getCurrentLocaleOrDefaultForTts:127 checking TTS locale
09-07 19:57:44.077 18491 18531 I DialerLegacyCountryDetector: com.android.dialer.location.LegacyCountryDetector.getCurrentPhysicalCountryIso:143 returning Redacted-2-chars
09-07 19:57:44.077 18491 18531 I DialerTtsLocaleProvider: com.android.dialer.audio.audioinjector.localeprovider.TtsLocaleProvider$Companion.getSupportedLocaleFromCountryCode:78 checking whether country IN is supported by TTS for start/end audio
09-07 19:57:44.079 18491 18531 I DialerTtsLocaleProvider: com.android.dialer.audio.audioinjector.localeprovider.TtsLocaleProvider$Companion.getSupportedLocaleFromCountryCode:111 country IN start/end audio supported by TTS
09-07 19:57:44.080 18491 18531 I DialerTtsPreWarm: com.android.dialer.callrecording.impl.ttsprewarm.TtsPreWarm.configureTts:123 initializing TTS with en_US locale
09-07 19:57:44.095 18588 18599 I GoogleTTSServiceImpl: currentLocale = en-US
09-07 19:57:44.099 18588 18599 I GoogleTTSServiceImpl: currentLocale = en-US
09-07 19:57:44.103 18588 18599 I GoogleTTSServiceImpl: For default lang en-us is name en-US-language (en-us-x-hol-server)
09-07 19:57:44.109 18588 18599 I GoogleTTSServiceImpl: currentLocale = en-US
09-07 19:57:44.111 14328 18648 I gle.android.gms: AssetManager2(0xb400007395e25b58) locale list changing from [] to [en-IN]
09-07 19:57:44.126 18588 18599 W gle.android.tts: Large reply transaction of 328200 bytes, interface descriptor android.speech.tts.ITextToSpeechService, code 13
09-07 19:57:44.283 18588 18625 I LocalSynthesizer: Attempting to load synthesizer for voice: en-us-x-hol-seanet-embedded
09-07 19:57:44.283 18588 18625 I LocalSynthesizer: Voice en-us-x-hol-seanet-embedded is not supported by any existing synthesizers.
09-07 19:57:44.284 18588 18625 I ComposerWrapperImpl: Initializing new monolithic pipeline. New voice: en-us-x-hol-seanet-embedded
09-07 19:57:44.284 18588 18625 I PipelineReaderImpl: Initializing monolithic pipeline from disk: /data/user_de/0/com.google.android.tts/files/superpacks/en-us/en-us-x-multi-seanet-r83/pipeline.pb
09-07 19:57:44.291 18491 18497 I .android.dialer: Background concurrent copying GC freed 5777KB AllocSpace bytes, 11(348KB) LOS objects, 49% free, 7116KB/13MB, paused 859us,104us total 217.764ms
09-07 19:57:44.295 18588 18625 I native  : I0000 00:00:1788791264.295638   18625 android_resource_loader.cc:109] Loading resources for en_us_x_embedded_havoc/16384498320346000662
09-07 19:57:44.296 18588 18625 I native  : I0000 00:00:1788791264.296492   18625 data_source.cc:95] Opening data source "/data/user_de/0/com.google.android.tts/files/superpacks/en-us/en-us-x-multi-seanet-r83/../en-us-x-multi-r83/burdock_frame_config.pb" (as: FILE) ...
09-07 19:57:44.297 18588 18625 I native  : I0000 00:00:1788791264.297239   18625 data_source.cc:99] ... Opened data source "/data/user_de/0/com.google.android.tts/files/superpacks/en-us/en-us-x-multi-seanet-r83/../en-us-x-multi-r83/burdock_frame_config.pb" of size 68
09-07 19:57:44.297 18588 18625 I native  : I0000 00:00:1788791264.297584   18625 android_resource_loader.cc:100] Built resource acoustic_frame_config
09-07 19:57:44.297 18588 18625 I native  : I0000 00:00:1788791264.297629   18625 android_resource_loader.cc:116] Loaded resource:acoustic_frame_config
09-07 19:57:44.297 18588 18625 I native  : I0000 00:00:1788791264.297660   18625 data_source.cc:95] Opening data source "/data/user_de/0/com.google.android.tts/files/superpacks/en-us/en-us-x-multi-seanet-r83/../en-us-x-multi-r83/affixes_en_us_android.far" (as: FILE) ...
09-07 19:57:44.298 18588 18625 I native  : I0000 00:00:1788791264.297991   18625 data_source.cc:99] ... Opened data source "/data/user_de/0/com.google.android.tts/files/superpacks/en-us/en-us-x-multi-seanet-r83/../en-us-x-multi-r83/affixes_en_us_android.far" of size 36782
09-07 19:57:44.299 18588 18625 I native  : I0000 00:00:1788791264.299141   18625 android_resource_loader.cc:100] Built resource affix_word_splitter_grm
09-07 19:57:44.299 18588 18625 I native  : I0000 00:00:1788791264.299203   18625 android_resource_loader.cc:116] Loaded resource:affix_word_splitter_grm
09-07 19:57:44.299 18588 18625 I native  : I0000 00:00:1788791264.299231   18625 data_source.cc:95] Opening data source "/data/user_de/0/com.google.android.tts/files/superpacks/en-us/en-us-x-multi-seanet-r83/../en-us-x-multi-r83/affixes_params_en_us.pb" (as: FILE) ...
09-07 19:57:44.299 18588 18625 I native  : I0000 00:00:1788791264.299495   18625 data_source.cc:99] ... Opened data source "/data/user_de/0/com.google.android.tts/files/superpacks/en-us/en-us-x-multi-seanet-r83/../en-us-x-multi-r83/affixes_params_en_us.pb" of size 420
09-07 19:57:44.300 18588 18625 I native  : I0000 00:00:1788791264.300020   18625 affix_word_splitter_data.cc:33] Ambiguous affix entries for spelling ['s] -- their grammars should disambiguate them.
09-07 19:57:44.300 18588 18625 I native  : I0000 00:00:1788791264.300317   18625 affix_word_splitter_data.cc:33] Ambiguous affix entries for spelling ['s] -- their grammars should disambiguate them.
09-07 19:57:44.300 18588 18625 I native  : I0000 00:00:1788791264.300343   18625 affix_word_splitter_data.cc:33] Ambiguous affix entries for spelling ['s] -- their grammars should disambiguate them.
09-07 19:57:44.300 18588 18625 I native  : I0000 00:00:1788791264.300360   18625 affix_word_splitter_data.cc:33] Ambiguous affix entries for spelling [s] -- their grammars should disambiguate them.
09-07 19:57:44.300 18588 18625 I native  : I0000 00:00:1788791264.300372   18625 affix_word_splitter_data.cc:33] Ambiguous affix entries for spelling [s] -- their grammars should disambiguate them.
09-07 19:57:44.300 18588 18625 I native  : I0000 00:00:1788791264.300382   18625 affix_word_splitter_data.cc:33] Ambiguous affix entries for spelling [s] -- their grammars should disambiguate them.
09-07 19:57:44.300 18588 18625 I native  : I0000 00:00:1788791264.300397   18625 affix_word_splitter_data.cc:33] Ambiguous affix entries for spelling [ed] -- their grammars should disambiguate them.
09-07 19:57:44.300 18588 18625 I native  : I0000 00:00:1788791264.300408   18625 affix_word_splitter_data.cc:33] Ambiguous affix entries for spelling [ed] -- their grammars should disambiguate them.
09-07 19:57:44.300 18588 18625 I native  : I0000 00:00:1788791264.300419   18625 affix_word_splitter_data.cc:33] Ambiguous affix entries for spelling [ed] -- their grammars should disambiguate them.
09-07 19:57:44.300 18588 18625 I native  : I0000 00:00:1788791264.300435   18625 affix_word_splitter_data.cc:89] Loaded affixes in [/data/user_de/0/com.google.android.tts/files/superpacks/en-us/en-us-x-multi-seanet-r83/../en-us-x-multi-r83/affixes_params_en_us.pb].
09-07 19:57:44.300 18588 18625 I native  : I0000 00:00:1788791264.300474   18625 android_resource_loader.cc:100] Built resource affix_word_splitter
09-07 19:57:44.300 18588 18625 I native  : I0000 00:00:1788791264.300489   18625 android_resource_loader.cc:116] Loaded resource:affix_word_splitter
09-07 19:57:44.300 18588 18625 I native  : I0000 00:00:1788791264.300515   18625 data_source.cc:95] Opening data source "/data/user_de/0/com.google.android.tts/files/superpacks/en-us/en-us-x-multi-seanet-r83/../en-us-x-multi-r83/roman_numeral_android.far" (as: FILE) ...
09-07 19:57:44.300 18588 18625 I native  : I0000 00:00:1788791264.300780   18625 data_source.cc:99] ... Opened data source "/data/user_de/0/com.google.android.tts/files/superpacks/en-us/en-us-x-multi-seanet-r83/../en-us-x-multi-r83/roman_numeral_android.far" of size 5112
09-07 19:57:44.300 18491 18499 W System  : A resource failed to call AbstractCursor.close. 
09-07 19:57:44.301 18588 18625 I native  : I0000 00:00:1788791264.301252   18625 android_resource_loader.cc:100] Built resource classify_roman_numerals_grm_fst
09-07 19:57:44.301 18588 18625 I native  : I0000 00:00:1788791264.301287   18625 android_resource_loader.cc:116] Loaded resource:classify_roman_numerals_grm_fst
09-07 19:57:44.301 18588 18625 I native  : I0000 00:00:1788791264.301314   18625 data_source.cc:95] Opening data source "/data/user_de/0/com.google.android.tts/files/superpacks/en-us/en-us-x-multi-seanet-r83/../en-us-x-multi-r83/en_us_pronounce.far" (as: FILE) ...
09-07 19:57:44.301 18588 18625 I native  : I0000 00:00:1788791264.301656   18625 data_source.cc:99] ... Opened data source "/data/user_de/0/com.google.android.tts/files/superpacks/en-us/en-us-x-multi-seanet-r83/../en-us-x-multi-r83/en_us_pronounce.far" of size 5040
09-07 19:57:44.302 18491 18542 I DialerTtsPreWarm: com.android.dialer.callrecording.impl.ttsprewarm.TtsPreWarm$1.onSuccess:77 prewarming TTS succeeded
09-07 19:57:44.302 18588 18625 I native  : I0000 00:00:1788791264.302103   18625 android_resource_loader.cc:100] Built resource compound_pronounce_grm_fst
09-07 19:57:44.302 18588 18625 I native  : I0000 00:00:1788791264.302146   18625 android_resource_loader.cc:116] Loaded resource:compound_pronounce_grm_fst
09-07 19:57:44.302 18588 18625 I native  : I0000 00:00:1788791264.302178   18625 data_source.cc:95] Opening data source "/data/user_de/0/com.google.android.tts/files/superpacks/en-us/en-us-x-multi-seanet-r83/../en-us-x-multi-r83/disambiguation_rules_en_us.pb" (as: FILE) ...
09-07 19:57:44.302 18491 18499 W System  : A resource failed to call close. 
09-07 19:57:44.302 18588 18625 I native  : I0000 00:00:1788791264.302519   18625 data_source.cc:99] ... Opened data source "/data/user_de/0/com.google.android.tts/files/superpacks/en-us/en-us-x-multi-seanet-r83/../en-us-x-multi-r83/disambiguation_rules_en_us.pb" of size 317147
09-07 19:57:44.306 14328 16749 D SQLiteQueryBuilder: SELECT value FROM partner WHERE ((name=?))
09-07 19:57:44.314 18491 18537 I DialerSingletonScopedExternalsLogging: com.google.android.dialershared.externals.logging.SingletonScopedExternalsLogging.recordCallMethodInvocation:75 event: BROADCAST_RECEIVER, function parameters: [Broadcast to com.google.apps.tiktok.account.data.device.DeviceAccountsChangedReceiver_Receiver android.accounts.LOGIN_ACCOUNTS_CHANGED,2026-09-07 19:57:34.956], return value: <empty>
09-07 19:57:44.318 14328 18648 I gle.android.gms: AssetManager2(0xb400007395e30a58) locale list changing from [] to [en-IN]
09-07 19:57:44.324 18588 18625 I native  : I0000 00:00:1788791264.324194   18625 android_resource_loader.cc:100] Built resource disambiguation_rules
09-07 19:57:44.324 18588 18625 I native  : I0000 00:00:1788791264.324270   18625 android_resource_loader.cc:116] Loaded resource:disambiguation_rules
09-07 19:57:44.324 18588 18625 I native  : I0000 00:00:1788791264.324670   18625 data_source.cc:95] Opening data source "/data/user_de/0/com.google.android.tts/files/superpacks/en-us/en-us-x-multi-seanet-r83/engine_config_en_us_x_embedded_havoc.pb" (as: FILE) ...
09-07 19:57:44.324 18588 18625 I native  : I0000 00:00:1788791264.324952   18625 data_source.cc:99] ... Opened data source "/data/user_de/0/com.google.android.tts/files/superpacks/en-us/en-us-x-multi-seanet-r83/engine_config_en_us_x_embedded_havoc.pb" of size 54
09-07 19:57:44.325 18588 18625 I native  : I0000 00:00:1788791264.325561   18625 android_resource_loader.cc:100] Built resource engine_config
09-07 19:57:44.325 18588 18625 I native  : I0000 00:00:1788791264.325622   18625 android_resource_loader.cc:116] Loaded resource:engine_config
09-07 19:57:44.325 18588 18625 I native  : I0000 00:00:1788791264.325662   18625 android_resource_loader.cc:100] Built resource guided_synthesis
09-07 19:57:44.325 18588 18625 I native  : I0000 00:00:1788791264.325676   18625 android_resource_loader.cc:116] Loaded resource:guided_synthesis
09-07 19:57:44.325 18588 18625 I native  : I0000 00:00:1788791264.325697   18625 data_source.cc:95] Opening data source "/data/user_de/0/com.google.android.tts/files/superpacks/en-us/en-us-x-multi-seanet-r83/../en-us-x-multi-r83/mapping_grammar_en.far" (as: FILE) ...
09-07 19:57:44.326 18588 18625 I native  : I0000 00:00:1788791264.326005   18625 data_source.cc:99] ... Opened data source "/data/user_de/0/com.google.android.tts/files/superpacks/en-us/en-us-x-multi-seanet-r83/../en-us-x-multi-r83/mapping_grammar_en.far" of size 863
09-07 19:57:44.326 18588 18625 I native  : I0000 00:00:1788791264.326362   18625 android_resource_loader.cc:100] Built resource homograph_mapping_grammar
09-07 19:57:44.326 18588 18625 I native  : I0000 00:00:1788791264.326404   18625 android_resource_loader.cc:116] Loaded resource:homograph_mapping_grammar
09-07 19:57:44.326 18588 18625 I native  : I0000 00:00:1788791264.326437   18625 data_source.cc:95] Opening data source "/data/user_de/0/com.google.android.tts/files/superpacks/en-us/en-us-x-multi-seanet-r83/../en-us-x-multi-r83/lettuce_model.fb" (as: MEMORY) ...
09-07 19:57:44.326 18588 18625 I native  : I0000 00:00:1788791264.326909   18625 data_source.cc:99] ... Opened data source "/data/user_de/0/com.google.android.tts/files/superpacks/en-us/en-us-x-multi-seanet-r83/../en-us-x-multi-r83/lettuce_model.fb" of size 2100680
09-07 19:57:44.329 18588 18625 I native  : I0000 00:00:1788791264.329546   18625 android_resource_loader.cc:100] Built resource lettuce_model_resource
09-07 19:57:44.329 18588 18625 I native  : I0000 00:00:1788791264.329606   18625 android_resource_loader.cc:116] Loaded resource:lettuce_model_resource
09-07 19:57:44.329 18588 18625 I native  : I0000 00:00:1788791264.329637   18625 android_resource_loader.cc:100] Built resource lettuce_model_scorer
09-07 19:57:44.329 18588 18625 I native  : I0000 00:00:1788791264.329648   18625 android_resource_loader.cc:116] Loaded resource:lettuce_model_scorer
09-07 19:57:44.329 18588 18625 I native  : I0000 00:00:1788791264.329666   18625 data_source.cc:95] Opening data source "/data/user_de/0/com.google.android.tts/files/superpacks/en-us/en-us-x-multi-seanet-r83/../en-us-x-multi-r83/lettuce_classify_embedded_us_generated_android.far" (as: FILE) ...
09-07 19:57:44.330 18588 18625 I native  : I0000 00:00:1788791264.330008   18625 data_source.cc:99] ... Opened data source "/data/user_de/0/com.google.android.tts/files/superpacks/en-us/en-us-x-multi-seanet-r83/../en-us-x-multi-r83/lettuce_classify_embedded_us_generated_android.far" of size 4439801
09-07 19:57:44.351 18588 18625 I native  : I0000 00:00:1788791264.351887   18625 android_resource_loader.cc:100] Built resource lettuce_node_generator_grm
09-07 19:57:44.351 18588 18625 I native  : I0000 00:00:1788791264.351959   18625 android_resource_loader.cc:116] Loaded resource:lettuce_node_generator_grm
09-07 19:57:44.351 18588 18625 I native  : I0000 00:00:1788791264.351990   18625 data_source.cc:95] Opening data source "/data/user_de/0/com.google.android.tts/files/superpacks/en-us/en-us-x-multi-seanet-r83/../en-us-x-multi-r83/lucid_collection_android.far" (as: FILE) ...
09-07 19:57:44.352 18588 18625 I native  : I0000 00:00:1788791264.352331   18625 data_source.cc:99] ... Opened data source "/data/user_de/0/com.google.android.tts/files/superpacks/en-us/en-us-x-multi-seanet-r83/../en-us-x-multi-r83/lucid_collection_android.far" of size 306120
09-07 19:57:44.355 18588 18625 I native  : I0000 00:00:1788791264.355148   18625 android_resource_loader.cc:100] Built resource lucid_parser_grm_fst
09-07 19:57:44.355 18588 18625 I native  : I0000 00:00:1788791264.355223   18625 android_resource_loader.cc:116] Loaded resource:lucid_parser_grm_fst
09-07 19:57:44.355 18588 18625 I native  : I0000 00:00:1788791264.355261   18625 data_source.cc:95] Opening data source "/data/user_de/0/com.google.android.tts/files/superpacks/en-us/en-us-x-multi-seanet-r83/../en-us-x-multi-r83/markup_triggers.pb" (as: FILE) ...
09-07 19:57:44.355 18588 18625 I native  : I0000 00:00:1788791264.355536   18625 data_source.cc:99] ... Opened data source "/data/user_de/0/com.google.android.tts/files/superpacks/en-us/en-us-x-multi-seanet-r83/../en-us-x-multi-r83/markup_triggers.pb" of size 930
09-07 19:57:44.356 18588 18625 I native  : I0000 00:00:1788791264.356128   18625 android_resource_loader.cc:100] Built resource markup_triggers
09-07 19:57:44.356 18588 18625 I native  : I0000 00:00:1788791264.356176   18625 android_resource_loader.cc:116] Loaded resource:markup_triggers
09-07 19:57:44.356 18588 18625 I native  : I0000 00:00:1788791264.356676   18625 data_source.cc:95] Opening data source "/data/user_de/0/com.google.android.tts/files/superpacks/en-us/en-us-x-multi-seanet-r83/../en-us-x-multi-r83/morphosyntactic_mapping.pb" (as: FILE) ...
09-07 19:57:44.357 18588 18625 I native  : I0000 00:00:1788791264.357001   18625 data_source.cc:99] ... Opened data source "/data/user_de/0/com.google.android.tts/files/superpacks/en-us/en-us-x-multi-seanet-r83/../en-us-x-multi-r83/morphosyntactic_mapping.pb" of size 6
09-07 19:57:44.357 18588 18625 I native  : I0000 00:00:1788791264.357333   18625 android_resource_loader.cc:100] Built resource morph_analyzer_attribute_map
09-07 19:57:44.357 18588 18625 I native  : I0000 00:00:1788791264.357367   18625 android_resource_loader.cc:116] Loaded resource:morph_analyzer_attribute_map
09-07 19:57:44.357 18588 18625 I native  : I0000 00:00:1788791264.357650   18625 android_resource_loader.cc:100] Built resource multilingual_capabilities
09-07 19:57:44.357 18588 18625 I native  : I0000 00:00:1788791264.357691   18625 android_resource_loader.cc:116] Loaded resource:multilingual_capabilities
09-07 19:57:44.357 18588 18625 I native  : I0000 00:00:1788791264.357717   18625 data_source.cc:95] Opening data source "/data/user_de/0/com.google.android.tts/files/superpacks/en-us/en-us-x-multi-seanet-r83/../en-us-x-multi-r83/en_us_phonology.pb" (as: FILE) ...
09-07 19:57:44.358 18588 18625 I native  : I0000 00:00:1788791264.358163   18625 data_source.cc:99] ... Opened data source "/data/user_de/0/com.google.android.tts/files/superpacks/en-us/en-us-x-multi-seanet-r83/../en-us-x-multi-r83/en_us_phonology.pb" of size 2196
09-07 19:57:44.359 18588 18625 W native  : W0000 00:00:1788791264.359113   18625 phonology.cc:80] Phonemes @, @` have non-distinctive features. See b/111971558.
09-07 19:57:44.359 18588 18625 W native  : W0000 00:00:1788791264.359543   18625 phonology.cc:80] Phonemes l, r\ have non-distinctive features. See b/111971558.
09-07 19:57:44.360 18588 18625 I native  : I0000 00:00:1788791264.360150   18625 android_resource_loader.cc:100] Built resource phonology
09-07 19:57:44.360 18588 18625 I native  : I0000 00:00:1788791264.360187   18625 android_resource_loader.cc:116] Loaded resource:phonology
09-07 19:57:44.360 18588 18625 I native  : I0000 00:00:1788791264.360401   18625 data_source.cc:95] Opening data source "/data/user_de/0/com.google.android.tts/files/superpacks/en-us/en-us-x-multi-seanet-r83/../en-us-x-multi-r83/en_morphology" (as: FILE) ...
09-07 19:57:44.360 18588 18625 I native  : I0000 00:00:1788791264.360799   18625 data_source.cc:99] ... Opened data source "/data/user_de/0/com.google.android.tts/files/superpacks/en-us/en-us-x-multi-seanet-r83/../en-us-x-multi-r83/en_morphology" of size 2753822
09-07 19:57:44.367 18588 18625 I native  : I0000 00:00:1788791264.367725   18625 model-api.cc:46] Registered model under key morphology
09-07 19:57:44.372 18588 18625 I native  : I0000 00:00:1788791264.372089   18625 android_resource_loader.cc:100] Built resource analyze_morphology_saft_portable_algo
09-07 19:57:44.372 18588 18625 I native  : I0000 00:00:1788791264.372153   18625 android_resource_loader.cc:116] Loaded resource:analyze_morphology_saft_portable_algo
09-07 19:57:44.372 18588 18625 I native  : I0000 00:00:1788791264.372190   18625 data_source.cc:95] Opening data source "/data/user_de/0/com.google.android.tts/files/superpacks/en-us/en-us-x-multi-seanet-r83/../en-us-x-multi-r83/ipa_to_tts_to-en_us.far" (as: FILE) ...
09-07 19:57:44.372 18588 18625 I native  : I0000 00:00:1788791264.372475   18625 data_source.cc:99] ... Opened data source "/data/user_de/0/com.google.android.tts/files/superpacks/en-us/en-us-x-multi-seanet-r83/../en-us-x-multi-r83/ipa_to_tts_to-en_us.far" of size 465858
09-07 19:57:44.374 18588 18625 I native  : I0000 00:00:1788791264.374739   18625 android_resource_loader.cc:100] Built resource ipa_to_tts_phoneme_mapper
09-07 19:57:44.374 18588 18625 I native  : I0000 00:00:1788791264.374808   18625 android_resource_loader.cc:116] Loaded resource:ipa_to_tts_phoneme_mapper
09-07 19:57:44.374 18588 18625 I native  : I0000 00:00:1788791264.374835   18625 data_source.cc:95] Opening data source "/data/user_de/0/com.google.android.tts/files/superpacks/en-us/en-us-x-multi-seanet-r83/../en-us-x-multi-r83/en_us.hlex.bin" (as: MEMORY) ...
09-07 19:57:44.375 18588 18625 I native  : I0000 00:00:1788791264.375247   18625 data_source.cc:99] ... Opened data source "/data/user_de/0/com.google.android.tts/files/superpacks/en-us/en-us-x-multi-seanet-r83/../en-us-x-multi-r83/en_us.hlex.bin" of size 5117760
09-07 19:57:44.376 14328 18648 I gle.android.gms: AssetManager2(0xb400007395e29398) locale list changing from [] to [en-IN]
09-07 19:57:44.382 18588 18625 I native  : I0000 00:00:1788791264.382281   18625 android_resource_loader.cc:100] Built resource lexicon
09-07 19:57:44.382 18588 18625 I native  : I0000 00:00:1788791264.382358   18625 android_resource_loader.cc:116] Loaded resource:lexicon
09-07 19:57:44.382 18588 18625 I native  : I0000 00:00:1788791264.382396   18625 data_source.cc:95] Opening data source "/data/user_de/0/com.google.android.tts/files/superpacks/en-us/en-us-x-multi-seanet-r83/../en-us-x-multi-r83/homographs_model_en_us_embedded.bin" (as: MEMORY) ...
09-07 19:57:44.382 18588 18625 I native  : I0000 00:00:1788791264.382691   18625 data_source.cc:99] ... Opened data source "/data/user_de/0/com.google.android.tts/files/superpacks/en-us/en-us-x-multi-seanet-r83/../en-us-x-multi-r83/homographs_model_en_us_embedded.bin" of size 399120
09-07 19:57:44.394 18588 18625 I native  : I0000 00:00:1788791264.394568   18625 android_resource_loader.cc:100] Built resource homograph_classifier_model_resource
09-07 19:57:44.394 18588 18625 I native  : I0000 00:00:1788791264.394650   18625 android_resource_loader.cc:116] Loaded resource:homograph_classifier_model_resource
09-07 19:57:44.394 18588 18625 I native  : I0000 00:00:1788791264.394693   18625 data_source.cc:95] Opening data source "/data/user_de/0/com.google.android.tts/files/superpacks/en-us/en-us-x-multi-seanet-r83/lettuce_node_generator_params_embedded_us_runtime.pb" (as: FILE) ...
09-07 19:57:44.395 18588 18625 I native  : I0000 00:00:1788791264.395121   18625 data_source.cc:99] ... Opened data source "/data/user_de/0/com.google.android.tts/files/superpacks/en-us/en-us-x-multi-seanet-r83/lettuce_node_generator_params_embedded_us_runtime.pb" of size 2599
09-07 19:57:44.408 14328 18648 I gle.android.gms: AssetManager2(0xb400007395e361d8) locale list changing from [] to [en-IN]
09-07 19:57:44.416 14328 18648 I Icing   : Usage reports ok 17, Failed Usage reports 0, indexed 0, rejected 0
09-07 19:57:44.435 14328 18648 I Icing   : Usage reports ok 0, Failed Usage reports 0, indexed 0, rejected 0
09-07 19:57:44.448 14328 18648 I Icing   : Usage reports ok 0, Failed Usage reports 0, indexed 0, rejected 0
09-07 19:57:44.462 14328 18648 I Icing   : Usage reports ok 0, Failed Usage reports 0, indexed 0, rejected 0
09-07 19:57:44.837 18588 18625 I native  : I0000 00:00:1788791264.837417   18625 exl_node_generator.cc:58] Setting legal word grammar as macro_only: true
09-07 19:57:44.837 18588 18625 I native  : I0000 00:00:1788791264.837678   18625 android_resource_loader.cc:100] Built resource lettuce_node_generator
09-07 19:57:44.837 18588 18625 I native  : I0000 00:00:1788791264.837752   18625 android_resource_loader.cc:116] Loaded resource:lettuce_node_generator
09-07 19:57:44.838 18588 18625 I native  : I0000 00:00:1788791264.838066   18625 data_source.cc:95] Opening data source "/data/user_de/0/com.google.android.tts/files/superpacks/en-us/en-us-x-multi-seanet-r83/../en-us-x-multi-r83/burdock_model.params.pb" (as: FILE) ...
09-07 19:57:44.838 18588 18625 I native  : I0000 00:00:1788791264.838641   18625 data_source.cc:99] ... Opened data source "/data/user_de/0/com.google.android.tts/files/superpacks/en-us/en-us-x-multi-seanet-r83/../en-us-x-multi-r83/burdock_model.params.pb" of size 8875
09-07 19:57:44.840 18588 18625 I native  : I0000 00:00:1788791264.840534   18625 android_resource_loader.cc:100] Built resource lstm_add_specification_resource
09-07 19:57:44.840 18588 18625 I native  : I0000 00:00:1788791264.840672   18625 android_resource_loader.cc:116] Loaded resource:lstm_add_specification_resource
09-07 19:57:44.840 18588 18625 I native  : I0000 00:00:1788791264.840966   18625 data_source.cc:95] Opening data source "/data/user_de/0/com.google.android.tts/files/superpacks/en-us/en-us-x-multi-seanet-r83/chive_model_fused.pb" (as: FILE) ...
09-07 19:57:44.841 18588 18625 I native  : I0000 00:00:1788791264.841277   18625 data_source.cc:99] ... Opened data source "/data/user_de/0/com.google.android.tts/files/superpacks/en-us/en-us-x-multi-seanet-r83/chive_model_fused.pb" of size 1281
09-07 19:57:44.841 18588 18625 I native  : I0000 00:00:1788791264.841633   18625 data_source.cc:95] Opening data source "/data/user_de/0/com.google.android.tts/files/superpacks/en-us/en-us-x-multi-seanet-r83/burdock_valerian_model.tflite" (as: MEMORY) ...
09-07 19:57:44.841 18588 18625 I native  : I0000 00:00:1788791264.841936   18625 data_source.cc:99] ... Opened data source "/data/user_de/0/com.google.android.tts/files/superpacks/en-us/en-us-x-multi-seanet-r83/burdock_valerian_model.tflite" of size 1790608
09-07 19:57:44.849 18588 18625 E tflite  : third_party/tensorflow/lite/core/subgraph.cc:1089 tensor.data.raw != nullptr was not true.
09-07 19:57:44.850 18588 18625 I native  : I0000 00:00:1788791264.850112   18625 chive_inference_resource.cc:233] Creating new CHiVE model [model graph]: 
09-07 19:57:44.850 18588 18625 I native  : I0000 00:00:1788791264.850167   18625 chive_model.cc:179] Creating a single pass CHiVE model
09-07 19:57:44.852 18588 18625 I native  : I0000 00:00:1788791264.852292   18625 android_resource_loader.cc:100] Built resource chive_inference_config
09-07 19:57:44.852 18588 18625 I native  : I0000 00:00:1788791264.852372   18625 android_resource_loader.cc:116] Loaded resource:chive_inference_config
09-07 19:57:44.852 18588 18625 I native  : I0000 00:00:1788791264.852409   18625 data_source.cc:95] Opening data source "/data/user_de/0/com.google.android.tts/files/superpacks/en-us/en-us-x-multi-seanet-r83/../en-us-x-multi-r83/converter_en_us_android.far" (as: FILE) ...
09-07 19:57:44.852 18588 18625 I native  : I0000 00:00:1788791264.852792   18625 data_source.cc:99] ... Opened data source "/data/user_de/0/com.google.android.tts/files/superpacks/en-us/en-us-x-multi-seanet-r83/../en-us-x-multi-r83/converter_en_us_android.far" of size 1473
09-07 19:57:44.853 18588 18625 I native  : I0000 00:00:1788791264.853343   18625 android_resource_loader.cc:100] Built resource pron_buffet_to_tts_converter
09-07 19:57:44.853 18588 18625 I native  : I0000 00:00:1788791264.853404   18625 android_resource_loader.cc:116] Loaded resource:pron_buffet_to_tts_converter
09-07 19:57:44.853 18588 18625 I native  : I0000 00:00:1788791264.853437   18625 data_source.cc:95] Opening data source "/data/user_de/0/com.google.android.tts/files/superpacks/en-us/en-us-x-multi-seanet-r83/../en-us-x-multi-r83/regexp_rewrite_embedded.pb" (as: FILE) ...
09-07 19:57:44.853 18588 18625 I native  : I0000 00:00:1788791264.853724   18625 data_source.cc:99] ... Opened data source "/data/user_de/0/com.google.android.tts/files/superpacks/en-us/en-us-x-multi-seanet-r83/../en-us-x-multi-r83/regexp_rewrite_embedded.pb" of size 6025
09-07 19:57:44.854 18588 18625 I native  : I0000 00:00:1788791264.854208   18625 data_source.cc:95] Opening data source "/data/user_de/0/com.google.android.tts/files/superpacks/en-us/en-us-x-multi-seanet-r83/../en-us-x-multi-r83/punctuation.pb" (as: FILE) ...
09-07 19:57:44.854 18588 18625 I native  : I0000 00:00:1788791264.854510   18625 data_source.cc:99] ... Opened data source "/data/user_de/0/com.google.android.tts/files/superpacks/en-us/en-us-x-multi-seanet-r83/../en-us-x-multi-r83/punctuation.pb" of size 452
09-07 19:57:44.903 16016 16016 I Finsky  : [2] DL: Data loader session turned off due to Incremental install not requested: com.realshare.app
09-07 19:57:44.907 18588 18625 E native  : E0000 00:00:1788791264.907235   18625 re2.cc:251] Error parsing '^|[^\p{Letter}\\]': invalid character class range: \p{Letter}
09-07 19:57:44.907 18588 18625 E native  : E0000 00:00:1788791264.907319   18625 replacement_rule.cc:40] Invalid context regexp: invalid character class range: \p{Letter}
09-07 19:57:44.907 18588 18625 E native  : E0000 00:00:1788791264.907338   18625 replacement_rule.cc:151] Error creating replacement rule.
09-07 19:57:44.907 18588 18625 E native  : E0000 00:00:1788791264.907349   18625 regexp_rewriter.cc:35] Error creating rule MessageLite at 0xb400007545e67e30.
09-07 19:57:44.907 18588 18625 I native  : I0000 00:00:1788791264.907735   18625 android_resource_loader.cc:100] Built resource rewrite_algo
09-07 19:57:44.907 18588 18625 I native  : I0000 00:00:1788791264.907779   18625 android_resource_loader.cc:116] Loaded resource:rewrite_algo
09-07 19:57:44.907 18588 18625 I native  : I0000 00:00:1788791264.907808   18625 data_source.cc:95] Opening data source "/data/user_de/0/com.google.android.tts/files/superpacks/en-us/en-us-x-multi-seanet-r83/../en-us-x-multi-r83/roman_numeral_contexts.pb" (as: FILE) ...
09-07 19:57:44.908 18588 18625 I native  : I0000 00:00:1788791264.908125   18625 data_source.cc:99] ... Opened data source "/data/user_de/0/com.google.android.tts/files/superpacks/en-us/en-us-x-multi-seanet-r83/../en-us-x-multi-r83/roman_numeral_contexts.pb" of size 9114
09-07 19:57:44.908 18588 18625 I native  : I0000 00:00:1788791264.908610   18625 android_resource_loader.cc:100] Built resource roman_numeral_context_words
09-07 19:57:44.908 18588 18625 I native  : I0000 00:00:1788791264.908686   18625 android_resource_loader.cc:116] Loaded resource:roman_numeral_context_words
09-07 19:57:44.908 18588 18625 I native  : I0000 00:00:1788791264.908967   18625 android_resource_loader.cc:100] Built resource classify_roman_numerals_grm_algo
09-07 19:57:44.909 18588 18625 I native  : I0000 00:00:1788791264.908995   18625 android_resource_loader.cc:116] Loaded resource:classify_roman_numerals_grm_algo
09-07 19:57:44.909 18588 18625 I native  : I0000 00:00:1788791264.909020   18625 android_resource_loader.cc:100] Built resource runtime_override
09-07 19:57:44.909 18588 18625 I native  : I0000 00:00:1788791264.909033   18625 android_resource_loader.cc:116] Loaded resource:runtime_override
09-07 19:57:44.909 18588 18625 I native  : I0000 00:00:1788791264.909050   18625 data_source.cc:95] Opening data source "/data/user_de/0/com.google.android.tts/files/superpacks/en-us/en-us-x-multi-seanet-r83/seanet_model_options.pb" (as: FILE) ...
09-07 19:57:44.909 18588 18625 I native  : I0000 00:00:1788791264.909480   18625 data_source.cc:99] ... Opened data source "/data/user_de/0/com.google.android.tts/files/superpacks/en-us/en-us-x-multi-seanet-r83/seanet_model_options.pb" of size 32
09-07 19:57:44.909 18588 18625 I native  : I0000 00:00:1788791264.909821   18625 data_source.cc:95] Opening data source "/data/user_de/0/com.google.android.tts/files/superpacks/en-us/en-us-x-multi-seanet-r83/seanet_model.tflite" (as: FILE) ...
09-07 19:57:44.910 18588 18625 I native  : I0000 00:00:1788791264.910064   18625 data_source.cc:99] ... Opened data source "/data/user_de/0/com.google.android.tts/files/superpacks/en-us/en-us-x-multi-seanet-r83/seanet_model.tflite" of size 2786320
09-07 19:57:44.915 18588 18625 I native  : I0000 00:00:1788791264.915671   18625 android_resource_loader.cc:100] Built resource seanet_enhancer
09-07 19:57:44.915 18588 18625 I native  : I0000 00:00:1788791264.915748   18625 android_resource_loader.cc:116] Loaded resource:seanet_enhancer
09-07 19:57:44.915 18588 18625 I native  : I0000 00:00:1788791264.915778   18625 data_source.cc:95] Opening data source "/data/user_de/0/com.google.android.tts/files/superpacks/en-us/en-us-x-multi-seanet-r83/../en-us-x-multi-r83/sb_model.bin" (as: MEMORY) ...
09-07 19:57:44.916 18588 18625 I native  : I0000 00:00:1788791264.916161   18625 data_source.cc:99] ... Opened data source "/data/user_de/0/com.google.android.tts/files/superpacks/en-us/en-us-x-multi-seanet-r83/../en-us-x-multi-r83/sb_model.bin" of size 48272
09-07 19:57:44.916 18588 18625 I native  : I0000 00:00:1788791264.916517   18625 android_resource_loader.cc:100] Built resource sentence_boundary_model_resource
09-07 19:57:44.916 18588 18625 I native  : I0000 00:00:1788791264.916556   18625 android_resource_loader.cc:116] Loaded resource:sentence_boundary_model_resource
09-07 19:57:44.916 18588 18625 I native  : I0000 00:00:1788791264.916584   18625 data_source.cc:95] Opening data source "/data/user_de/0/com.google.android.tts/files/superpacks/en-us/en-us-x-multi-seanet-r83/../en-us-x-multi-r83/en_verbalize_spec.pb" (as: FILE) ...
09-07 19:57:44.916 18588 18625 I native  : I0000 00:00:1788791264.916876   18625 data_source.cc:99] ... Opened data source "/data/user_de/0/com.google.android.tts/files/superpacks/en-us/en-us-x-multi-seanet-r83/../en-us-x-multi-r83/en_verbalize_spec.pb" of size 3984
09-07 19:57:44.917 18588 18625 I native  : I0000 00:00:1788791264.917282   18625 android_resource_loader.cc:100] Built resource serialization_spec
09-07 19:57:44.917 18588 18625 I native  : I0000 00:00:1788791264.917320   18625 android_resource_loader.cc:116] Loaded resource:serialization_spec
09-07 19:57:44.917 18588 18625 I native  : I0000 00:00:1788791264.917346   18625 data_source.cc:95] Opening data source "/data/user_de/0/com.google.android.tts/files/superpacks/en-us/en-us-x-multi-seanet-r83/../en-us-x-multi-r83/textnorm_params_embedded_en_us.pb" (as: FILE) ...
09-07 19:57:44.917 18588 18625 I native  : I0000 00:00:1788791264.917614   18625 data_source.cc:99] ... Opened data source "/data/user_de/0/com.google.android.tts/files/superpacks/en-us/en-us-x-multi-seanet-r83/../en-us-x-multi-r83/textnorm_params_embedded_en_us.pb" of size 321
09-07 19:57:44.918 18588 18625 I native  : I0000 00:00:1788791264.918048   18625 android_resource_loader.cc:100] Built resource textnorm_params
09-07 19:57:44.918 18588 18625 I native  : I0000 00:00:1788791264.918082   18625 android_resource_loader.cc:116] Loaded resource:textnorm_params
09-07 19:57:44.918 18588 18625 I native  : I0000 00:00:1788791264.918498   18625 android_resource_loader.cc:100] Built resource icu_transliterator_to_latin
09-07 19:57:44.918 18588 18625 I native  : I0000 00:00:1788791264.918551   18625 android_resource_loader.cc:116] Loaded resource:icu_transliterator_to_latin
09-07 19:57:44.918 18588 18625 I native  : I0000 00:00:1788791264.918583   18625 data_source.cc:95] Opening data source "/data/user_de/0/com.google.android.tts/files/superpacks/en-us/en-us-x-multi-seanet-r83/../en-us-x-multi-r83/g2p_m3_syls0_stress0_en-US.fst" (as: FILE) ...
09-07 19:57:44.918 18588 18625 I native  : I0000 00:00:1788791264.918946   18625 data_source.cc:99] ... Opened data source "/data/user_de/0/com.google.android.tts/files/superpacks/en-us/en-us-x-multi-seanet-r83/../en-us-x-multi-r83/g2p_m3_syls0_stress0_en-US.fst" of size 696736
09-07 19:57:44.919 18588 18625 I native  : I0000 00:00:1788791264.919038   18625 compact_fst.cc:20] Loading FST from "/data/user_de/0/com.google.android.tts/files/superpacks/en-us/en-us-x-multi-seanet-r83/../en-us-x-multi-r83/g2p_m3_syls0_stress0_en-US.fst" ...
09-07 19:57:44.990 18588 18625 I native  : I0000 00:00:1788791264.990259   18625 decoder.cc:51] G2P FST loaded (56 graphemes and 41 phonemes).
09-07 19:57:44.996 18588 18625 I native  : I0000 00:00:1788791264.996173   18625 android_resource_loader.cc:100] Built resource learned_fst_g2p_mapper
09-07 19:57:44.996 18588 18625 I native  : I0000 00:00:1788791264.996245   18625 android_resource_loader.cc:116] Loaded resource:learned_fst_g2p_mapper
09-07 19:57:44.996 18588 18625 I native  : I0000 00:00:1788791264.996299   18625 android_resource_loader.cc:100] Built resource spelling_normalizer
09-07 19:57:44.996 18588 18625 I native  : I0000 00:00:1788791264.996314   18625 android_resource_loader.cc:116] Loaded resource:spelling_normalizer
09-07 19:57:45.005 18588 18625 I native  : I0000 00:00:1788791265.005876   18625 android_resource_loader.cc:100] Built resource token_resolver_algo
09-07 19:57:45.005 18588 18625 I native  : I0000 00:00:1788791265.005962   18625 android_resource_loader.cc:116] Loaded resource:token_resolver_algo
09-07 19:57:45.006 18588 18625 I native  : I0000 00:00:1788791265.006023   18625 android_resource_loader.cc:100] Built resource utf8_utils
09-07 19:57:45.006 18588 18625 I native  : I0000 00:00:1788791265.006044   18625 android_resource_loader.cc:116] Loaded resource:utf8_utils
09-07 19:57:45.006 18588 18625 I native  : I0000 00:00:1788791265.006077   18625 android_resource_loader.cc:100] Built resource lexical_classifier
09-07 19:57:45.006 18588 18625 I native  : I0000 00:00:1788791265.006091   18625 android_resource_loader.cc:116] Loaded resource:lexical_classifier
09-07 19:57:45.006 18588 18625 I native  : I0000 00:00:1788791265.006129   18625 data_source.cc:95] Opening data source "/data/user_de/0/com.google.android.tts/files/superpacks/en-us/en-us-x-multi-seanet-r83/universal_carrier_pigeon_config.binarypb" (as: FILE) ...
09-07 19:57:45.008 18588 18625 I native  : I0000 00:00:1788791265.007942   18625 data_source.cc:99] ... Opened data source "/data/user_de/0/com.google.android.tts/files/superpacks/en-us/en-us-x-multi-seanet-r83/universal_carrier_pigeon_config.binarypb" of size 52
09-07 19:57:45.009 18588 18625 I native  : I0000 00:00:1788791265.009818   18625 data_source.cc:95] Opening data source "/data/user_de/0/com.google.android.tts/files/superpacks/en-us/en-us-x-multi-seanet-r83/universal_carrier_pigeon_model.tflite" (as: FILE) ...
09-07 19:57:45.010 18588 18625 I native  : I0000 00:00:1788791265.010887   18625 data_source.cc:99] ... Opened data source "/data/user_de/0/com.google.android.tts/files/superpacks/en-us/en-us-x-multi-seanet-r83/universal_carrier_pigeon_model.tflite" of size 638952
09-07 19:57:45.017 18588 18625 I native  : I0000 00:00:1788791265.017486   18625 android_resource_loader.cc:100] Built resource carrier_pigeon_algo
09-07 19:57:45.017 18588 18625 I native  : I0000 00:00:1788791265.017598   18625 android_resource_loader.cc:116] Loaded resource:carrier_pigeon_algo
09-07 19:57:45.017 18588 18625 I native  : I0000 00:00:1788791265.017651   18625 android_resource_loader.cc:100] Built resource icu_transliterator
09-07 19:57:45.017 18588 18625 I native  : I0000 00:00:1788791265.017667   18625 android_resource_loader.cc:116] Loaded resource:icu_transliterator
09-07 19:57:45.017 18588 18625 I native  : I0000 00:00:1788791265.017689   18625 data_source.cc:95] Opening data source "/data/user_de/0/com.google.android.tts/files/superpacks/en-us/en-us-x-multi-seanet-r83/../en-us-x-multi-r83/variant_overrides_en_us.pb" (as: FILE) ...
09-07 19:57:45.018 18588 18625 I native  : I0000 00:00:1788791265.018077   18625 data_source.cc:99] ... Opened data source "/data/user_de/0/com.google.android.tts/files/superpacks/en-us/en-us-x-multi-seanet-r83/../en-us-x-multi-r83/variant_overrides_en_us.pb" of size 1525
09-07 19:57:45.018 18588 18625 I native  : I0000 00:00:1788791265.018741   18625 android_resource_loader.cc:100] Built resource variant_overrides
09-07 19:57:45.018 18588 18625 I native  : I0000 00:00:1788791265.018796   18625 android_resource_loader.cc:116] Loaded resource:variant_overrides
09-07 19:57:45.018 18588 18625 I native  : I0000 00:00:1788791265.018824   18625 data_source.cc:95] Opening data source "/data/user_de/0/com.google.android.tts/files/superpacks/en-us/en-us-x-multi-seanet-r83/../en-us-x-multi-r83/variant_selection_model_en_us_embedded.bin" (as: MEMORY) ...
09-07 19:57:45.019 18588 18625 I native  : I0000 00:00:1788791265.019163   18625 data_source.cc:99] ... Opened data source "/data/user_de/0/com.google.android.tts/files/superpacks/en-us/en-us-x-multi-seanet-r83/../en-us-x-multi-r83/variant_selection_model_en_us_embedded.bin" of size 221608
09-07 19:57:45.019 18588 18625 I native  : I0000 00:00:1788791265.019678   18625 android_resource_loader.cc:100] Built resource variant_selection_model_data_resource
09-07 19:57:45.019 18588 18625 I native  : I0000 00:00:1788791265.019734   18625 android_resource_loader.cc:116] Loaded resource:variant_selection_model_data_resource
09-07 19:57:45.034 18588 18625 I native  : I0000 00:00:1788791265.034413   18625 select_variants.cc:128] Word with override has only one variant: her
09-07 19:57:45.034 18588 18625 I native  : I0000 00:00:1788791265.034667   18625 android_resource_loader.cc:100] Built resource select_variants_algo
09-07 19:57:45.034 18588 18625 I native  : I0000 00:00:1788791265.034714   18625 android_resource_loader.cc:116] Loaded resource:select_variants_algo
09-07 19:57:45.034 18588 18625 I native  : I0000 00:00:1788791265.034742   18625 data_source.cc:95] Opening data source "/data/user_de/0/com.google.android.tts/files/superpacks/en-us/en-us-x-multi-seanet-r83/../en-us-x-multi-r83/us_verbalization_capabilities.pb" (as: FILE) ...
09-07 19:57:45.035 18588 18625 I native  : I0000 00:00:1788791265.035531   18625 data_source.cc:99] ... Opened data source "/data/user_de/0/com.google.android.tts/files/superpacks/en-us/en-us-x-multi-seanet-r83/../en-us-x-multi-r83/us_verbalization_capabilities.pb" of size 5224
09-07 19:57:45.036 18588 18625 I native  : I0000 00:00:1788791265.036193   18625 android_resource_loader.cc:100] Built resource verbalization_capabilities
09-07 19:57:45.036 18588 18625 I native  : I0000 00:00:1788791265.036242   18625 android_resource_loader.cc:116] Loaded resource:verbalization_capabilities
09-07 19:57:45.036 18588 18625 I native  : I0000 00:00:1788791265.036269   18625 data_source.cc:95] Opening data source "/data/user_de/0/com.google.android.tts/files/superpacks/en-us/en-us-x-multi-seanet-r83/../en-us-x-multi-r83/verbalize_embedded_android.far" (as: FILE) ...
09-07 19:57:45.036 18588 18625 I native  : I0000 00:00:1788791265.036774   18625 data_source.cc:99] ... Opened data source "/data/user_de/0/com.google.android.tts/files/superpacks/en-us/en-us-x-multi-seanet-r83/../en-us-x-multi-r83/verbalize_embedded_android.far" of size 2342559
09-07 19:57:45.045 18588 18625 I native  : I0000 00:00:1788791265.045869   18625 android_resource_loader.cc:100] Built resource verbalize_grm_fst
09-07 19:57:45.045 18588 18625 I native  : I0000 00:00:1788791265.045935   18625 android_resource_loader.cc:116] Loaded resource:verbalize_grm_fst
09-07 19:57:45.045 18588 18625 I native  : I0000 00:00:1788791265.045977   18625 android_resource_loader.cc:100] Built resource speller_algo
09-07 19:57:45.045 18588 18625 I native  : I0000 00:00:1788791265.045990   18625 android_resource_loader.cc:116] Loaded resource:speller_algo
09-07 19:57:45.048 18588 18625 I native  : I0000 00:00:1788791265.047999   18625 android_resource_loader.cc:100] Built resource verbalize_grm_algo
09-07 19:57:45.048 18588 18625 I native  : I0000 00:00:1788791265.048074   18625 android_resource_loader.cc:116] Loaded resource:verbalize_grm_algo
09-07 19:57:45.048 18588 18625 I native  : I0000 00:00:1788791265.048124   18625 voice_params_resource.cc:31] Voice information: MessageLite at 0xb4000073e62b0890
09-07 19:57:45.048 18588 18625 I native  : I0000 00:00:1788791265.048146   18625 android_resource_loader.cc:100] Built resource voice_params
09-07 19:57:45.048 18588 18625 I native  : I0000 00:00:1788791265.048157   18625 android_resource_loader.cc:116] Loaded resource:voice_params
09-07 19:57:45.062 18588 18625 I native  : I0000 00:00:1788791265.062701   18625 android_resource_loader.cc:100] Built resource word_resolver_algo
09-07 19:57:45.062 18588 18625 I native  : I0000 00:00:1788791265.062778   18625 android_resource_loader.cc:116] Loaded resource:word_resolver_algo
09-07 19:57:45.062 18588 18625 I native  : I0000 00:00:1788791265.062827   18625 data_source.cc:95] Opening data source "/data/user_de/0/com.google.android.tts/files/superpacks/en-us/en-us-x-multi-seanet-r83/../en-us-x-multi-r83/xsampa_to_tts_to-en_us.far" (as: FILE) ...
09-07 19:57:45.065 18588 18625 I native  : I0000 00:00:1788791265.065666   18625 data_source.cc:99] ... Opened data source "/data/user_de/0/com.google.android.tts/files/superpacks/en-us/en-us-x-multi-seanet-r83/../en-us-x-multi-r83/xsampa_to_tts_to-en_us.far" of size 22132
09-07 19:57:45.066 18588 18625 I native  : I0000 00:00:1788791265.066537   18625 android_resource_loader.cc:100] Built resource xsampa_to_tts_phoneme_mapper
09-07 19:57:45.066 18588 18625 I native  : I0000 00:00:1788791265.066604   18625 android_resource_loader.cc:116] Loaded resource:xsampa_to_tts_phoneme_mapper
09-07 19:57:45.066 18588 18625 I native  : I0000 00:00:1788791265.066616   18625 local_pipeline_runner.cc:49] Done loading all resources from: {/data/user_de/0/com.google.android.tts/files/superpacks/en-us/en-us-x-multi-seanet-r83}
09-07 19:57:45.072 18588 18625 I ComposerWrapperImpl: Done initializing en-us-x-hol-seanet-embedded
09-07 19:57:45.075 18588 18625 I GoogleTTSServiceImpl: Synthesis request for locale eng-USA and name en-US-language
09-07 19:57:45.144 16016 16016 W Finsky  : [2] No LoggingContext in the bundle, which breaks event chain!. Creating a new logging context.
09-07 19:57:45.174 16016 16039 I Finsky  : [120] RECEIVER_NOTIFICATION#logWorkEndAndFinishGoAsync: SUCCESS
09-07 19:57:45.189 18588 18593 I gle.android.tts: Background concurrent copying GC freed 11MB AllocSpace bytes, 19(820KB) LOS objects, 57% free, 4530KB/10MB, paused 65us,33us total 113.483ms
09-07 19:57:45.343 18588 18625 I GoogleTTSServiceImpl: TTS dispatch: en-us-x-iog-seanet-embedded
09-07 19:57:45.344  4087  4087 I id.ext.services: AssetManager2(0xb400007395e21cd8) locale list changing from [] to [en-IN]
09-07 19:57:45.348 18588 18625 I LocalSynthesizer: Attempting to load synthesizer for voice: en-us-x-iog-seanet-embedded
09-07 19:57:45.348 18588 18625 I LocalSynthesizer: Voice en-us-x-iog-seanet-embedded is already supported by loaded synthesizer en-us-x-multi.
09-07 19:57:45.349 18588 18625 I ComposerWrapperImpl: Skipping initialization, can already run voice en-us-x-iog-seanet-embedded.
09-07 19:57:45.387 18588 18625 I GoogleTTSServiceImpl: Did not cache synthesis request.
09-07 19:57:45.527 16016 16016 I Finsky  : [2] DL: Data loader session turned off due to Incremental install not requested: com.realshare.app
09-07 19:57:46.452 16016 16016 I Finsky  : [2] DL: Data loader session turned off due to Incremental install not requested: com.realshare.app
09-07 19:57:46.493 16016 16016 I Finsky  : [2] DL: Data loader session turned off due to Incremental install not requested: com.realshare.app
09-07 19:57:46.493 16016 16016 I Finsky  : [2] DL: Data loader session turned off due to Incremental install not requested: com.realshare.app
09-07 19:57:46.494 16016 16016 I Finsky  : [2] DL: Data loader session turned off due to Incremental install not requested: com.realshare.app
09-07 19:57:46.596 16016 16016 W AccessibilityDelegate: Drawing order is not available, was AccessibilityNodeInfo requested for a child node before its parent?
09-07 19:57:47.215 16016 16016 I Finsky  : [2] DL: Data loader session turned off due to Incremental install not requested: com.realshare.app
09-07 19:57:47.222 16016 16016 I Finsky  : [2] DL: Data loader session turned off due to Incremental install not requested: com.realshare.app
09-07 19:57:47.551  3867 16501 I NetworkScheduler.Stats: (REDACTED) Task %s/%s started execution. cause:%s exec_start_elapsed_seconds: %s
09-07 19:57:47.868 16016 16102 W HWUI    : Image decoding logging dropped!
09-07 19:57:48.044 16016 16016 I Finsky  : [2] DL: Data loader session turned off due to Incremental install not requested: com.realshare.app
09-07 19:57:48.054 16016 16016 I Finsky  : [2] DL: Data loader session turned off due to Incremental install not requested: com.realshare.app
09-07 19:57:48.084 16016 16016 I Finsky  : [2] DL: Data loader session turned off due to Incremental install not requested: com.realshare.app
09-07 19:57:48.105  3867 16905 I NearbyMediums: No BLE Fast/GATT advertisements found in the latest cycle.
09-07 19:57:48.106  3867 16905 I NearbyMediums: Current Tracked Scanning Clients are : {NearbyConnections.EnvironmentMonitor, NearbySharing, NearbyConnections.TxAdvertisement}
09-07 19:57:48.554 16016 16216 I android.vending: Explicit concurrent copying GC freed 23MB AllocSpace bytes, 18(360KB) LOS objects, 34% free, 45MB/69MB, paused 313us,212us total 697.829ms
09-07 19:57:48.554 16016 16022 I android.vending: WaitForGcToComplete blocked Background on Explicit for 603.689ms
09-07 19:57:50.094  3867  9213 I NullBinder: NullBinder for android.net.action.RECOMMEND_NETWORKS triggering remote TransactionTooLargeException due to Service without Chimera impl, calling uid: 1000, calling pid: 0
09-07 19:57:50.095  3867  9213 W .gms.persistent: Large reply transaction of 1056768 bytes, interface descriptor , code 1
09-07 19:57:50.127  3867 15145 I NearbyMediums: Wifi changed new SSID: "Mr Balichak"
09-07 19:57:50.127  3867 15145 I NearbyMediums: WifiLanConnectivityInfo is not changed, skip notify.
09-07 19:57:50.612  3867 16905 I NearbySharing: Network state changed: NetworkState(isRestricted=false, isOnline=true, isCongested=false, isMetered=false, isWifiConnected=true)
09-07 19:57:50.612  3867 15145 I NearbySharing: Network state changed: NetworkState(isRestricted=false, isOnline=true, isCongested=false, isMetered=false, isWifiConnected=true)
09-07 19:57:50.700  3867  9213 I FontLog : (REDACTED) Received query %s, URI %s
09-07 19:57:50.701  3867  9213 I FontLog : (REDACTED) Query [%s] resolved to %s
09-07 19:57:50.707  3867  9213 I FontLog : (REDACTED) Fetch %s end status %s
09-07 19:57:50.711  3867  9213 I FontLog : (REDACTED) Pulling font file for id = %d, cache size = %d
09-07 19:57:50.730  3867  9213 I FontLog : (REDACTED) Pulling font file for id = %d, cache size = %d
09-07 19:57:50.763  3867 15145 I .gms.persistent: AssetManager2(0xb400007395e57518) locale list changing from [] to [en-IN]
09-07 19:57:50.784  3867 15145 E IPCThreadState: Process seems to be sending too many oneway calls.
09-07 19:57:50.926  3867 15145 E oneway spamming:   #00 pc 0000000000073b68  /system/lib64/libbinder.so (android::BpBinder::transact(unsigned int, android::Parcel const&, android::Parcel*, unsigned int)+296) (BuildId: b5b0bbc3257cd95a2124fa89c7b9651b)
09-07 19:57:50.926  3867 15145 E oneway spamming:   #01 pc 000000000025a4f8  /system/lib64/libandroid_runtime.so (android_os_BinderProxy_transact(_JNIEnv*, _jobject*, int, _jobject*, _jobject*, int)+152) (BuildId: bb1a9dbc81eae0b831fcfe40f9608f00)
09-07 19:57:50.926  3867 15145 E oneway spamming:   #02 pc 00000000015b3438  /data/misc/apexdata/com.android.art/dalvik-cache/arm64/boot.oat (art_jni_trampoline+136)
09-07 19:57:50.926  3867 15145 E oneway spamming:   #03 pc 0000000000ca1e98  /data/misc/apexdata/com.android.art/dalvik-cache/arm64/boot.oat (android.os.BinderProxy.transact+1800)
09-07 19:57:50.926  3867 15145 E oneway spamming:   #04 pc 0000000002205214  /memfd:jit-cache (deleted) (offset 0x2000000) (aasp.transactOneway+132)
09-07 19:57:50.926  3867 15145 E oneway spamming:   #05 pc 000000000072b8dc  /apex/com.android.art/lib64/libart.so (nterp_helper+2124) (BuildId: cecb684d19b4f44ee3cbd66142c315f4)
09-07 19:57:50.926  3867 15145 E oneway spamming:   #06 pc 00000000001b6e1c  /data/app/~~mrVrWc4Zf5iRb4Qh24u70g==/com.google.android.gms-kUB9U8fgyvnW0oaWL4jpOg==/base.apk (offset 0x4999000) (fmbf.f+28)
09-07 19:57:50.926  3867 15145 E oneway spamming:   #07 pc 000000000072bb3c  /apex/com.android.art/lib64/libart.so (nterp_helper+2732) (BuildId: cecb684d19b4f44ee3cbd66142c315f4)
09-07 19:57:50.926  3867 15145 E oneway spamming:   #08 pc 00000000001be130  /data/app/~~mrVrWc4Zf5iRb4Qh24u70g==/com.google.android.gms-kUB9U8fgyvnW0oaWL4jpOg==/base.apk (offset 0x4999000) (fmcp.i+28)
09-07 19:57:50.926  3867 15145 E oneway spamming:   #09 pc 00000000020f28f8  /memfd:jit-cache (deleted) (offset 0x2000000) (fmby.h+440)
09-07 19:57:50.926  3867 15145 E oneway spamming:   #10 pc 0000000002125168  /memfd:jit-cache (deleted) (offset 0x2000000) (fmby.f+184)
09-07 19:57:50.926  3867 15145 E oneway spamming:   #11 pc 00000000020c8628  /memfd:jit-cache (deleted) (offset 0x2000000) (dgbf.fw+104)
09-07 19:57:50.926  3867 15145 E oneway spamming:   #12 pc 000000000201d638  /memfd:jit-cache (deleted) (offset 0x2000000) (dgbr.run+1224)
09-07 19:57:50.926  3867 15145 E oneway spamming:   #13 pc 000000000209b568  /memfd:jit-cache (deleted) (offset 0x2000000) (hnyy.run+312)
09-07 19:57:50.926  3867 15145 E oneway spamming:   #14 pc 00000000023fab04  /memfd:jit-cache (deleted) (offset 0x2000000) (bnli.d+484)
09-07 19:57:50.926  3867 15145 E oneway spamming:   #15 pc 000000000248c978  /memfd:jit-cache (deleted) (offset 0x2000000) (bnli.run+4360)
09-07 19:57:50.926  3867 15145 E oneway spamming:   #16 pc 000000000062f2b0  /data/misc/apexdata/com.android.art/dalvik-cache/arm64/boot.oat (java.util.concurrent.ThreadPoolExecutor.runWorker+928)
09-07 19:57:50.926  3867 15145 E oneway spamming:   #17 pc 0000000000634200  /data/misc/apexdata/com.android.art/dalvik-cache/arm64/boot.oat (java.util.concurrent.ThreadPoolExecutor$Worker.run+64)
09-07 19:57:50.926  3867 15145 E oneway spamming:   #18 pc 000000000072b8dc  /apex/com.android.art/lib64/libart.so (nterp_helper+2124) (BuildId: cecb684d19b4f44ee3cbd66142c315f4)
09-07 19:57:50.927  3867 15145 E oneway spamming:   #19 pc 00000000002adf90  /data/app/~~mrVrWc4Zf5iRb4Qh24u70g==/com.google.android.gms-kUB9U8fgyvnW0oaWL4jpOg==/base.apk (offset 0x128b000) (bnri.run+20)
09-07 19:57:50.927  3867 15145 E oneway spamming:   #20 pc 00000000004a2788  /data/misc/apexdata/com.android.art/dalvik-cache/arm64/boot.oat (java.lang.Thread.run+72)
09-07 19:57:50.927  3867 15145 E oneway spamming:   #21 pc 00000000002aaf94  /apex/com.android.art/lib64/libart.so (art_quick_invoke_stub+612) (BuildId: cecb684d19b4f44ee3cbd66142c315f4)
09-07 19:57:50.927  3867 15145 E oneway spamming:   #22 pc 00000000002a9268  /apex/com.android.art/lib64/libart.so (art::ArtMethod::Invoke(art::Thread*, unsigned int*, unsigned int, art::JValue*, char const*)+148) (BuildId: cecb684d19b4f44ee3cbd66142c315f4)
09-07 19:57:50.927  3867 15145 E oneway spamming:   #23 pc 00000000004e1a68  /apex/com.android.art/lib64/libart.so (art::Thread::CreateCallback(void*)+1384) (BuildId: cecb684d19b4f44ee3cbd66142c315f4)
09-07 19:57:50.927  3867 15145 E oneway spamming:   #24 pc 00000000000cecd0  /apex/com.android.runtime/lib64/bionic/libc.so (__pthread_start(void*)+256) (BuildId: 6cf4c89ac6bab286683aa0aac9bd92a0)
09-07 19:57:50.927  3867 15145 E oneway spamming:   #25 pc 00000000000c10e0  /apex/com.android.runtime/lib64/bionic/libc.so (__start_thread+64) (BuildId: 6cf4c89ac6bab286683aa0aac9bd92a0)
09-07 19:57:50.927  3867 15145 W BpBinder: Large outgoing transaction of 439936 bytes, interface descriptor , code 4 was sent
09-07 19:57:51.614 16676 16773 W .apps.safetyhub: Monitor::Inflate: Install failed 0x2142a30
09-07 19:57:51.695 16016 16016 I Finsky  : [2] DL: Data loader session turned off due to Incremental install not requested: com.realshare.app
09-07 19:57:52.101  3867  8724 I NullBinder: NullBinder for android.net.action.RECOMMEND_NETWORKS triggering remote TransactionTooLargeException due to Service without Chimera impl, calling uid: 1000, calling pid: 0
09-07 19:57:52.101  3867  8724 W .gms.persistent: Large reply transaction of 1056768 bytes, interface descriptor , code 1
09-07 19:57:52.120  3867 19117 I NearbyMediums: Wifi changed new SSID: "Mr Balichak"
09-07 19:57:52.120  3867 19117 I NearbyMediums: WifiLanConnectivityInfo is not changed, skip notify.
09-07 19:57:52.607  3867 19117 I NearbySharing: Network state changed: NetworkState(isRestricted=false, isOnline=true, isCongested=false, isMetered=false, isWifiConnected=true)
09-07 19:57:52.607  3867 15145 I NearbySharing: Network state changed: NetworkState(isRestricted=false, isOnline=true, isCongested=false, isMetered=false, isWifiConnected=true)
09-07 19:57:53.481 12456 12496 I native  : I0000 00:00:1788791273.476336   12496 soda_impl.cc:1990] Adding hotword timeout event
09-07 19:57:53.493 12456 12558 W ProxyAndroidLoggerBackend: Too many Flogger logs received before configuration. Dropping old logs.
09-07 19:57:53.493 12456 12558 W ProxyAndroidLoggerBackend: Too many Flogger logs received before configuration. Dropping old logs.
09-07 19:57:53.499 12456 12558 W ProxyAndroidLoggerBackend: Too many Flogger logs received before configuration. Dropping old logs.
09-07 19:57:54.206 16016 16016 I Finsky  : [2] DL: Data loader session turned off due to Incremental install not requested: com.realshare.app
09-07 19:57:54.411 16016 16102 W HWUI    : Image decoding logging dropped!
09-07 19:57:54.425 16016 16102 W HWUI    : Image decoding logging dropped!
09-07 19:57:56.214 16016 16016 I Finsky  : [2] DL: Data loader session turned off due to Incremental install not requested: com.realshare.app
09-07 19:57:58.113  3867 15145 I NearbyMediums: No BLE Fast/GATT advertisements found in the latest cycle.
09-07 19:57:58.113  3867 15145 I NearbyMediums: Current Tracked Scanning Clients are : {NearbyConnections.EnvironmentMonitor, NearbySharing, NearbyConnections.TxAdvertisement}
09-07 19:57:58.829 16016 16016 I Finsky  : [2] DL: Data loader session turned off due to Incremental install not requested: com.realshare.app
09-07 19:57:59.134 16016 16037 I Finsky  : [118] Stats for Executor: LightweightExecutor xuh@85e9c3c[Running, pool size = 4, active threads = 0, queued tasks = 0, completed tasks = 27415]
09-07 19:57:59.134 16016 16037 I Finsky  : [118] Stats for Executor: BlockingExecutor xuh@199e427[Running, pool size = 17, active threads = 0, queued tasks = 0, completed tasks = 772]
09-07 19:57:59.135 16016 16037 I Finsky  : [118] Stats for Executor: bgExecutor xuh@6d4e89c[Running, pool size = 4, active threads = 0, queued tasks = 0, completed tasks = 1483]
09-07 19:57:59.233 16016 16037 I Finsky  : [118] Stats for Executor: GrpcBackgroundExecutor xuh@d968833[Running, pool size = 4, active threads = 0, queued tasks = 0, completed tasks = 51]
09-07 19:58:00.029 16016 16016 I Finsky  : [2] SCH: job service start with id 9921.
09-07 19:58:00.035 16016 18460 I Finsky  : [271] SCH: Satisfied jobs for 9921 are: 12-1
09-07 19:58:00.039 16016 19131 I Finsky  : [283] SCH: Job 12-1 starting
09-07 19:58:00.040 16016 16016 I Finsky  : [2] WM::SCH: Logging work start for 12-1
09-07 19:58:00.041 16016 16016 I Finsky  : [2] [ContentSync] job started
09-07 19:58:00.470 16016 16016 W Finsky  : [2] STU: Failed to get storage stats for package 'com.google.android.uwb' (1601: Error getting stats: android.content.pm.PackageManager.NameNotFoundException)
09-07 19:58:00.527 16016 16016 W Finsky  : [2] STU: Failed to get storage stats for package 'com.google.android.widevine.nonupdatable' (1601: Error getting stats: android.content.pm.PackageManager.NameNotFoundException)
09-07 19:58:00.719 16016 16016 W Finsky  : [2] STU: Failed to get storage stats for package 'com.android.apex.cts.shim' (1601: Error getting stats: android.content.pm.PackageManager.NameNotFoundException)
09-07 19:58:00.786 16016 16016 W Finsky  : [2] STU: Failed to get storage stats for package 'com.google.android.appsearch' (1601: Error getting stats: android.content.pm.PackageManager.NameNotFoundException)
09-07 19:58:00.786 16016 16016 W Finsky  : [2] STU: Failed to get storage stats for package 'com.google.android.art' (1601: Error getting stats: android.content.pm.PackageManager.NameNotFoundException)
09-07 19:58:00.801 16016 16016 W Finsky  : [2] STU: Failed to get storage stats for package 'com.android.bt' (1601: Error getting stats: android.content.pm.PackageManager.NameNotFoundException)
09-07 19:58:00.889 16016 16016 W Finsky  : [2] STU: Failed to get storage stats for package 'com.google.android.mediaprovider' (1601: Error getting stats: android.content.pm.PackageManager.NameNotFoundException)
09-07 19:58:00.955 16016 16016 W Finsky  : [2] STU: Failed to get storage stats for package 'com.android.virt' (1601: Error getting stats: android.content.pm.PackageManager.NameNotFoundException)
09-07 19:58:00.976 16016 16016 W Finsky  : [2] STU: Failed to get storage stats for package 'com.google.android.resolv' (1601: Error getting stats: android.content.pm.PackageManager.NameNotFoundException)
09-07 19:58:00.993 16016 16038 E Finsky  : [119] Unhandled button type.
09-07 19:58:01.018 16016 16016 W Finsky  : [2] STU: Failed to get storage stats for package 'com.google.android.configinfrastructure' (1601: Error getting stats: android.content.pm.PackageManager.NameNotFoundException)
09-07 19:58:01.018 16016 16016 W Finsky  : [2] STU: Failed to get storage stats for package 'com.google.android.media' (1601: Error getting stats: android.content.pm.PackageManager.NameNotFoundException)
09-07 19:58:01.034 16016 16102 W HWUI    : Image decoding logging dropped!
09-07 19:58:01.045 16016 16102 W HWUI    : Image decoding logging dropped!
09-07 19:58:01.056 16016 16016 W Finsky  : [2] STU: Failed to get storage stats for package 'com.android.vndk.v31' (1601: Error getting stats: android.content.pm.PackageManager.NameNotFoundException)
09-07 19:58:01.056 16016 16016 W Finsky  : [2] STU: Failed to get storage stats for package 'com.android.vndk.v33' (1601: Error getting stats: android.content.pm.PackageManager.NameNotFoundException)
09-07 19:58:01.070 16016 16016 W Finsky  : [2] STU: Failed to get storage stats for package 'com.android.vndk.v34' (1601: Error getting stats: android.content.pm.PackageManager.NameNotFoundException)
09-07 19:58:01.106 16016 16016 W Finsky  : [2] STU: Failed to get storage stats for package 'com.android.crashrecovery' (1601: Error getting stats: android.content.pm.PackageManager.NameNotFoundException)
09-07 19:58:01.157 16016 16016 W Finsky  : [2] STU: Failed to get storage stats for package 'com.google.android.sdkext' (1601: Error getting stats: android.content.pm.PackageManager.NameNotFoundException)
09-07 19:58:01.174 16016 16016 W Finsky  : [2] STU: Failed to get storage stats for package 'com.google.android.adservices' (1601: Error getting stats: android.content.pm.PackageManager.NameNotFoundException)
09-07 19:58:01.174 16016 16016 W Finsky  : [2] STU: Failed to get storage stats for package 'com.google.android.tethering' (1601: Error getting stats: android.content.pm.PackageManager.NameNotFoundException)
09-07 19:58:01.239 16016 16095 I cn_CronetUrlRequestContext: destroyNativeStreamLocked android.net.http.internal.org.chromium.net.impl.CronetBidirectionalStream@8803e2e
09-07 19:58:01.242 16016 16016 W Finsky  : [2] STU: Failed to get storage stats for package 'com.android.runtime' (1601: Error getting stats: android.content.pm.PackageManager.NameNotFoundException)
09-07 19:58:01.323 16016 16016 W Finsky  : [2] STU: Failed to get storage stats for package 'com.google.android.cellbroadcast' (1601: Error getting stats: android.content.pm.PackageManager.NameNotFoundException)
09-07 19:58:01.386 16016 16016 W Finsky  : [2] STU: Failed to get storage stats for package 'com.google.android.rkpd' (1601: Error getting stats: android.content.pm.PackageManager.NameNotFoundException)
09-07 19:58:01.536 16016 16016 W Finsky  : [2] STU: Failed to get storage stats for package 'com.android.compos' (1601: Error getting stats: android.content.pm.PackageManager.NameNotFoundException)
09-07 19:58:01.564 16016 16016 W Finsky  : [2] STU: Failed to get storage stats for package 'com.google.android.tzdata6' (1601: Error getting stats: android.content.pm.PackageManager.NameNotFoundException)
09-07 19:58:01.602 16016 16016 W Finsky  : [2] STU: Failed to get storage stats for package 'com.google.android.permission' (1601: Error getting stats: android.content.pm.PackageManager.NameNotFoundException)
09-07 19:58:01.629 16016 16016 W Finsky  : [2] STU: Failed to get storage stats for package 'com.google.android.wifi' (1601: Error getting stats: android.content.pm.PackageManager.NameNotFoundException)
09-07 19:58:01.713 16016 16216 I android.vending: Explicit concurrent copying GC freed 22MB AllocSpace bytes, 4(84KB) LOS objects, 38% free, 37MB/61MB, paused 524us,169us total 690.256ms
09-07 19:58:01.713 16016 16022 I android.vending: WaitForGcToComplete blocked Background on Explicit for 531.378ms
09-07 19:58:02.350 16016 16016 I Finsky  : [2] DL: Data loader session turned off due to Incremental install not requested: com.realshare.app
09-07 19:58:02.374 16016 16016 I Finsky  : [2] DL: Data loader session turned off due to Incremental install not requested: com.realshare.app
09-07 19:58:02.374 16016 16016 I Finsky  : [2] DL: Data loader session turned off due to Incremental install not requested: com.realshare.app
09-07 19:58:02.433 16016 16016 W Finsky  : [2] STU: Failed to get storage stats for package 'com.google.android.media.swcodec' (1601: Error getting stats: android.content.pm.PackageManager.NameNotFoundException)
09-07 19:58:02.436 16016 16016 W Finsky  : [2] STU: Failed to get storage stats for package 'com.android.uprobestats' (1601: Error getting stats: android.content.pm.PackageManager.NameNotFoundException)
09-07 19:58:02.447 16016 16016 W Finsky  : [2] STU: Failed to get storage stats for package 'com.android.profiling' (1601: Error getting stats: android.content.pm.PackageManager.NameNotFoundException)
09-07 19:58:02.707 16016 16016 W Finsky  : [2] STU: Failed to get storage stats for package 'com.google.android.adbd' (1601: Error getting stats: android.content.pm.PackageManager.NameNotFoundException)
09-07 19:58:02.735 16016 16016 W Finsky  : [2] STU: Failed to get storage stats for package 'com.android.i18n' (1601: Error getting stats: android.content.pm.PackageManager.NameNotFoundException)
09-07 19:58:02.750 16016 16016 W Finsky  : [2] STU: Failed to get storage stats for package 'com.google.android.conscrypt' (1601: Error getting stats: android.content.pm.PackageManager.NameNotFoundException)
09-07 19:58:02.813 16016 16016 W Finsky  : [2] STU: Failed to get storage stats for package 'com.google.android.neuralnetworks' (1601: Error getting stats: android.content.pm.PackageManager.NameNotFoundException)
09-07 19:58:02.830  3867 18798 I NetworkScheduler.Stats: (REDACTED) Task %s/%s finished executing. cause:%s result: %s elapsed_millis: %s uptime_millis: %s exec_start_elapsed_seconds: %s
09-07 19:58:02.842 16016 16016 W Finsky  : [2] STU: Failed to get storage stats for package 'com.google.android.ipsec' (1601: Error getting stats: android.content.pm.PackageManager.NameNotFoundException)
09-07 19:58:02.854 16016 16016 W Finsky  : [2] STU: Failed to get storage stats for package 'com.android.devicelock' (1601: Error getting stats: android.content.pm.PackageManager.NameNotFoundException)
09-07 19:58:02.885 16016 16016 W Finsky  : [2] STU: Failed to get storage stats for package 'com.google.android.ondevicepersonalization' (1601: Error getting stats: android.content.pm.PackageManager.NameNotFoundException)
09-07 19:58:02.916 16016 16016 W Finsky  : [2] STU: Failed to get storage stats for package 'com.google.android.healthfitness' (1601: Error getting stats: android.content.pm.PackageManager.NameNotFoundException)
09-07 19:58:02.959 16016 16016 W Finsky  : [2] STU: Failed to get storage stats for package 'com.google.android.extservices' (1601: Error getting stats: android.content.pm.PackageManager.NameNotFoundException)
09-07 19:58:03.011 16016 16016 W Finsky  : [2] STU: Failed to get storage stats for package 'com.google.android.os.statsd' (1601: Error getting stats: android.content.pm.PackageManager.NameNotFoundException)
09-07 19:58:03.038 16016 16016 W Finsky  : [2] STU: Failed to get storage stats for package 'com.google.android.scheduling' (1601: Error getting stats: android.content.pm.PackageManager.NameNotFoundException)
09-07 19:58:03.080 16016 16016 I Finsky  : [2] App states replicator found 44 unowned apps
09-07 19:58:03.098 16016 16052 I Finsky  : [133] Completed 0 account content syncs with 0 successful.
09-07 19:58:03.099 16016 16016 I Finsky  : [2] [ContentSync] Installation state replication succeeded.
09-07 19:58:03.100 16016 16016 I Finsky  : [2] SCH: jobFinished: 12-1. TimeElapsed: 3061ms.
09-07 19:58:03.100 16016 16016 I Finsky  : [2] WM::SCH: Logging work end for 12-1
09-07 19:58:03.106 16016 16051 I Finsky  : [132] SCH: Scheduling phonesky job Id: 1-1337, CT: 1788772995174, Constraints: [{ L: 40947917, D: 84147917, C: CHARGING_NONE, I: IDLE_NONE, N: NET_ANY, B: BATTERY_ANY }]
09-07 19:58:03.111 16016 16055 I Finsky  : [136] SCH: Scheduling 1 system job(s)
09-07 19:58:03.112 16016 16055 I Finsky  : [136] SCH: Scheduling system job Id: 9937, L: 22659980, D: 65859980, C: false, I: false, N: 1
09-07 19:58:03.118 16016 19131 I Finsky  : [283] SCH: job service finished with id 9921.
09-07 19:58:04.340 16016 16016 W Finsky  : [2] No LoggingContext in the bundle, which breaks event chain!. Creating a new logging context.
09-07 19:58:04.343 16016 16041 I Finsky  : [122] RECEIVER_NOTIFICATION#logWorkEndAndFinishGoAsync: SUCCESS
09-07 19:58:04.548 16016 16016 I Finsky  : [2] DL: Data loader session turned off due to Incremental install not requested: com.realshare.app
09-07 19:58:04.700 16016 16016 W AccessibilityDelegate: Drawing order is not available, was AccessibilityNodeInfo requested for a child node before its parent?
09-07 19:58:04.931 16016 16016 I Finsky  : [2] VerifyApps: Install-time verification requested for package com.realshare.app, PackageManager id = 4, Verifier id = a2b09445-d2c9-4e7a-9278-6e749b802a0a
09-07 19:58:04.932 16016 16016 I Finsky  : [2] playLoggingServerUrl: https://play.googleapis.com/play/log
09-07 19:58:04.932 16016 16016 I Finsky  : [2] playLoggingServerTimestampUrl: https://play.googleapis.com/play/log/timestamp
09-07 19:58:04.944 16016 16038 I Finsky  : [119] RECEIVER_PACKAGE_VERIFICATION#logWorkEndAndFinishGoAsync: SUCCESS
09-07 19:58:04.972 16016 16145 I Finsky  : [188] VerifyApps: Anti-malware verification task started for package=com.realshare.app
09-07 19:58:04.973 16016 16145 I Finsky  : [188] VerifyApps: Skipping verification. Finsky installation
09-07 19:58:04.973 16016 16145 I Finsky  : [188] VerifyApps: Skipping anti malware verification (preconditions not met). package=com.realshare.app
09-07 19:58:04.977 16016 16145 I Finsky  : [188] VerifyApps AdvancedProtection: Verify AP install started
09-07 19:58:04.977 16016 16145 I Finsky  : [188] VerifyApps AdvancedProtection: Allowing install because there are no Advanced Protection users
09-07 19:58:04.985 16016 16016 I Finsky  : [2] VerifyApps AdvancedProtection: Reported Advanced Protection verification result: ALLOW
09-07 19:58:04.986 16016 16145 I Finsky  : [188] Skipping logging for attempted installation. This is a Play Store installation.
09-07 19:58:04.989 16016 16145 I Finsky  : [188] VerifyApps: Returning package verification result id=4, result=ALLOW
09-07 19:58:04.995 16016 16016 I Finsky  : [2] VerifyApps: Install-time verification complete: id=4, package_name=com.realshare.app
09-07 19:58:05.091 12456 12496 I native  : I0000 00:00:1788791285.089998   12496 soda_async_impl.cc:1420] Current audio timestamp: 1788791284952829
09-07 19:58:05.159 18588 18588 I ComposerWrapperImpl: Deleting composer, current voice = en-in-x-enc-seanet-embedded
09-07 19:58:05.209 12456 12545 W ProxyAndroidLoggerBackend: Too many Flogger logs received before configuration. Dropping old logs.
09-07 19:58:05.256 18588 18588 I ComposerWrapperImpl: Deleting composer, current voice = en-us-x-iog-seanet-embedded
09-07 19:58:05.303 14328 18648 I AndroidBackupEventsLogg: (REDACTED) null shouldSample, evaluating sampling value. Event %s
09-07 19:58:05.317 14328 14358 I AndroidBackupEventsLogg: Evaluating whether required time has passed for sampling [CONTEXT service_id=229 ]
09-07 19:58:05.318 14328 14358 I AndroidBackupEventsLogg: (REDACTED) Setting shouldSample to true. Event %s
09-07 19:58:05.321 14328 14358 I AndroidBackupEventsLogg: (REDACTED) Logging with sampling event %s
09-07 19:58:05.341 19148 19148 E oid.setupwizard: BBinder_init Processname  com.google.android.setupwizard  
09-07 19:58:05.341 19148 19148 E oid.setupwizard: BBinder_init hasGetProcessName  com.google.android.setupwizard
09-07 19:58:05.408 19148 19148 I oid.setupwizard: AssetManager2(0xb400007395e23f38) locale list changing from [] to [en-IN]
09-07 19:58:05.454 19148 19148 I oid.setupwizard: AssetManager2(0xb400007395e24258) locale list changing from [] to [en-IN]
09-07 19:58:05.489 19148 19148 I SetupWizard: [gmp] Start loading FRP status
09-07 19:58:05.491 19148 19148 I SetupWizard: [gmp] frpStatus=supported=true challengeRequired=false duration=1ms
09-07 19:58:05.511 19148 19159 W SetupWizard: [PartnerCustomizationProvider] Invalidate method called. method=getSuwSessionId, lifecycle=null, callingPackage=com.google.android.gms
09-07 19:58:05.512 14328 16619 I AndroidBackupEventsLogg: (REDACTED) Logging with sampling event %s
09-07 19:58:05.522 14328 16619 I Backup  : [GmsBackupTransport] New restore session, 2 apps
09-07 19:58:05.547 14328 16619 I Backup  : [DenylistedInfoRequestProcessor] Attaching GetAppKeyDenylistInfo request to restore request.
09-07 19:58:05.624 14328 16619 E jumw    : *~*~*~ Previous channel {0} was garbage collected without being shut down! ~*~*~*
09-07 19:58:05.624 14328 16619 E jumw    :     Make sure to call shutdown()/shutdownNow()
09-07 19:58:05.624 14328 16619 E jumw    : java.lang.RuntimeException: ManagedChannel allocation site
09-07 19:58:05.624 14328 16619 E jumw    : 	at jumv.<init>(:com.google.android.gms@263234035@26.32.34 (260400-968093310):21)
09-07 19:58:05.624 14328 16619 E jumw    : 	at jumw.<init>(:com.google.android.gms@263234035@26.32.34 (260400-968093310):10)
09-07 19:58:05.624 14328 16619 E jumw    : 	at jumu.a(:com.google.android.gms@263234035@26.32.34 (260400-968093310):300)
09-07 19:58:05.624 14328 16619 E jumw    : 	at jtul.a(:com.google.android.gms@263234035@26.32.34 (260400-968093310):5)
09-07 19:58:05.624 14328 16619 E jumw    : 	at dixu.f(:com.google.android.gms@263234035@26.32.34 (260400-968093310):144)
09-07 19:58:05.624 14328 16619 E jumw    : 	at iarc.a(:com.google.android.gms@263234035@26.32.34 (260400-968093310):177)
09-07 19:58:05.624 14328 16619 E jumw    : 	at hnyt.a(:com.google.android.gms@263234035@26.32.34 (260400-968093310):17)
09-07 19:58:05.624 14328 16619 E jumw    : 	at hwyb.a(:com.google.android.gms@263234035@26.32.34 (260400-968093310):3)
09-07 19:58:05.624 14328 16619 E jumw    : 	at hwxc.run(:com.google.android.gms@263234035@26.32.34 (260400-968093310):19)
09-07 19:58:05.624 14328 16619 E jumw    : 	at hwyd.run(:com.google.android.gms@263234035@26.32.34 (260400-968093310):5)
09-07 19:58:05.624 14328 16619 E jumw    : 	at bnli.d(:com.google.android.gms@263234035@26.32.34 (260400-968093310):50)
09-07 19:58:05.624 14328 16619 E jumw    : 	at bnli.c(:com.google.android.gms@263234035@26.32.34 (260400-968093310):6)
09-07 19:58:05.624 14328 16619 E jumw    : 	at bnli.run(:com.google.android.gms@263234035@26.32.34 (260400-968093310):33)
09-07 19:58:05.624 14328 16619 E jumw    : 	at java.util.concurrent.ThreadPoolExecutor.runWorker(ThreadPoolExecutor.java:1100)
09-07 19:58:05.624 14328 16619 E jumw    : 	at java.util.concurrent.ThreadPoolExecutor$Worker.run(ThreadPoolExecutor.java:624)
09-07 19:58:05.624 14328 16619 E jumw    : 	at bnri.run(:com.google.android.gms@263234035@26.32.34 (260400-968093310):8)
09-07 19:58:05.624 14328 16619 E jumw    : 	at java.lang.Thread.run(Thread.java:1572)
09-07 19:58:06.079 14328 15016 I cn_CronetUrlRequestContext: destroyNativeStreamLocked org.chromium.net.impl.CronetBidirectionalStream@b06a42a
09-07 19:58:06.093 14328 16619 I Backup  : [RestoreRequestProcessor] Skipping app with no doc url or kv pairs: @pm@
09-07 19:58:06.093 14328 16619 I Backup  : [RestoreRequestProcessor] Skipping app with no doc url or kv pairs: com.realshare.app
09-07 19:58:06.097 14328 16619 I AndroidBackupEventsLogg: (REDACTED) Logging with sampling event %s
09-07 19:58:06.098 14328 16619 I AndroidBackupEventsLogg: (REDACTED) Logging with sampling event %s
09-07 19:58:06.099 14328 15169 I AndroidBackupEventsLogg: (REDACTED) Logging with sampling event %s
09-07 19:58:06.099 14328 15169 I Backup  : [GmsBackupTransport] restore finished
09-07 19:58:06.099 14328 15169 I AndroidBackupEventsLogg: (REDACTED) Logging with sampling event %s
09-07 19:58:06.099  1949  8132 I BackupManagerService: Restore complete.
09-07 19:58:06.100 14328 15169 I AndroidBackupEventsLogg: (REDACTED) Logging with sampling event %s
09-07 19:58:06.152 16016 16016 I Finsky  : [2] amgd - Received: android.intent.action.PACKAGE_ADDED, [cNxYHYWpkSbtXxbvsELfvx4JGzC4sIWVIkpoBa8xU40]
09-07 19:58:06.178 16016 16016 I Finsky  : [2] AIM: AppInfoCacheUpdater -> invalidating apps: [com.realshare.app]
09-07 19:58:06.178 16016 16016 I Finsky  : [2] AIM: AppInfoManager-Perf > getApps > called for 1 apps
09-07 19:58:06.181 16016 16051 I Finsky  : [132] AIM: AppInfoManager-Perf > OnDeviceAppInfo > cacheHitCount=0, cacheMissCount=1. Missed  in cache (limit 10) : [com.realshare.app]
09-07 19:58:06.183 16016 16016 I Finsky  : [2] Clearing split related stale data.
09-07 19:58:06.189 16016 18460 I Finsky  : [271] SCH: Received scheduling request: Id: 12-1, Constraints: [{ L: 15000, D: 86400000, C: CHARGING_NONE, I: IDLE_NONE, N: NET_ANY, B: BATTERY_ANY }]
09-07 19:58:06.198 16016 16016 I Finsky  : [2] Do not start WearSupportService due to Wear service optimization
09-07 19:58:06.201 16016 16016 I Finsky  : [2] DTU: Received onPackageAdded, replacing: false
09-07 19:58:06.213 16016 16052 I Finsky  : [133] AIM: Got app ownership map. App counts: 1. Unique apps: 1
09-07 19:58:06.231 16016 16050 I Finsky  : [131] AIM: AppInfoManager-Perf > OnDeviceAppInfo > cacheHitCount=0, cacheMissCount=1. Missed  in cache (limit 10) : [com.realshare.app]
09-07 19:58:06.232 16016 16050 I Finsky  : [131] AIM: Got app ownership map. App counts: 1. Unique apps: 1
09-07 19:58:06.241 16016 16050 E Finsky  : [131] [Counters] attempted to use a non-positive increment for: 4753
09-07 19:58:06.243 16016 16055 E Finsky  : [136] [Counters] attempted to use a non-positive increment for: 4753
09-07 19:58:06.259 16016 16038 I Finsky  : [119] SCH: Received scheduling request: Id: 37-205, Constraints: [{ L: 0, D: 0, C: CHARGING_NONE, I: IDLE_NONE, N: NET_NONE, B: BATTERY_ANY }]
09-07 19:58:06.292 12910 19186 I PermissionControllerServiceImpl: Updating user sensitive for uid 10254
09-07 19:58:06.321  8145 18057 I ewrk    : (REDACTED) HDM. appOpsListener %s %s
09-07 19:58:06.323 16016 16055 I Finsky  : [136] AIM: AppInfoManager-Perf > ItemModel > CacheSize=123, cacheHitCount=1, cacheMissCount=0, total appsWithNoServerDataCount=2. Missed  in cache (limit 10) : []
09-07 19:58:06.355 16016 16052 I Finsky  : [133] AIM: AppInfoManager-Perf > ItemModel > CacheSize=123, cacheHitCount=0, cacheMissCount=1, total appsWithNoServerDataCount=2. Missed  in cache (limit 10) : [com.realshare.app]
09-07 19:58:06.360 16016 16052 I Finsky  : [133] AIM: AppInfoManager-Perf > ItemModel > ItemStore Called 1 apps cacheOptions = REFRESH_LOCAL_CACHE
09-07 19:58:06.361 16016 16052 I Finsky  : [133] AIM: ItemModel fetch - unauth(0), auth([-0EO7GmXd_Oz7NA3tqW6Jh7Bz_bLx95qZqhtrfGD3H8]->1)
09-07 19:58:06.392 16016 16022 I android.vending: Background young concurrent copying GC freed 25MB AllocSpace bytes, 11(288KB) LOS objects, 32% free, 41MB/61MB, paused 2.104ms,216us total 195.970ms
09-07 19:58:06.405 16016 16052 E Finsky  : [133] [Counters] attempted to use a non-positive increment for: 4751
09-07 19:58:06.406  8145 18057 I ewrk    : (REDACTED) HDM. Ignoring irrelevant audio permission changes for package %s
09-07 19:58:06.418 16016 16052 I Finsky  : [133] AIM: AppInfoManager-Perf > getApps > data collection finished
09-07 19:58:06.419 16016 16052 I Finsky  : [133] AIM: AppInfoManager-Perf > maybeDestroyAppInfoManager is called. actives = 1
09-07 19:58:06.442 16016 16047 I Finsky  : [127] WM::SCH: Logging work initialize for 12-1
09-07 19:58:06.463 16016 16052 I Finsky  : [133] SCH: Scheduling phonesky job Id: 12-1, CT: 1788791286189, Constraints: [{ L: 15000, D: 86400000, C: CHARGING_NONE, I: IDLE_NONE, N: NET_ANY, B: BATTERY_ANY }]
09-07 19:58:06.469 16016 16052 I Finsky  : [133] SCH: Scheduling 1 system job(s)
09-07 19:58:06.469 16016 16052 I Finsky  : [133] SCH: Scheduling system job Id: 9937, L: 14720, D: 65856622, C: false, I: false, N: 1
09-07 19:58:06.470 12910 12910 I SafetyLabelChangedBroadcastReceiver: received broadcast packageName: com.realshare.app, current user: UserHandle{0}, packageChangeEvent: NEW_INSTALL, intent user: UserHandle{0}
09-07 19:58:06.494 16016 16055 I android.vending: AssetManager2(0xb400007395e9d0b8) locale list changing from [] to [en-IN]
09-07 19:58:06.506 16016 16044 I Finsky  : [125] [ContentSync] finished, scheduled=true
09-07 19:58:06.569 16016 16044 I Finsky  : [125] WM::SCH: Logging work initialize for 37-205
09-07 19:58:06.595 16016 16052 I Finsky  : [133] SCH: Scheduling phonesky job Id: 37-205, CT: 1788791286259, Constraints: [{ L: 0, D: 0, C: CHARGING_NONE, I: IDLE_NONE, N: NET_NONE, B: BATTERY_ANY }, { L: 0, D: 0, C: CHARGING_NONE, I: IDLE_NONE, N: NET_NONE, B: BATTERY_ANY }]
09-07 19:58:06.596 16016 16016 W AccessibilityDelegate: Drawing order is not available, was AccessibilityNodeInfo requested for a child node before its parent?
09-07 19:58:06.596 16016 16016 W AccessibilityDelegate: Drawing order is not available, was AccessibilityNodeInfo requested for a child node before its parent?
09-07 19:58:06.597 16016 16016 W AccessibilityDelegate: Drawing order is not available, was AccessibilityNodeInfo requested for a child node before its parent?
09-07 19:58:06.608 16016 16050 I Finsky  : [131] SCH: Scheduling 1 system job(s)
09-07 19:58:06.612 16016 16050 I Finsky  : [131] SCH: Scheduling expedited system job 9936
09-07 19:58:06.670 16016 16055 I android.vending: AssetManager2(0xb400007395ea5a38) locale list changing from [] to [en-IN]
09-07 19:58:06.682  3867  9218 W Settings: Setting airplane_mode_on has moved from android.provider.Settings.System to android.provider.Settings.Global, returning read-only value.
09-07 19:58:06.714 16016 16016 I Finsky  : [2] amgd - Received: android.intent.action.PACKAGE_CHANGED, [cNxYHYWpkSbtXxbvsELfvx4JGzC4sIWVIkpoBa8xU40]
09-07 19:58:06.718 16016 16016 I Finsky  : [2] AIM: AppInfoCacheUpdater -> invalidating apps: [com.realshare.app]
09-07 19:58:06.718 16016 16016 I Finsky  : [2] AIM: AppInfoManager-Perf > getApps > called for 1 apps
09-07 19:58:06.720 16016 16052 I Finsky  : [133] AIM: AppInfoManager-Perf > OnDeviceAppInfo > cacheHitCount=0, cacheMissCount=1. Missed  in cache (limit 10) : [com.realshare.app]
09-07 19:58:06.721 16016 16051 I Finsky  : [132] AIM: Got app ownership map. App counts: 1. Unique apps: 1
09-07 19:58:06.722 16016 16051 I Finsky  : [132] AIM: AppInfoManager-Perf > OnDeviceAppInfo > cacheHitCount=1, cacheMissCount=0. Missed  in cache (limit 10) : []
09-07 19:58:06.722 16016 16051 E Finsky  : [132] [Counters] attempted to use a non-positive increment for: 4753
09-07 19:58:06.723 16016 16051 I Finsky  : [132] AIM: Got app ownership map. App counts: . Unique apps: 0
09-07 19:58:06.723 16016 16016 I Finsky  : [2] SCH: job service start with id 9936.
09-07 19:58:06.723 16016 16051 E Finsky  : [132] [Counters] attempted to use a non-positive increment for: 4752
09-07 19:58:06.723 16016 16051 E Finsky  : [132] [Counters] attempted to use a non-positive increment for: 4753
09-07 19:58:06.724 16016 16041 I Finsky  : [122] RECEIVER_PACKAGE_MONITOR#logWorkEndAndFinishGoAsync: SUCCESS
09-07 19:58:06.734 16016 18460 I Finsky  : [271] SCH: Satisfied jobs for 9936 are: 37-205
09-07 19:58:06.734 16016 19131 I Finsky  : [283] SCH: Job 37-205 starting
09-07 19:58:06.738 14328 19199 W ProviderHelper: Unknown dynamite feature providerinstaller.dynamite
09-07 19:58:06.738 14328 19199 I DynamiteModule: Considering local module com.google.android.gms.providerinstaller.dynamite:1 and remote module com.google.android.gms.providerinstaller.dynamite:0
09-07 19:58:06.738 14328 19199 I DynamiteModule: Selected local version of com.google.android.gms.providerinstaller.dynamite
09-07 19:58:06.847  3867 19226 I ProximityAuth: [RecentAppsMediator] Package added: (user=UserHandle{0}) com.realshare.app
09-07 19:58:06.851  3867 19226 I .gms.persistent: AssetManager2(0xb400007395e80878) locale list changing from [] to [en-IN]
09-07 19:58:06.894  3867 19249 W GCM     : Unexpected forwarded intent: Intent { act=android.intent.action.PACKAGE_ADDED dat=package: flg=0x4000010 pkg=com.google.android.gms cmp=com.google.android.gms/.chimera.PersistentIntentOperationService (has extras) }
09-07 19:58:06.907  3867 19248 W NetworkScheduler: Unexpected forwarded intent: Intent { act=android.intent.action.PACKAGE_ADDED dat=package: flg=0x4000010 pkg=com.google.android.gms cmp=com.google.android.gms/.chimera.PersistentIntentOperationService (has extras) }
09-07 19:58:07.041 16016 16055 W ratelimit: Single process limit 50/s drop 19 lines.
09-07 19:58:07.041 16016 16055 I android.vending: AssetManager2(0xb400007395ebc4b8) locale list changing from [] to [en-IN]
09-07 19:58:07.103 16016 16055 I android.vending: AssetManager2(0xb400007395eb4df8) locale list changing from [] to [en-IN]
09-07 19:58:07.128  3867 16212 W SystemServiceRegistry: No service published for: wifirtt
09-07 19:58:07.133 16016 16055 I android.vending: AssetManager2(0xb400007395eb79b8) locale list changing from [] to [en-IN]
09-07 19:58:07.181 16016 16055 I android.vending: AssetManager2(0xb400007395e9d6f8) locale list changing from [] to [en-IN]
09-07 19:58:07.218 16016 16055 I android.vending: AssetManager2(0xb400007395eb15b8) locale list changing from [] to [en-IN]
09-07 19:58:07.251  3867 19223 I Fitness : (REDACTED) OnPackageChangedOperation got intent: %s
09-07 19:58:07.273 16016 16055 I android.vending: AssetManager2(0xb400007395ea2e78) locale list changing from [] to [en-IN]
09-07 19:58:07.280  3867 19267 I Fitness : (REDACTED) FitCleanupIntentOperation received Intent %s
09-07 19:58:07.286 12910 19186 I PermissionControllerServiceImpl: Updating user sensitive for uid 10254
09-07 19:58:07.297 16016 16055 I android.vending: AssetManager2(0xb400007395eba578) locale list changing from [] to [en-IN]
09-07 19:58:07.313  3867 19226 W HWUI    : Image decoding logging dropped!
09-07 19:58:07.360 14328 19199 I gle.android.gms: AssetManager2(0xb400007395e3ded8) locale list changing from [] to [en-IN]
09-07 19:58:07.364 16016 16055 I android.vending: AssetManager2(0xb400007395eb8958) locale list changing from [] to [en-IN]
09-07 19:58:07.369 14328 19199 I gle.android.gms: AssetManager2(0xb400007395e3b958) locale list changing from [] to [en-IN]
09-07 19:58:07.421  3867 19248 I Fitness : (REDACTED) OnPackageChangedOperation got intent: %s
09-07 19:58:07.448 14328 19199 I GmsModuleInitializer: Using ContainerGservicesDelegate
09-07 19:58:07.458  3867 19226 I Fitness : (REDACTED) FitCleanupIntentOperation received Intent %s
09-07 19:58:07.461 16016 16055 I android.vending: AssetManager2(0xb400007395eac158) locale list changing from [] to [en-IN]
09-07 19:58:07.573 16016 16016 W HWUI    : Image decoding logging dropped!
09-07 19:58:07.599 14328 19199 W m58.fbs : Primes.initialize() should only be called from the main thread.
09-07 19:58:07.600 14328 19199 W m58.fbs : Primes init triggered from background in package: com.google.android.gms
09-07 19:58:07.637 16016 16055 I android.vending: AssetManager2(0xb400007395eb18d8) locale list changing from [] to [en-IN]
09-07 19:58:07.671 16016 16016 I Finsky  : [2] DL: Data loader session turned off due to Incremental install not requested: com.realshare.app
09-07 19:58:07.672 16016 18460 I Finsky  : [271] SCH: Received scheduling request: Id: 62-1031, Constraints: [{ L: 20000, D: 86400000, C: CHARGING_NONE, I: IDLE_NONE, N: NET_ANY, B: BATTERY_ANY }]
09-07 19:58:07.676 16016 16109 W HWUI    : Image decoding logging dropped!
09-07 19:58:07.686 16016 16108 I PlayCommon: [160] Preparing logs for uploading
09-07 19:58:07.687 14328 19240 I Auth    : (REDACTED) [SupervisedAccountIntentOperation] onHandleIntent: %s
09-07 19:58:07.688 16016 16106 W HWUI    : Image decoding logging dropped!
09-07 19:58:07.694 16016 16108 I PlayCommon: [160] Connecting to server: https://play.googleapis.com/play/log?format=raw&proto_v2=true
09-07 19:58:07.729 16016 16016 E Finsky  : [2] ComposeVisualElement Error: veType=1881, CVE is already removed from parent
09-07 19:58:07.730 16016 16016 E Finsky  : [2] ComposeVisualElement Error: veType=1863, CVE is already removed from parent
09-07 19:58:07.730 16016 16016 E Finsky  : [2] ComposeVisualElement Error: veType=1874, CVE is already removed from parent
09-07 19:58:07.731 16016 16016 E Finsky  : [2] ComposeVisualElement Error: veType=1906, CVE is already removed from parent
09-07 19:58:07.775 14328 19238 I Dck     : (REDACTED) disableDckSupport: %s
09-07 19:58:07.809 14328 19238 E Dck     : Could not get ProviderInfo when resolving the content provider authority. [CONTEXT service_id=289 ]
09-07 19:58:07.809 14328 19238 I Dck     : Samsung Content Provider failed app verification [CONTEXT service_id=289 ]
09-07 19:58:07.809 14328 19238 I Dck     : [WirelessCapabilitiesFeatures] wccSysProp: 0 [CONTEXT service_id=289 ]
09-07 19:58:07.810 14328 19238 I Dck     : [WirelessCapabilitiesFeatures] wccOverride: not set [CONTEXT service_id=289 ]
09-07 19:58:07.835 14328 19240 W AppInstallOperation: FDL Migration::InstallIntentOperation by FDL Module [CONTEXT service_id=77 ]
09-07 19:58:07.840 14328 19237 I FraudProtectUtils: Not in testing population, skipping local test bank apps. [CONTEXT service_id=469 ]
09-07 19:58:07.841 14328 19237 I FraudProtectUtils: (REDACTED) Latest bank app list size: %d, %s isBankApp: false
09-07 19:58:07.842 14328 19237 I PackageInstallIntentOp: (REDACTED) Package %s is not a bank app. Skipping updates.
09-07 19:58:07.843 16016 16044 I Finsky  : [125] WM::SCH: Logging work initialize for 62-1031
09-07 19:58:07.844 14328 19238 I Dck     : (REDACTED) [WirelessCapabilitiesFeatures] returned wcc: %s
09-07 19:58:07.844 14328 19238 I Dck     : Dck module condition - hasWccSupport: false [CONTEXT service_id=289 ]
09-07 19:58:07.844 14328 19238 I Dck     : Dck module condition - downloadAllowed: false [CONTEXT service_id=289 ]
09-07 19:58:07.844 14328 19238 I Dck     : Dck module not eligible for asynchronous downloading [CONTEXT service_id=289 ]
09-07 19:58:07.873 16016 16050 I Finsky  : [131] SCH: Scheduling phonesky job Id: 62-1031, CT: 1788791287672, Constraints: [{ L: 20000, D: 86400000, C: CHARGING_NONE, I: IDLE_NONE, N: NET_ANY, B: BATTERY_ANY }]
09-07 19:58:07.880 16016 16051 I Finsky  : [132] SCH: Scheduling 0 system job(s)
09-07 19:58:07.881 16016 16051 I Finsky  : [132] OAR: Open app reminder sync job scheduled=true
09-07 19:58:07.910 16016 16108 I PlayCommon: [160] Successfully uploaded logs.
09-07 19:58:07.936 16016 16055 I android.vending: AssetManager2(0xb400007395eb15b8) locale list changing from [] to [en-IN]
09-07 19:58:08.033 14328 19244 I NearbyDiscovery: (REDACTED) processGrantSlicePermission: %s
09-07 19:58:08.061 16016 16055 I android.vending: AssetManager2(0xb400007395ea6cf8) locale list changing from [] to [en-IN]
09-07 19:58:08.132 16016 16055 I android.vending: AssetManager2(0xb400007395eba578) locale list changing from [] to [en-IN]
09-07 19:58:08.135  3867 19296 I NearbyMediums: No BLE Fast/GATT advertisements found in the latest cycle.
09-07 19:58:08.137  3867 19296 I NearbyMediums: Current Tracked Scanning Clients are : {NearbyConnections.EnvironmentMonitor, NearbySharing, NearbyConnections.TxAdvertisement}
09-07 19:58:08.167 14328 14332 I gle.android.gms: Background young concurrent copying GC freed 3122KB AllocSpace bytes, 42(1944KB) LOS objects, 17% free, 16MB/20MB, paused 220us,3.907ms total 623.708ms
09-07 19:58:08.194 16016 16055 I android.vending: AssetManager2(0xb400007395eaf358) locale list changing from [] to [en-IN]
09-07 19:58:08.267 14328 18648 I GmscoreIpa: (REDACTED) Using %s flags by method %d
09-07 19:58:08.270 14328 19290 D SQLiteQueryBuilder: SELECT external_game_id FROM game_instances JOIN games ON instance_game_id=games._id WHERE (package_name=?)
09-07 19:58:08.309 16016 16055 I android.vending: AssetManager2(0xb400007395ebbe78) locale list changing from [] to [en-IN]
09-07 19:58:08.315 14328 19238 I GmsDebugLogger: [101] +photopicker_activity:0
09-07 19:58:08.331 14328 19290 D SQLiteQueryBuilder: SELECT external_game_id FROM game_instances JOIN games ON instance_game_id=games._id WHERE (package_name=?)
09-07 19:58:08.346 14328 19290 D SQLiteQueryBuilder: SELECT external_game_id FROM game_instances JOIN games ON instance_game_id=games._id WHERE (package_name=?)
09-07 19:58:08.392 16016 16038 E Finsky  : [119] Unhandled CTA button type: BUTTON_WITH_LINK
09-07 19:58:08.409 14328 19290 D SQLiteQueryBuilder: SELECT external_game_id FROM game_instances JOIN games ON instance_game_id=games._id WHERE (package_name=?)
09-07 19:58:08.410 16016 16038 E Finsky  : [119] Unhandled button type.
09-07 19:58:08.410 16016 16038 E Finsky  : [119] Unhandled button type.
09-07 19:58:08.433 16016 16119 I PlayCommon: [167] Preparing logs for uploading
09-07 19:58:08.441 14328 19290 D SQLiteQueryBuilder: SELECT external_game_id FROM game_instances JOIN games ON instance_game_id=games._id WHERE (package_name=?)
09-07 19:58:08.449 14328 19290 D SQLiteQueryBuilder: SELECT external_game_id FROM game_instances JOIN games ON instance_game_id=games._id WHERE (package_name=?)
09-07 19:58:08.451 16016 16119 I PlayCommon: [167] Connecting to server: https://play.googleapis.com/play/log?format=raw&proto_v2=true
09-07 19:58:08.457 16016 16111 W HWUI    : Image decoding logging dropped!
09-07 19:58:08.460 16016 16055 I android.vending: AssetManager2(0xb400007395ebb1f8) locale list changing from [] to [en-IN]
09-07 19:58:08.490 14328 19290 D SQLiteQueryBuilder: SELECT external_game_id FROM game_instances JOIN games ON instance_game_id=games._id WHERE (package_name=?)
09-07 19:58:08.494 14328 19290 D SQLiteQueryBuilder: SELECT external_game_id FROM game_instances JOIN games ON instance_game_id=games._id WHERE (package_name=?)
09-07 19:58:08.498 14328 19290 D SQLiteQueryBuilder: SELECT external_game_id FROM game_instances JOIN games ON instance_game_id=games._id WHERE (package_name=?)
09-07 19:58:08.501 14328 19290 D SQLiteQueryBuilder: SELECT external_game_id FROM game_instances JOIN games ON instance_game_id=games._id WHERE (package_name=?)
09-07 19:58:08.501 19329 19329 E ackageinstaller: BBinder_init Processname  com.google.android.packageinstaller  
09-07 19:58:08.501 19329 19329 E ackageinstaller: BBinder_init hasGetProcessName  com.google.android.packageinstaller
09-07 19:58:08.503 14328 19290 D SQLiteQueryBuilder: SELECT external_game_id FROM game_instances JOIN games ON instance_game_id=games._id WHERE (package_name=?)
09-07 19:58:08.506 14328 19290 D SQLiteQueryBuilder: SELECT external_game_id FROM game_instances JOIN games ON instance_game_id=games._id WHERE (package_name=?)
09-07 19:58:08.525 16016 16109 W HWUI    : Image decoding logging dropped!
09-07 19:58:08.543 16016 16107 W HWUI    : Image decoding logging dropped!
09-07 19:58:08.553 16016 16106 W HWUI    : Image decoding logging dropped!
09-07 19:58:08.556 16016 16055 I android.vending: AssetManager2(0xb400007395ebc4b8) locale list changing from [] to [en-IN]
09-07 19:58:08.557 16016 16111 W HWUI    : Image decoding logging dropped!
09-07 19:58:08.592 16016 16055 I android.vending: AssetManager2(0xb400007395ea7658) locale list changing from [] to [en-IN]
09-07 19:58:08.607 16016 16119 I PlayCommon: [167] Successfully uploaded logs.
09-07 19:58:08.618 19329 19329 I ackageinstaller: AssetManager2(0xb400007395e1f118) locale list changing from [] to [en-IN]
09-07 19:58:08.642 16016 16095 I cn_CronetUrlRequestContext: destroyNativeStreamLocked android.net.http.internal.org.chromium.net.impl.CronetBidirectionalStream@6663460
09-07 19:58:08.667 14328 14332 I gle.android.gms: Background young concurrent copying GC freed 2211KB AllocSpace bytes, 3(56KB) LOS objects, 20% free, 16MB/20MB, paused 126us,4.785ms total 282.511ms
09-07 19:58:08.673 16016 16055 I android.vending: AssetManager2(0xb400007395ebc198) locale list changing from [] to [en-IN]
09-07 19:58:08.715 16016 16095 I cn_CronetUrlRequestContext: destroyNativeStreamLocked android.net.http.internal.org.chromium.net.impl.CronetBidirectionalStream@e9dafbf
09-07 19:58:08.760 16016 16055 I android.vending: AssetManager2(0xb400007395e2b5f8) locale list changing from [] to [en-IN]
09-07 19:58:08.811 16016 16055 I android.vending: AssetManager2(0xb400007395eb5438) locale list changing from [] to [en-IN]
09-07 19:58:08.908 16016 16055 I android.vending: AssetManager2(0xb400007395eaf998) locale list changing from [] to [en-IN]
09-07 19:58:08.919 19402 19402 I .apps.nbu.files: Using generational CollectorTypeCC GC.
09-07 19:58:08.931 19402 19402 E .apps.nbu.files: BBinder_init Processname  com.google.android.apps.nbu.files  
09-07 19:58:08.931 19402 19402 E .apps.nbu.files: BBinder_init hasGetProcessName  com.google.android.apps.nbu.files
09-07 19:58:08.940 16016 16055 I android.vending: AssetManager2(0xb400007395ebe3f8) locale list changing from [] to [en-IN]
09-07 19:58:09.007 16016 16055 I android.vending: AssetManager2(0xb400007395ea0c18) locale list changing from [] to [en-IN]
09-07 19:58:09.053 16016 16055 I android.vending: AssetManager2(0xb400007395eb0938) locale list changing from [] to [en-IN]
09-07 19:58:09.056 19402 19402 W .apps.nbu.files: Failed to find entry 'classes.dex': Entry not found
09-07 19:58:09.065  3867 19117 I .gms.persistent: AssetManager2(0xb400007395e5b9d8) locale list changing from [] to [en-IN]
09-07 19:58:09.066 19402 19402 W .apps.nbu.files: Failed to find entry 'classes.dex': Entry not found
09-07 19:58:09.070 19402 19402 W .apps.nbu.files: Failed to find entry 'classes.dex': Entry not found
09-07 19:58:09.072 16016 16055 I android.vending: AssetManager2(0xb400007395eaa538) locale list changing from [] to [en-IN]
09-07 19:58:09.130  3867 19117 W BpBinder: Large outgoing transaction of 439936 bytes, interface descriptor , code 4 was sent
09-07 19:58:09.131 16016 16055 I android.vending: AssetManager2(0xb400007395eb0f78) locale list changing from [] to [en-IN]
09-07 19:58:09.142 19402 19402 I .apps.nbu.files: AssetManager2(0xb400007395e27138) locale list changing from [] to [en-IN]
09-07 19:58:09.163 16016 16055 I android.vending: AssetManager2(0xb400007395ec2ef8) locale list changing from [] to [en-IN]
09-07 19:58:09.181 14328 18648 I gle.android.gms: AssetManager2(0xb400007395e3a378) locale list changing from [] to [en-IN]
09-07 19:58:09.218 16016 16055 I android.vending: AssetManager2(0xb400007395ec44d8) locale list changing from [] to [en-IN]
09-07 19:58:09.325 16016 16055 I android.vending: AssetManager2(0xb400007395ec5dd8) locale list changing from [] to [en-IN]
09-07 19:58:09.351  8131  8136 I ogle.android.as: Background young concurrent copying GC freed 6788KB AllocSpace bytes, 0(0B) LOS objects, 48% free, 7189KB/13MB, paused 306us,47us total 257.429ms
09-07 19:58:09.360 19402 19402 W ComponentDiscovery: Class com.google.firebase.installations.FirebaseInstallationsKtxRegistrar is not an found.
09-07 19:58:09.370 16016 16055 I android.vending: AssetManager2(0xb400007395e9d6f8) locale list changing from [] to [en-IN]
09-07 19:58:09.418 16016 16055 I android.vending: AssetManager2(0xb400007395ec73b8) locale list changing from [] to [en-IN]
09-07 19:58:09.680 16016 16055 I android.vending: AssetManager2(0xb400007395ec5798) locale list changing from [] to [en-IN]
09-07 19:58:09.709 16016 16016 E Finsky  : [2] ComposeVisualElement Error: veType=1878, CVE is already removed from parent
09-07 19:58:09.709 16016 16016 E Finsky  : [2] ComposeVisualElement Error: veType=1876, CVE is already removed from parent
09-07 19:58:09.759 16016 16055 I android.vending: AssetManager2(0xb400007395e88ed8) locale list changing from [] to [en-IN]
09-07 19:58:09.814 16016 16112 I android.vending: Explicit concurrent copying GC freed 12MB AllocSpace bytes, 3(116KB) LOS objects, 31% free, 51MB/75MB, paused 971us,373us total 1.417s
09-07 19:58:09.814 16016 16022 I android.vending: WaitForGcToComplete blocked Background on Explicit for 483.686ms
09-07 19:58:09.837  3867 19117 I .gms.persistent: AssetManager2(0xb400007395e89518) locale list changing from [] to [en-IN]
09-07 19:58:09.854 19402 19458 I FA      : App measurement initialized, version: 181006
09-07 19:58:09.854 19402 19458 I FA      : To enable debug logging run: adb shell setprop log.tag.FA VERBOSE
09-07 19:58:09.854 19402 19458 I FA      : To enable faster debug mode event logging run:
09-07 19:58:09.854 19402 19458 I FA      :   adb shell setprop debug.firebase.analytics.app com.google.android.apps.nbu.files
09-07 19:58:09.868 16016 16055 I android.vending: AssetManager2(0xb400007395ec60f8) locale list changing from [] to [en-IN]
09-07 19:58:09.933 16016 16055 I android.vending: AssetManager2(0xb400007395ebf078) locale list changing from [] to [en-IN]
09-07 19:58:09.971 16016 16055 I android.vending: AssetManager2(0xb400007395eb8958) locale list changing from [] to [en-IN]
09-07 19:58:09.978 16016 16055 I android.vending: AssetManager2(0xb400007395eb8638) locale list changing from [] to [en-IN]
09-07 19:58:10.038 16016 16055 I android.vending: AssetManager2(0xb400007395ec1c38) locale list changing from [] to [en-IN]
09-07 19:58:10.069 16016 16055 I android.vending: AssetManager2(0xb400007395ec0978) locale list changing from [] to [en-IN]
09-07 19:58:10.120 16016 16055 I android.vending: AssetManager2(0xb400007395ec4b18) locale list changing from [] to [en-IN]
09-07 19:58:10.198 16016 16055 I android.vending: AssetManager2(0xb400007395ec3858) locale list changing from [] to [en-IN]
09-07 19:58:10.198  8131  8893 I AiAiVC  : Centralized allowlist: requested package com.google.android.apps.messaging is in the allowlist
09-07 19:58:10.198  8131  8893 I AiAiVC  : Centralized allowlist: requested package com.google.android.apps.maps is in the allowlist
09-07 19:58:10.199  8131  8893 I AiAiVC  : Centralized allowlist: requested package com.google.android.dialer is in the allowlist
09-07 19:58:10.199  8131  8893 I AiAiVC  : Centralized allowlist: requested package com.whatsapp is in the allowlist
09-07 19:58:10.199  8131  8893 I AiAiVC  : Centralized allowlist: requested package jp.naver.line.android is in the allowlist
09-07 19:58:10.199  8131  8893 I AiAiVC  : Centralized allowlist: requested package org.thoughtcrime.securesms is in the allowlist
09-07 19:58:10.199  8131  8893 I AiAiVC  : Centralized allowlist: requested package com.google.android.apps.miphone.aiai.autofill.testapps.autofillapp is in the allowlist
09-07 19:58:10.199  8131  8893 I AiAiVC  : Centralized allowlist: requested package com.google.android.apps.miphone.aiai.translate.testapps.chatapp is in the allowlist
09-07 19:58:10.199  8131  8893 I AiAiVC  : Centralized allowlist: requested package com.google.android.apps.testing.personalcontextapp is in the allowlist
09-07 19:58:10.199  8131  8893 I AiAiVC  : Centralized allowlist: requested component com.google.android.gm/com.google.android.gm.ConversationListActivityGmail is in the allowlist
09-07 19:58:10.199  8131  8893 I AiAiVC  : Centralized allowlist: requested component com.google.android.gm/com.google.android.gm.ComposeActivityGmail is in the allowlist
09-07 19:58:10.200  8131  8893 I AiAiVC  : Centralized allowlist: requested component com.snapchat.android/com.snapchat.android.LandingPageActivity is in the allowlist
09-07 19:58:10.200  8131  8893 I AiAiVC  : Centralized allowlist: requested component com.snapchat.android/com.snap.mushroom.MainActivity is in the allowlist
09-07 19:58:10.242  8131  8893 I AiAiVC  : Centralized allowlist: requested package com.google.android.apps.messaging is in the allowlist
09-07 19:58:10.243  8131  8893 I AiAiVC  : Centralized allowlist: requested package com.google.android.apps.maps is in the allowlist
09-07 19:58:10.244  8131  8893 I AiAiVC  : Centralized allowlist: requested package com.google.android.dialer is in the allowlist
09-07 19:58:10.245  8131  8893 I AiAiVC  : Centralized allowlist: requested package com.whatsapp is in the allowlist
09-07 19:58:10.245  8131  8893 I AiAiVC  : Centralized allowlist: requested package jp.naver.line.android is in the allowlist
09-07 19:58:10.246  8131  8893 I AiAiVC  : Centralized allowlist: requested package org.thoughtcrime.securesms is in the allowlist
09-07 19:58:10.248  8131  8893 I AiAiVC  : Centralized allowlist: requested package com.google.android.apps.miphone.aiai.autofill.testapps.autofillapp is in the allowlist
09-07 19:58:10.248  8131  8893 I AiAiVC  : Centralized allowlist: requested package com.google.android.apps.miphone.aiai.translate.testapps.chatapp is in the allowlist
09-07 19:58:10.252  8131  8893 I AiAiVC  : Centralized allowlist: requested package com.google.android.apps.testing.personalcontextapp is in the allowlist
09-07 19:58:10.252  8131  8893 I AiAiVC  : Centralized allowlist: requested component com.google.android.gm/com.google.android.gm.ConversationListActivityGmail is in the allowlist
09-07 19:58:10.253  8131  8893 I AiAiVC  : Centralized allowlist: requested component com.google.android.gm/com.google.android.gm.ComposeActivityGmail is in the allowlist
09-07 19:58:10.255  8131  8893 I AiAiVC  : Centralized allowlist: requested component com.snapchat.android/com.snapchat.android.LandingPageActivity is in the allowlist
09-07 19:58:10.255  8131  8893 I AiAiVC  : Centralized allowlist: requested component com.snapchat.android/com.snap.mushroom.MainActivity is in the allowlist
09-07 19:58:10.266 16016 16055 I android.vending: AssetManager2(0xb400007395eced98) locale list changing from [] to [en-IN]
09-07 19:58:10.294 14328 14334 W System  : A resource failed to call close. 
09-07 19:58:10.309 16016 16055 I android.vending: AssetManager2(0xb400007395ecc818) locale list changing from [] to [en-IN]
09-07 19:58:10.313 14328 16611 W AdvertisingIdSettings: Package com.google.android.apps.nbu.files failed Ad Id permission check. Apps that target Android SDK 33 or higher should declare com.google.android.gms.permission.AD_ID in the app manifest to access Ad Id.
09-07 19:58:10.318 14328 16611 I AdvertisingIdClient: shouldSendLog 26039900
09-07 19:58:10.318 14328 16611 I AdvertisingIdClient: GetInfoInternal elapse 30ms
09-07 19:58:10.339 16016 16055 I android.vending: AssetManager2(0xb400007395ecf3d8) locale list changing from [] to [en-IN]
09-07 19:58:10.431 16016 16055 I android.vending: AssetManager2(0xb400007395ecddf8) locale list changing from [] to [en-IN]
09-07 19:58:10.467 16016 16055 I android.vending: AssetManager2(0xb400007395ecaf18) locale list changing from [] to [en-IN]
09-07 19:58:10.501 16016 16055 I android.vending: AssetManager2(0xb400007395ecbb98) locale list changing from [] to [en-IN]
09-07 19:58:10.513 16016 16055 I android.vending: AssetManager2(0xb400007395ece758) locale list changing from [] to [en-IN]
09-07 19:58:10.560 16016 16112 I android.vending: Explicit concurrent copying GC freed 14MB AllocSpace bytes, 9(316KB) LOS objects, 39% free, 37MB/61MB, paused 1.397ms,429us total 745.945ms
09-07 19:58:10.591 16016 16055 I android.vending: AssetManager2(0xb400007395eca298) locale list changing from [] to [en-IN]
09-07 19:58:10.622 16016 16055 I android.vending: AssetManager2(0xb400007395ebabb8) locale list changing from [] to [en-IN]
09-07 19:58:10.665 16016 16055 I android.vending: AssetManager2(0xb400007395ebfcf8) locale list changing from [] to [en-IN]
09-07 19:58:10.694 16016 16055 I android.vending: AssetManager2(0xb400007395eacab8) locale list changing from [] to [en-IN]
09-07 19:58:10.717 16016 16055 I android.vending: AssetManager2(0xb400007395e40458) locale list changing from [] to [en-IN]
09-07 19:58:10.743 16016 16055 I android.vending: AssetManager2(0xb400007395e377b8) locale list changing from [] to [en-IN]
09-07 19:58:10.758 16016 16055 I android.vending: AssetManager2(0xb400007395ebe3f8) locale list changing from [] to [en-IN]
09-07 19:58:10.778 16016 16055 I android.vending: AssetManager2(0xb400007395ea7018) locale list changing from [] to [en-IN]
09-07 19:58:10.818 16016 16055 I android.vending: AssetManager2(0xb400007395ea0c18) locale list changing from [] to [en-IN]
09-07 19:58:10.853 16016 16055 I android.vending: AssetManager2(0xb400007395eaa538) locale list changing from [] to [en-IN]
09-07 19:58:10.886 16016 16055 I android.vending: AssetManager2(0xb400007395e67558) locale list changing from [] to [en-IN]
09-07 19:58:10.915 16016 16055 I android.vending: AssetManager2(0xb400007395eb92b8) locale list changing from [] to [en-IN]
09-07 19:58:10.948 16016 16055 I android.vending: AssetManager2(0xb400007395ec41b8) locale list changing from [] to [en-IN]
09-07 19:58:10.964 16016 16055 I android.vending: AssetManager2(0xb400007395ec79f8) locale list changing from [] to [en-IN]
09-07 19:58:10.983 16016 16055 I android.vending: AssetManager2(0xb400007395ec76d8) locale list changing from [] to [en-IN]
09-07 19:58:11.007 16016 16055 I android.vending: AssetManager2(0xb400007395ea4458) locale list changing from [] to [en-IN]
09-07 19:58:11.058 16016 16055 I android.vending: AssetManager2(0xb400007395ec73b8) locale list changing from [] to [en-IN]
09-07 19:58:11.085 16016 16055 I android.vending: AssetManager2(0xb400007395ec1f58) locale list changing from [] to [en-IN]
09-07 19:58:11.121 16016 16055 I android.vending: AssetManager2(0xb400007395ec5ab8) locale list changing from [] to [en-IN]
09-07 19:58:11.134 16016 16055 I android.vending: AssetManager2(0xb400007395ec0fb8) locale list changing from [] to [en-IN]
09-07 19:58:11.151 16016 16055 I android.vending: AssetManager2(0xb400007395e7ef78) locale list changing from [] to [en-IN]
09-07 19:58:11.172 16016 16055 I android.vending: AssetManager2(0xb400007395ec3e98) locale list changing from [] to [en-IN]
09-07 19:58:11.189 16016 16055 I android.vending: AssetManager2(0xb400007395eb4498) locale list changing from [] to [en-IN]
09-07 19:58:11.210 16016 16055 I android.vending: AssetManager2(0xb400007395ea4138) locale list changing from [] to [en-IN]
09-07 19:58:11.243 16016 16055 I android.vending: AssetManager2(0xb400007395ea6cf8) locale list changing from [] to [en-IN]
09-07 19:58:11.253 16016 16055 I android.vending: AssetManager2(0xb400007395ecf6f8) locale list changing from [] to [en-IN]
09-07 19:58:11.273 16016 16055 I android.vending: AssetManager2(0xb400007395ebb1f8) locale list changing from [] to [en-IN]
09-07 19:58:11.306 16016 16055 I android.vending: AssetManager2(0xb400007395ebddb8) locale list changing from [] to [en-IN]
09-07 19:58:11.329 16016 16055 I android.vending: AssetManager2(0xb400007395ebc4b8) locale list changing from [] to [en-IN]
09-07 19:58:11.359 16016 16055 I android.vending: AssetManager2(0xb400007395eb2238) locale list changing from [] to [en-IN]
09-07 19:58:11.399 16016 16055 I android.vending: AssetManager2(0xb400007395ebc198) locale list changing from [] to [en-IN]
09-07 19:58:11.464 19513 19513 I m.realshare.app: Using generational CollectorTypeCC GC.
09-07 19:58:11.468 16016 16055 I android.vending: AssetManager2(0xb400007395ed57d8) locale list changing from [] to [en-IN]
09-07 19:58:11.476 19513 19513 E m.realshare.app: BBinder_init Processname  com.realshare.app  
09-07 19:58:11.477 19513 19513 E m.realshare.app: BBinder_init hasGetProcessName  com.realshare.app
09-07 19:58:11.533 19513 19513 W m.realshare.app: Failed to find entry 'classes.dex': Entry not found
09-07 19:58:11.535 19513 19513 W m.realshare.app: Failed to find entry 'classes.dex': Entry not found
09-07 19:58:11.536 19513 19513 W m.realshare.app: Failed to find entry 'classes.dex': Entry not found
09-07 19:58:11.545 19513 19513 I m.realshare.app: AssetManager2(0xb400007395e1f118) locale list changing from [] to [en-IN]
09-07 19:58:11.558 19513 19513 W VSPA    : Unable to open /proc/vivo_rsc/frame_set_priority: No such file or directory
09-07 19:58:11.559 19513 19513 W VSPA    : Unable to open /proc/vivo_rsc/frame_set_priority: No such file or directory
09-07 19:58:11.573 16016 16016 I Finsky  : [2] amgd - Received: android.intent.action.PACKAGE_FIRST_LAUNCH, [cNxYHYWpkSbtXxbvsELfvx4JGzC4sIWVIkpoBa8xU40]
09-07 19:58:11.581 19513 19513 I FirebaseApp: Device unlocked: initializing all Firebase APIs for app [DEFAULT]
09-07 19:58:11.590 19513 19513 I FirebaseInitProvider: FirebaseApp initialization successful
09-07 19:58:11.603 19513 19513 W SoLoader: Initializing SoLoader: 0
09-07 19:58:11.604 19513 19513 W SoLoader: Recording new base apk path: /data/app/~~95Tf-_0jncop4W1fggiPXg==/com.realshare.app-oEzRl9owhitL-FhJKroMCg==/base.apk
09-07 19:58:11.604 19513 19513 W SoLoader: Previously recorded 0 base apk paths.
09-07 19:58:11.605 19513 19513 I SoLoader: Preparing SO source: DirectorySoSource[root = /vendor/lib64 flags = 2]
09-07 19:58:11.605 19513 19513 I SoLoader: Preparing SO source: DirectorySoSource[root = /system/lib64 flags = 2]
09-07 19:58:11.605 19513 19513 I SoLoader: Preparing SO source: DirectApkSoSource[root = [/data/app/~~95Tf-_0jncop4W1fggiPXg==/com.realshare.app-oEzRl9owhitL-FhJKroMCg==/split_config.xxhdpi.apk!/lib/arm64-v8a, /data/app/~~95Tf-_0jncop4W1fggiPXg==/com.realshare.app-oEzRl9owhitL-FhJKroMCg==/base.apk!/lib/arm64-v8a, /data/app/~~95Tf-_0jncop4W1fggiPXg==/com.realshare.app-oEzRl9owhitL-FhJKroMCg==/split_config.en.apk!/lib/arm64-v8a, /data/app/~~95Tf-_0jncop4W1fggiPXg==/com.realshare.app-oEzRl9owhitL-FhJKroMCg==/split_config.arm64_v8a.apk!/lib/arm64-v8a]]
09-07 19:58:11.608 19513 19513 I SoLoader: Preparing SO source: ApplicationSoSource[DirectorySoSource[root = /data/app/~~95Tf-_0jncop4W1fggiPXg==/com.realshare.app-oEzRl9owhitL-FhJKroMCg==/lib/arm64 flags = 0]]
09-07 19:58:11.609 19513 19513 I SoLoader: init finish: 4 SO sources prepared
09-07 19:58:11.609 19513 19513 W SoLoader: SoLoader initialized: 8
09-07 19:58:11.618 16016 16055 I android.vending: AssetManager2(0xb400007395ed5e18) locale list changing from [] to [en-IN]
09-07 19:58:11.619 16016 16041 I Finsky  : [122] RECEIVER_PACKAGE_MONITOR#logWorkEndAndFinishGoAsync: SUCCESS
09-07 19:58:11.642 16016 18905 W FA      : Failed to retrieve Firebase Instance Id
09-07 19:58:11.675 16016 16050 I Finsky  : [131] AIM: AppInfoManager-Perf > OnDeviceAppInfo > cacheHitCount=1, cacheMissCount=0. Missed  in cache (limit 10) : []
09-07 19:58:11.676 16016 16051 I Finsky  : [132] AIM: Got app ownership map. App counts: . Unique apps: 0
09-07 19:58:11.676 16016 16051 E Finsky  : [132] [Counters] attempted to use a non-positive increment for: 4752
09-07 19:58:11.676 16016 16051 E Finsky  : [132] [Counters] attempted to use a non-positive increment for: 4753
09-07 19:58:11.708 16016 16051 I Finsky  : [132] AIM: AppInfoManager-Perf > ItemModel > CacheSize=123, cacheHitCount=1, cacheMissCount=0, total appsWithNoServerDataCount=2. Missed  in cache (limit 10) : []
09-07 19:58:11.724 16016 16055 I android.vending: AssetManager2(0xb400007395e9eff8) locale list changing from [] to [en-IN]
09-07 19:58:11.777  3867  8918 I FusedLocation: (REDACTED) location delivery to %s blocked - too close
09-07 19:58:11.777  3867  8918 I FusedLocation: (REDACTED) location delivery to %s blocked - too close
09-07 19:58:11.777  3867  8918 I FusedLocation: (REDACTED) location delivery to %s blocked - too close
09-07 19:58:11.778  3867  8918 I FusedLocation: (REDACTED) location delivery to %s blocked - too close
09-07 19:58:11.778  3867  8918 I FusedLocation: (REDACTED) location delivery to %s blocked - too close
09-07 19:58:11.778  3867  8918 I FusedLocation: (REDACTED) location delivery to %s blocked - too close
09-07 19:58:11.778  3867  8918 I FusedLocation: (REDACTED) location delivery to %s blocked - too close
09-07 19:58:11.788  3867  8918 I FusedLocation: (REDACTED) location delivery to %s blocked - too fast
09-07 19:58:11.790  3867  8918 I FusedLocation: (REDACTED) location delivery to %s blocked - too fast
09-07 19:58:11.790  3867  8918 I FusedLocation: (REDACTED) location delivery to %s blocked - too fast
09-07 19:58:11.790  3867  8918 I FusedLocation: (REDACTED) location delivery to %s blocked - too fast
09-07 19:58:11.791  3867  8918 I FusedLocation: (REDACTED) location delivery to %s blocked - too fast
09-07 19:58:11.791  3867  8918 I FusedLocation: (REDACTED) location delivery to %s blocked - too fast
09-07 19:58:11.791  3867  8918 I FusedLocation: (REDACTED) location delivery to %s blocked - too fast
09-07 19:58:11.791  3867  8918 I FusedLocation: (REDACTED) location delivery to %s blocked - too fast
09-07 19:58:11.791  3867  8918 I FusedLocation: (REDACTED) location delivery to %s blocked - too fast
09-07 19:58:11.791  3867  8918 I FusedLocation: (REDACTED) location delivery to %s blocked - too fast
09-07 19:58:11.791  3867  8918 I FusedLocation: (REDACTED) location delivery to %s blocked - too fast
09-07 19:58:11.791  3867  8918 I FusedLocation: (REDACTED) location delivery to %s blocked - too fast
09-07 19:58:11.791  3867  8918 I FusedLocation: (REDACTED) location delivery to %s blocked - too close
09-07 19:58:11.791  3867  8918 I FusedLocation: (REDACTED) location delivery to %s blocked - too close
09-07 19:58:11.791  3867  8918 I FusedLocation: (REDACTED) location delivery to %s blocked - too close
09-07 19:58:11.791  3867  8918 I FusedLocation: (REDACTED) location delivery to %s blocked - too close
09-07 19:58:11.791  3867  8918 I FusedLocation: (REDACTED) location delivery to %s blocked - too close
09-07 19:58:11.791  3867  8918 I FusedLocation: (REDACTED) location delivery to %s blocked - too close
09-07 19:58:11.791  3867  8918 I FusedLocation: (REDACTED) location delivery to %s blocked - too close
09-07 19:58:11.792  3867  8918 I FusedLocation: (REDACTED) location delivery to %s blocked - too close
09-07 19:58:11.792  3867  8918 I FusedLocation: (REDACTED) location delivery to %s blocked - too close
09-07 19:58:11.792  3867  8918 I FusedLocation: (REDACTED) location delivery to %s blocked - too close
09-07 19:58:11.792  3867  8918 I FusedLocation: (REDACTED) location delivery to %s blocked - too close
09-07 19:58:11.796  3867  8918 I FusedLocation: (REDACTED) location delivery to %s blocked - too close
09-07 19:58:11.797  3867  8918 I FusedLocation: (REDACTED) location delivery to %s blocked - too close
09-07 19:58:11.797  3867  8918 I FusedLocation: (REDACTED) location delivery to %s blocked - too close
09-07 19:58:11.797  3867  8918 I FusedLocation: (REDACTED) location delivery to %s blocked - too close
09-07 19:58:11.797  3867  8918 I FusedLocation: (REDACTED) location delivery to %s blocked - too close
09-07 19:58:11.797  3867  8918 I FusedLocation: (REDACTED) location delivery to %s blocked - too close
09-07 19:58:11.797  3867  8918 I FusedLocation: (REDACTED) location delivery to %s blocked - too close
09-07 19:58:11.797  3867  8918 I FusedLocation: (REDACTED) location delivery to %s blocked - too close
09-07 19:58:11.797  3867  8918 I FusedLocation: (REDACTED) location delivery to %s blocked - too close
09-07 19:58:11.797  3867  8918 I FusedLocation: (REDACTED) location delivery to %s blocked - too close
09-07 19:58:11.797  3867  8918 I FusedLocation: (REDACTED) location delivery to %s blocked - too close
09-07 19:58:11.799  3867  8918 I FusedLocation: (REDACTED) location delivery to %s blocked - too fast
09-07 19:58:11.799  3867  8918 I FusedLocation: (REDACTED) location delivery to %s blocked - too close
09-07 19:58:11.799  3867  8918 I FusedLocation: (REDACTED) location delivery to %s blocked - too fast
09-07 19:58:11.799  3867  8918 I FusedLocation: (REDACTED) location delivery to %s blocked - too close
09-07 19:58:11.799  3867  8918 I FusedLocation: (REDACTED) location delivery to %s blocked - too fast
09-07 19:58:11.799  3867  8918 I FusedLocation: (REDACTED) location delivery to %s blocked - too close
09-07 19:58:11.799  3867  8918 I FusedLocation: (REDACTED) location delivery to %s blocked - too close
09-07 19:58:11.799  3867  8918 I FusedLocation: (REDACTED) location delivery to %s blocked - too close
09-07 19:58:11.799  3867  8918 I FusedLocation: (REDACTED) location delivery to %s blocked - too close
09-07 19:58:11.837 19513 19554 I DisplayManager: Choreographer implicitly registered for the refresh rate.
09-07 19:58:11.857 19513 19554 I GameManager: __progname=com.realshare.app
09-07 19:58:11.949 19513 19513 I m.realshare.app: AssetManager2(0xb400007395e264b8) locale list changing from [] to [en-IN]
09-07 19:58:11.965 19513 19513 I m.realshare.app: AssetManager2(0xb400007395e27458) locale list changing from [] to [en-IN]
09-07 19:58:11.980 16016 16055 I android.vending: AssetManager2(0xb400007395ecfd38) locale list changing from [] to [en-IN]
09-07 19:58:12.005 19513 19513 W VSPA    : Unable to open /proc/vivo_rsc/frame_set_priority: No such file or directory
09-07 19:58:12.006 19513 19513 W VSPA    : Unable to open /proc/vivo_rsc/frame_set_priority: No such file or directory
09-07 19:58:12.011 19513 19554 I libEGL  : skip_priority_level=0, isWorkaroundEnable=1
09-07 19:58:12.015  1949  1949 I DevicePolicyManager: Finished calculating hasIncompatibleAccountsTask
09-07 19:58:12.044 16016 16055 I android.vending: AssetManager2(0xb400007395ed3ed8) locale list changing from [] to [en-IN]
09-07 19:58:12.059 19513 19513 W VSPA    : Unable to open /proc/vivo_rsc/frame_set_priority: No such file or directory
09-07 19:58:12.066 19513 19513 W VSPA    : Unable to open /proc/vivo_rsc/frame_set_priority: No such file or directory
09-07 19:58:12.075 19513 19513 W unknown:BridgelessReact: ReactHost{0}.startSurface(surfaceId = 0): Schedule
09-07 19:58:12.075 19513 19513 W unknown:BridgelessReact: ReactHost{0}.attachSurface(surfaceId = 0)
09-07 19:58:12.084  8910 11452 E msys    : E[N WA]_WAJMNSStreamImplOnMNSFailure(298)=>[LogLevel:I] WAJMNSStream/impl/callback/onMNSFailure/p=0xb4000073e5ee30f0 (error=MNSTCPSocketReceive(): Software caused connection abort)
09-07 19:58:12.084 19513 19577 W unknown:BridgelessReact: ReactHost{0}.getOrCreateReactInstanceTask()
09-07 19:58:12.084 19513 19577 W unknown:BridgelessReact: ReactHost{0}.getOrCreateReactInstanceTask(): Start
09-07 19:58:12.084 19513 19577 W unknown:BridgelessReact: ReactHost{0}.getJSBundleLoader()
09-07 19:58:12.088 19513 19577 W unknown:BridgelessReact: ReactHost{0}.getOrCreateReactInstanceTask(): Creating BridgelessReactContext
09-07 19:58:12.089 19513 19577 W unknown:BridgelessReact: ReactHost{0}.getOrCreateReactInstanceTask(): Creating ReactInstance
09-07 19:58:12.089 19513 19513 W WindowOnBackDispatcher: OnBackInvokedCallback is not enabled for the application.
09-07 19:58:12.089 19513 19513 W WindowOnBackDispatcher: Set 'android:enableOnBackInvokedCallback="true"' in the application manifest.
09-07 19:58:12.096 19513 19513 W unknown:BridgelessReact: ReactHost{0}.onHostResume(activity)
09-07 19:58:12.097 19513 19513 W unknown:BridgelessReact: ReactHost{0}.ReactContext.onHostResume()
09-07 19:58:12.111 19513 19513 W libc    : Access denied finding property "persist.vivo.ltw.enabled"
09-07 19:58:12.113 19513 19513 W HWUI    : Unknown dataspace 0
09-07 19:58:12.113 14328 16611 I AdvertisingIdClient: shouldSendLog 26039900
09-07 19:58:12.113 14328 16611 I AdvertisingIdClient: GetInfoInternal elapse 256ms
09-07 19:58:12.127 19513 19585 W ServiceManagerCppClient: Failed to get isDeclared for mapper/mediatek: Status(-1, EX_SECURITY): 'SELinux denied for service.'
09-07 19:58:12.127 19513 19585 E Gralloc5: Failed to load mapper.mediatek.so
09-07 19:58:12.139  8910 11452 E msys    : E[N WA]_WAJMNSStreamImplCreateConnectionReport(202)=>[LogLevel:I] WAJMNSStream/impl/report port=5222, connectedIPVersion=4, resolvedIPAddressCount=1, dnsResolutionStartTimeMS=10203108, dnsResolutionEndTimeMS=10203115, dnsCacheHit=Yes, connectStartTimeMS=10203115, connectEndTimeMS=10203121, proxyConnectStartTimeMS=0, proxyConnectEndTimeMS=0
09-07 19:58:12.140  8910 11452 E msys    : E[N WA]_WAJMNSStreamImplUpdateStreamState(238)=>[LogLevel:I] WAJMNSStream/impl/state-changed/p=0xb4000073e5ee30f0 (connected=>disconnected)
09-07 19:58:12.169 19513 19513 E m.realshare.app: [perfctl] 19513 19513 FPSGO ver:7
09-07 19:58:12.169 19513 19513 E m.realshare.app: [perfctl] 1 1 1 0
09-07 19:58:12.181  3867 18798 W ratelimit: Single process limit 50/s drop 3 lines.
09-07 19:58:12.181  3867 18798 I FrewleTileCacheManagerV: (REDACTED) Fetched %d AP models from cache
09-07 19:58:12.198 19513 19554 W BLASTBufferQueue: Unable to open /proc/vivo_rsc/frame_set_priority: No such file or directory
09-07 19:58:12.198 19513 19554 I BLASTBufferQueue: QoSAllocBuff Successful. Ret 0 
--------- beginning of crash
09-07 19:58:12.211 19513 19577 E AndroidRuntime: FATAL EXCEPTION: pool-14-thread-1
09-07 19:58:12.211 19513 19577 E AndroidRuntime: Process: com.realshare.app, PID: 19513
09-07 19:58:12.211 19513 19577 E AndroidRuntime: java.lang.UnsatisfiedLinkError: dlopen failed: cannot locate symbol "_ZNKR8facebook3jsi5Value8asObjectERNS0_7RuntimeE" referenced by "/data/app/~~95Tf-_0jncop4W1fggiPXg==/com.realshare.app-oEzRl9owhitL-FhJKroMCg==/split_config.arm64_v8a.apk!/lib/arm64-v8a/libexpo-av.so"...
09-07 19:58:12.211 19513 19577 E AndroidRuntime: 	at java.lang.Runtime.loadLibrary0(Runtime.java:1111)
09-07 19:58:12.211 19513 19577 E AndroidRuntime: 	at java.lang.Runtime.loadLibrary0(Runtime.java:1033)
09-07 19:58:12.211 19513 19577 E AndroidRuntime: 	at java.lang.System.loadLibrary(System.java:1765)
09-07 19:58:12.211 19513 19577 E AndroidRuntime: 	at expo.modules.av.AVManager.<clinit>(AVManager.java:56)
09-07 19:58:12.211 19513 19577 E AndroidRuntime: 	at expo.modules.av.AVPackage.createInternalModules(AVPackage.java:16)
09-07 19:58:12.211 19513 19577 E AndroidRuntime: 	at expo.modules.adapters.react.ReactModuleRegistryProvider.get(ReactModuleRegistryProvider.java:47)
09-07 19:58:12.211 19513 19577 E AndroidRuntime: 	at expo.modules.adapters.react.ModuleRegistryAdapter.getOrCreateNativeModulesProxy(ModuleRegistryAdapter.java:136)
09-07 19:58:12.211 19513 19577 E AndroidRuntime: 	at expo.modules.adapters.react.ModuleRegistryAdapter.createNativeModules(ModuleRegistryAdapter.java:65)
09-07 19:58:12.211 19513 19577 E AndroidRuntime: 	at expo.modules.ExpoModulesPackage.createNativeModules(ExpoModulesPackage.kt:35)
09-07 19:58:12.211 19513 19577 E AndroidRuntime: 	at com.facebook.react.ReactPackageTurboModuleManagerDelegate.initialize(ReactPackageTurboModuleManagerDelegate.kt:64)
09-07 19:58:12.211 19513 19577 E AndroidRuntime: 	at com.facebook.react.ReactPackageTurboModuleManagerDelegate.<init>(ReactPackageTurboModuleManagerDelegate.kt:42)
09-07 19:58:12.211 19513 19577 E AndroidRuntime: 	at com.facebook.react.defaults.DefaultTurboModuleManagerDelegate.<init>(DefaultTurboModuleManagerDelegate.kt:35)
09-07 19:58:12.211 19513 19577 E AndroidRuntime: 	at com.facebook.react.defaults.DefaultTurboModuleManagerDelegate.<init>(DefaultTurboModuleManagerDelegate.kt:0)
09-07 19:58:12.211 19513 19577 E AndroidRuntime: 	at com.facebook.react.defaults.DefaultTurboModuleManagerDelegate$Builder.build(DefaultTurboModuleManagerDelegate.kt:63)
09-07 19:58:12.211 19513 19577 E AndroidRuntime: 	at com.facebook.react.defaults.DefaultTurboModuleManagerDelegate$Builder.build(DefaultTurboModuleManagerDelegate.kt:43)
09-07 19:58:12.211 19513 19577 E AndroidRuntime: 	at com.facebook.react.ReactPackageTurboModuleManagerDelegate$Builder.build(ReactPackageTurboModuleManagerDelegate.kt:222)
09-07 19:58:12.211 19513 19577 E AndroidRuntime: 	at com.facebook.react.runtime.ReactInstance.<init>(ReactInstance.kt:183)
09-07 19:58:12.211 19513 19577 E AndroidRuntime: 	at com.facebook.react.runtime.ReactHostImpl.getOrCreateReactInstanceTask$lambda$45$lambda$41(ReactHostImpl.kt:1052)
09-07 19:58:12.211 19513 19577 E AndroidRuntime: 	at com.facebook.react.runtime.ReactHostImpl.$r8$lambda$SmdYI7igN6ETqUXjl3FigYM4DHc(ReactHostImpl.kt:0)
09-07 19:58:12.211 19513 19577 E AndroidRuntime: 	at com.facebook.react.runtime.ReactHostImpl$$ExternalSyntheticLambda43.then(D8$$SyntheticClass:0)
09-07 19:58:12.211 19513 19577 E AndroidRuntime: 	at com.facebook.react.runtime.internal.bolts.Task$Companion.completeImmediately$lambda$3(Task.kt:360)
09-07 19:58:12.211 19513 19577 E AndroidRuntime: 	at com.facebook.react.runtime.internal.bolts.Task$Companion.$r8$lambda$b7MTC0ufkn_2TjF4BGcNqGR9qK0(Task.kt:0)
09-07 19:58:12.211 19513 19577 E AndroidRuntime: 	at com.facebook.react.runtime.internal.bolts.Task$Companion$$ExternalSyntheticLambda3.run(D8$$SyntheticClass:0)
09-07 19:58:12.211 19513 19577 E AndroidRuntime: 	at com.facebook.react.runtime.internal.bolts.Executors$ImmediateExecutor.execute(Executors.kt:41)
09-07 19:58:12.211 19513 19577 E AndroidRuntime: 	at com.facebook.react.runtime.internal.bolts.Task$Companion.completeImmediately(Task.kt:358)
09-07 19:58:12.211 19513 19577 E AndroidRuntime: 	at com.facebook.react.runtime.internal.bolts.Task$Companion.access$completeImmediately(Task.kt:254)
09-07 19:58:12.211 19513 19577 E AndroidRuntime: 	at com.facebook.react.runtime.internal.bolts.Task.continueWith(Task.kt:133)
09-07 19:58:12.211 19513 19577 E AndroidRuntime: 	at com.facebook.react.runtime.internal.bolts.Task.continueWith$default(Task.kt:117)
09-07 19:58:12.211 19513 19577 E AndroidRuntime: 	at com.facebook.react.runtime.internal.bolts.Task.onSuccess$lambda$12(Task.kt:176)
09-07 19:58:12.211 19513 19577 E AndroidRuntime: 	at com.facebook.react.runtime.internal.bolts.Task.$r8$lambda$l0wwo5AvbHxlwfI1R7CH_codxoo(Task.kt:0)
09-07 19:58:12.211 19513 19577 E AndroidRuntime: 	at com.facebook.react.runtime.internal.bolts.Task$$ExternalSyntheticLambda2.then(D8$$SyntheticClass:0)
09-07 19:58:12.211 19513 19577 E AndroidRuntime: 	at com.facebook.react.runtime.internal.bolts.Task$Companion.completeAfterTask$lambda$5(Task.kt:394)
09-07 19:58:12.211 19513 19577 E AndroidRuntime: 	at com.facebook.react.runtime.internal.bolts.Task$Companion.$r8$lambda$IPpysnehFwANEiW061YzapkMdoE(Task.kt:0)
09-07 19:58:12.211 19513 19577 E AndroidRuntime: 	at com.facebook.react.runtime.internal.bolts.Task$Companion$$ExternalSyntheticLambda4.run(D8$$SyntheticClass:0)
09-07 19:58:12.211 19513 19577 E AndroidRuntime: 	at java.util.concurrent.ThreadPoolExecutor.runWorker(ThreadPoolExecutor.java:1100)
09-07 19:58:12.211 19513 19577 E AndroidRuntime: 	at java.util.concurrent.ThreadPoolExecutor$Worker.run(ThreadPoolExecutor.java:624)
09-07 19:58:12.211 19513 19577 E AndroidRuntime: 	at java.lang.Thread.run(Thread.java:1572)
09-07 19:58:12.224 16016 16055 I android.vending: AssetManager2(0xb400007395ed0cd8) locale list changing from [] to [en-IN]
09-07 19:58:12.251  3867 18798 I FrewleTileCacheManagerV: (REDACTED) Fetched %d AP models from cache
09-07 19:58:12.285  3867 18798 I FrewleTileCacheManagerV: (REDACTED) Fetched %d AP models from cache
09-07 19:58:12.322 19513 19513 W unknown:BridgelessReact: ReactHost{0}.onHostPause(activity)
09-07 19:58:12.322 19513 19513 W unknown:BridgelessReact: ReactHost{0}.ReactContext.onHostPause()
09-07 19:58:12.348 19513 19577 I Process : Sending signal. PID: 19513 SIG: 9
09-07 19:58:12.350  3867 18798 I FrewleTileCacheManagerV: (REDACTED) Fetched %d AP models from cache
09-07 19:58:12.364  3867 18798 I FrewleTileCacheManagerV: (REDACTED) Fetched %d AP models from cache
09-07 19:58:12.403 16016 16038 I Finsky  : [119] Verifying app locale consistency (current locale = English (India))
09-07 19:58:12.404 16016 16038 I Finsky  : [119] Language Split Installed = true
09-07 19:58:12.404 16016 16038 I Finsky  : [119] Has Inconsistent Persistent Cache = false (cache has locale(s) = [en-IN])
09-07 19:58:12.404 16016 16038 I Finsky  : [119] Has Inconsistent Memory Cache = false (initial locale = English (India))
09-07 19:58:12.441 16016 16055 I android.vending: AssetManager2(0xb400007395ed3258) locale list changing from [] to [en-IN]
09-07 19:58:12.476  3867 18798 I FrewleTileCacheManagerV: (REDACTED) Fetched %d AP models from cache
09-07 19:58:12.483 16016 16016 I ImeTracker: com.android.vending:22d71986: onCancelled at PHASE_CLIENT_ALREADY_HIDDEN
09-07 19:58:12.505  8005  8005 I GoogleInputMethodService: GoogleInputMethodService.onFinishInput():2361 
09-07 19:58:12.528  8005 14956 I Module  : DeviceLockedStatusModuleProvider$Module.updateDeviceLockedStatusInternal():119 repeatCheckTimes = 0, locked = false
09-07 19:58:12.530  8005  8005 I GoogleInputMethodService: GoogleInputMethodService.onStartInput():1532 onStartInput(EditorInfo{EditorInfo{packageName=com.android.vending, inputType=0, inputTypeString=NULL, enableLearning=false, autoCorrection=false, autoComplete=false, imeOptions=0, privateImeOptions=null, actionName=UNSPECIFIED, actionLabel=null, initialSelStart=-1, initialSelEnd=-1, initialCapsMode=0, label=null, fieldId=0, fieldName=null, extras=null, hintText=null, hintLocales=[]}}, false)
09-07 19:58:12.531 16016 16055 I android.vending: AssetManager2(0xb400007395ed1f98) locale list changing from [] to [en-IN]
09-07 19:58:12.533  8005  8005 I LatinIMEBase: LatinIMEBase.updateInputViewCoverNavigation():316 Update input view padding, isNavbarOverInputWindow=true, bottom inset=132
09-07 19:58:12.535  8005 14633 I Module  : DeviceLockedStatusModuleProvider$Module.updateDeviceLockedStatusInternal():119 repeatCheckTimes = 1, locked = false
09-07 19:58:12.658  3867 18798 I FrewleTileCacheManagerV: (REDACTED) Fetched %d AP models from cache
09-07 19:58:12.674 14328 15169 I ConsentManagerApiServic: (REDACTED) ConsentManagerApiService onGetService success %s
09-07 19:58:12.689  3867 18798 I FrewleTileCacheManagerV: (REDACTED) Fetched %d AP models from cache
09-07 19:58:12.703  3867 18798 I FrewleTileCacheManagerV: (REDACTED) Fetched %d AP models from cache
09-07 19:58:12.730  3867 18798 I FrewleTileCacheManagerV: (REDACTED) Fetched %d AP models from cache
09-07 19:58:12.732 16016 16055 I android.vending: AssetManager2(0xb400007395ed6458) locale list changing from [] to [en-IN]
09-07 19:58:12.793 16016 16016 D DisplayEventDispatcher: dispatcher 0xb4000073e5e37b50 ~ Vsync pulse: timestamp=10233720, displayId=4627039422300187648, count=139067, vsyncId=1486599
09-07 19:58:12.794 16016 16016 D DisplayEventDispatcher: Succeeded to request next vsync, mLastVsyncCount=139067, mLastVsyncId=1486599
09-07 19:58:12.801  3867  8918 I FusedLocation: (REDACTED) location delivery to %s blocked - too close
09-07 19:58:12.802 16016 16016 D DisplayEventDispatcher: dispatcher 0xb4000073e5e37b50 ~ Vsync pulse: timestamp=10233729, displayId=4627039422300187648, count=139068, vsyncId=1486614
09-07 19:58:12.802 16016 16016 D DisplayEventDispatcher: Succeeded to request next vsync, mLastVsyncCount=139068, mLastVsyncId=1486614
09-07 19:58:12.803  3867  8918 I FusedLocation: (REDACTED) location delivery to %s blocked - too fast
09-07 19:58:12.803  3867  8918 I FusedLocation: (REDACTED) location delivery to %s blocked - too close
09-07 19:58:12.807  3867  8918 I FusedLocation: (REDACTED) location delivery to %s blocked - too close
09-07 19:58:12.808  3867  8918 I FusedLocation: (REDACTED) location delivery to %s blocked - too fast
09-07 19:58:12.810  3867  8918 I FusedLocation: (REDACTED) location delivery to %s blocked - too fast
09-07 19:58:12.810 16016 16016 D DisplayEventDispatcher: dispatcher 0xb4000073e5e37b50 ~ Vsync pulse: timestamp=10233737, displayId=4627039422300187648, count=139069, vsyncId=1486629
09-07 19:58:12.810 16016 16016 D DisplayEventDispatcher: Succeeded to request next vsync, mLastVsyncCount=139069, mLastVsyncId=1486629
09-07 19:58:12.819 16016 16016 D DisplayEventDispatcher: dispatcher 0xb4000073e5e37b50 ~ Vsync pulse: timestamp=10233745, displayId=4627039422300187648, count=139070, vsyncId=1486644
09-07 19:58:12.819 16016 16016 D DisplayEventDispatcher: Succeeded to request next vsync, mLastVsyncCount=139070, mLastVsyncId=1486644
09-07 19:58:12.826 16016 16016 D DisplayEventDispatcher: dispatcher 0xb4000073e5e37b50 ~ Vsync pulse: timestamp=10233753, displayId=4627039422300187648, count=139071, vsyncId=1486659
09-07 19:58:12.827 16016 16016 D DisplayEventDispatcher: Succeeded to request next vsync, mLastVsyncCount=139071, mLastVsyncId=1486659
09-07 19:58:12.834  3867  8918 I heub    : Received empty WiFi-RTT scan. [CONTEXT service_id=6 ]
09-07 19:58:12.834  3867  8918 I heub    : Received empty WiFi-RTT scan. [CONTEXT service_id=6 ]
09-07 19:58:12.834  3867  8918 I heub    : Received empty WiFi-RTT scan. [CONTEXT service_id=6 ]
09-07 19:58:12.834  3867  8918 I heub    : Received empty WiFi-RTT scan. [CONTEXT service_id=6 ]
09-07 19:58:12.834  3867  8918 I heub    : Received empty WiFi-RTT scan. [CONTEXT service_id=6 ]
09-07 19:58:12.834  3867  8918 I heub    : Received empty WiFi-RTT scan. [CONTEXT service_id=6 ]
09-07 19:58:12.835  3867  8918 I heub    : Received empty WiFi-RTT scan. [CONTEXT service_id=6 ]
09-07 19:58:12.836  3867  8918 I heub    : Received empty WiFi-RTT scan. [CONTEXT service_id=6 ]
09-07 19:58:12.836 16016 16016 D DisplayEventDispatcher: dispatcher 0xb4000073e5e37b50 ~ Vsync pulse: timestamp=10233762, displayId=4627039422300187648, count=139072, vsyncId=1486674
09-07 19:58:12.836 16016 16016 D DisplayEventDispatcher: Succeeded to request next vsync, mLastVsyncCount=139072, mLastVsyncId=1486674
09-07 19:58:12.837  3867  8918 I heub    : Received empty WiFi-RTT scan. [CONTEXT service_id=6 ]
09-07 19:58:12.838  3867  8918 I heub    : Received empty WiFi-RTT scan. [CONTEXT service_id=6 ]
09-07 19:58:12.843 16016 16016 D DisplayEventDispatcher: dispatcher 0xb4000073e5e37b50 ~ Vsync pulse: timestamp=10233770, displayId=4627039422300187648, count=139073, vsyncId=1486689
09-07 19:58:12.843 16016 16016 D DisplayEventDispatcher: Succeeded to request next vsync, mLastVsyncCount=139073, mLastVsyncId=1486689
09-07 19:58:12.851 16016 16016 D DisplayEventDispatcher: dispatcher 0xb4000073e5e37b50 ~ Vsync pulse: timestamp=10233778, displayId=4627039422300187648, count=139074, vsyncId=1486704
09-07 19:58:12.852 16016 16016 D DisplayEventDispatcher: Succeeded to request next vsync, mLastVsyncCount=139074, mLastVsyncId=1486704
09-07 19:58:12.860 16016 16016 D DisplayEventDispatcher: dispatcher 0xb4000073e5e37b50 ~ Vsync pulse: timestamp=10233787, displayId=4627039422300187648, count=139075, vsyncId=1486719
09-07 19:58:12.860 16016 16016 D DisplayEventDispatcher: Succeeded to request next vsync, mLastVsyncCount=139075, mLastVsyncId=1486719
09-07 19:58:12.868 16016 16016 D DisplayEventDispatcher: dispatcher 0xb4000073e5e37b50 ~ Vsync pulse: timestamp=10233795, displayId=4627039422300187648, count=139076, vsyncId=1486734
09-07 19:58:12.868 16016 16016 D DisplayEventDispatcher: Succeeded to request next vsync, mLastVsyncCount=139076, mLastVsyncId=1486734
09-07 19:58:12.876 16016 16016 D DisplayEventDispatcher: dispatcher 0xb4000073e5e37b50 ~ Vsync pulse: timestamp=10233803, displayId=4627039422300187648, count=139077, vsyncId=1486749
09-07 19:58:12.877 16016 16016 D DisplayEventDispatcher: Succeeded to request next vsync, mLastVsyncCount=139077, mLastVsyncId=1486749
09-07 19:58:12.885 16016 16016 D DisplayEventDispatcher: dispatcher 0xb4000073e5e37b50 ~ Vsync pulse: timestamp=10233812, displayId=4627039422300187648, count=139078, vsyncId=1486764
09-07 19:58:12.885 16016 16016 D DisplayEventDispatcher: Succeeded to request next vsync, mLastVsyncCount=139078, mLastVsyncId=1486764
09-07 19:58:12.891 16016 16055 I android.vending: AssetManager2(0xb400007395ed2f38) locale list changing from [] to [en-IN]
09-07 19:58:12.893 16016 16016 D DisplayEventDispatcher: dispatcher 0xb4000073e5e37b50 ~ Vsync pulse: timestamp=10233820, displayId=4627039422300187648, count=139079, vsyncId=1486779
09-07 19:58:12.893 16016 16016 D DisplayEventDispatcher: Succeeded to request next vsync, mLastVsyncCount=139079, mLastVsyncId=1486779
09-07 19:58:12.901 16016 16016 D DisplayEventDispatcher: dispatcher 0xb4000073e5e37b50 ~ Vsync pulse: timestamp=10233828, displayId=4627039422300187648, count=139080, vsyncId=1486794
09-07 19:58:12.901 16016 16016 D DisplayEventDispatcher: Succeeded to request next vsync, mLastVsyncCount=139080, mLastVsyncId=1486794
09-07 19:58:12.909 16016 16016 D DisplayEventDispatcher: dispatcher 0xb4000073e5e37b50 ~ Vsync pulse: timestamp=10233836, displayId=4627039422300187648, count=139081, vsyncId=1486809
09-07 19:58:12.910 16016 16016 D DisplayEventDispatcher: Succeeded to request next vsync, mLastVsyncCount=139081, mLastVsyncId=1486809
09-07 19:58:12.918 16016 16016 D DisplayEventDispatcher: dispatcher 0xb4000073e5e37b50 ~ Vsync pulse: timestamp=10233845, displayId=4627039422300187648, count=139082, vsyncId=1486824
09-07 19:58:12.918 16016 16016 D DisplayEventDispatcher: Succeeded to request next vsync, mLastVsyncCount=139082, mLastVsyncId=1486824
09-07 19:58:12.926 16016 16016 D DisplayEventDispatcher: dispatcher 0xb4000073e5e37b50 ~ Vsync pulse: timestamp=10233853, displayId=4627039422300187648, count=139083, vsyncId=1486846
09-07 19:58:12.926 16016 16016 D DisplayEventDispatcher: Succeeded to request next vsync, mLastVsyncCount=139083, mLastVsyncId=1486846
09-07 19:58:12.934 16016 16016 D DisplayEventDispatcher: dispatcher 0xb4000073e5e37b50 ~ Vsync pulse: timestamp=10233861, displayId=4627039422300187648, count=139084, vsyncId=1486868
09-07 19:58:13.001 16016 16016 W ratelimit: Single process limit 250/s drop 18 lines.
09-07 19:58:13.001 16016 16016 D DisplayEventDispatcher: dispatcher 0xb4000073e5e37b50 ~ Vsync pulse: timestamp=10233928, displayId=4627039422300187648, count=139092, vsyncId=1486988
09-07 19:58:13.001 16016 16016 D DisplayEventDispatcher: Succeeded to request next vsync, mLastVsyncCount=139092, mLastVsyncId=1486988
09-07 19:58:13.007 16016 16055 I android.vending: AssetManager2(0xb400007395ed0378) locale list changing from [] to [en-IN]
09-07 19:58:13.009 16016 16016 D DisplayEventDispatcher: dispatcher 0xb4000073e5e37b50 ~ Vsync pulse: timestamp=10233936, displayId=4627039422300187648, count=139093, vsyncId=1487003
09-07 19:58:13.009 16016 16016 D DisplayEventDispatcher: Succeeded to request next vsync, mLastVsyncCount=139093, mLastVsyncId=1487003
09-07 19:58:13.017 16016 16016 D DisplayEventDispatcher: dispatcher 0xb4000073e5e37b50 ~ Vsync pulse: timestamp=10233944, displayId=4627039422300187648, count=139094, vsyncId=1487018
09-07 19:58:13.018 16016 16016 D DisplayEventDispatcher: Succeeded to request next vsync, mLastVsyncCount=139094, mLastVsyncId=1487018
09-07 19:58:13.026 16016 16016 D DisplayEventDispatcher: dispatcher 0xb4000073e5e37b50 ~ Vsync pulse: timestamp=10233953, displayId=4627039422300187648, count=139095, vsyncId=1487033
09-07 19:58:13.026 16016 16016 D DisplayEventDispatcher: Succeeded to request next vsync, mLastVsyncCount=139095, mLastVsyncId=1487033
09-07 19:58:13.034 16016 16016 D DisplayEventDispatcher: dispatcher 0xb4000073e5e37b50 ~ Vsync pulse: timestamp=10233961, displayId=4627039422300187648, count=139096, vsyncId=1487048
09-07 19:58:13.034 16016 16016 D DisplayEventDispatcher: Succeeded to request next vsync, mLastVsyncCount=139096, mLastVsyncId=1487048
09-07 19:58:13.041 16016 16055 I android.vending: AssetManager2(0xb400007395ed8078) locale list changing from [] to [en-IN]
09-07 19:58:13.042 16016 16016 D DisplayEventDispatcher: dispatcher 0xb4000073e5e37b50 ~ Vsync pulse: timestamp=10233969, displayId=4627039422300187648, count=139097, vsyncId=1487063
09-07 19:58:13.042 16016 16016 D DisplayEventDispatcher: Succeeded to request next vsync, mLastVsyncCount=139097, mLastVsyncId=1487063
09-07 19:58:13.050 16016 16016 D DisplayEventDispatcher: dispatcher 0xb4000073e5e37b50 ~ Vsync pulse: timestamp=10233978, displayId=4627039422300187648, count=139098, vsyncId=1487078
09-07 19:58:13.051 16016 16016 D DisplayEventDispatcher: Succeeded to request next vsync, mLastVsyncCount=139098, mLastVsyncId=1487078
09-07 19:58:13.059 16016 16016 D DisplayEventDispatcher: dispatcher 0xb4000073e5e37b50 ~ Vsync pulse: timestamp=10233986, displayId=4627039422300187648, count=139099, vsyncId=1487093
09-07 19:58:13.059 16016 16016 D DisplayEventDispatcher: Succeeded to request next vsync, mLastVsyncCount=139099, mLastVsyncId=1487093
09-07 19:58:13.067 16016 16016 D DisplayEventDispatcher: dispatcher 0xb4000073e5e37b50 ~ Vsync pulse: timestamp=10233994, displayId=4627039422300187648, count=139100, vsyncId=1487115
09-07 19:58:13.068 16016 16016 D DisplayEventDispatcher: Succeeded to request next vsync, mLastVsyncCount=139100, mLastVsyncId=1487115
09-07 19:58:13.076 16016 16016 D DisplayEventDispatcher: dispatcher 0xb4000073e5e37b50 ~ Vsync pulse: timestamp=10234003, displayId=4627039422300187648, count=139101, vsyncId=1487130
09-07 19:58:13.076 16016 16016 D DisplayEventDispatcher: Succeeded to request next vsync, mLastVsyncCount=139101, mLastVsyncId=1487130
09-07 19:58:13.084 16016 16016 D DisplayEventDispatcher: dispatcher 0xb4000073e5e37b50 ~ Vsync pulse: timestamp=10234011, displayId=4627039422300187648, count=139102, vsyncId=1487138
09-07 19:58:13.084 16016 16016 D DisplayEventDispatcher: Succeeded to request next vsync, mLastVsyncCount=139102, mLastVsyncId=1487138
09-07 19:58:13.090 16016 16055 I android.vending: AssetManager2(0xb400007395edb598) locale list changing from [] to [en-IN]
09-07 19:58:13.092 16016 16016 D DisplayEventDispatcher: dispatcher 0xb4000073e5e37b50 ~ Vsync pulse: timestamp=10234019, displayId=4627039422300187648, count=139103, vsyncId=1487145
09-07 19:58:13.093 16016 16016 D DisplayEventDispatcher: Succeeded to request next vsync, mLastVsyncCount=139103, mLastVsyncId=1487145
09-07 19:58:13.101 16016 16016 D DisplayEventDispatcher: dispatcher 0xb4000073e5e37b50 ~ Vsync pulse: timestamp=10234027, displayId=4627039422300187648, count=139104, vsyncId=1487152
09-07 19:58:13.101 16016 16016 D DisplayEventDispatcher: Succeeded to request next vsync, mLastVsyncCount=139104, mLastVsyncId=1487152
09-07 19:58:13.109 16016 16016 D DisplayEventDispatcher: dispatcher 0xb4000073e5e37b50 ~ Vsync pulse: timestamp=10234036, displayId=4627039422300187648, count=139105, vsyncId=1487159
09-07 19:58:13.109 16016 16016 D DisplayEventDispatcher: Succeeded to request next vsync, mLastVsyncCount=139105, mLastVsyncId=1487159
09-07 19:58:13.112 19148 19188 V ClearcutMetricXmitter: Transmission is done.
09-07 19:58:13.117 16016 16016 D DisplayEventDispatcher: dispatcher 0xb4000073e5e37b50 ~ Vsync pulse: timestamp=10234044, displayId=4627039422300187648, count=139106, vsyncId=1487166
09-07 19:58:13.117 16016 16016 D DisplayEventDispatcher: Succeeded to request next vsync, mLastVsyncCount=139106, mLastVsyncId=1487166
09-07 19:58:13.122 19148 19188 V ClearcutMetricXmitter: Transmission is done.
09-07 19:58:13.125 16016 16016 D DisplayEventDispatcher: dispatcher 0xb4000073e5e37b50 ~ Vsync pulse: timestamp=10234052, displayId=4627039422300187648, count=139107, vsyncId=1487173
09-07 19:58:13.126 16016 16016 D DisplayEventDispatcher: Succeeded to request next vsync, mLastVsyncCount=139107, mLastVsyncId=1487173
09-07 19:58:13.134 16016 16055 I android.vending: AssetManager2(0xb400007395edd4d8) locale list changing from [] to [en-IN]
09-07 19:58:13.134 16016 16016 D DisplayEventDispatcher: dispatcher 0xb4000073e5e37b50 ~ Vsync pulse: timestamp=10234061, displayId=4627039422300187648, count=139108, vsyncId=1487180
09-07 19:58:13.134 16016 16016 D DisplayEventDispatcher: Succeeded to request next vsync, mLastVsyncCount=139108, mLastVsyncId=1487180
09-07 19:58:13.142 16016 16016 D DisplayEventDispatcher: dispatcher 0xb4000073e5e37b50 ~ Vsync pulse: timestamp=10234069, displayId=4627039422300187648, count=139109, vsyncId=1487187
09-07 19:58:13.142 16016 16016 D DisplayEventDispatcher: Succeeded to request next vsync, mLastVsyncCount=139109, mLastVsyncId=1487187
09-07 19:58:13.148 16016 16055 I android.vending: AssetManager2(0xb400007395ed9018) locale list changing from [] to [en-IN]
09-07 19:58:13.150 16016 16016 D DisplayEventDispatcher: dispatcher 0xb4000073e5e37b50 ~ Vsync pulse: timestamp=10234077, displayId=4627039422300187648, count=139110, vsyncId=1487194
09-07 19:58:13.150 16016 16016 D DisplayEventDispatcher: Succeeded to request next vsync, mLastVsyncCount=139110, mLastVsyncId=1487194
09-07 19:58:13.158 16016 16016 D DisplayEventDispatcher: dispatcher 0xb4000073e5e37b50 ~ Vsync pulse: timestamp=10234086, displayId=4627039422300187648, count=139111, vsyncId=1487201
09-07 19:58:13.159 16016 16016 D DisplayEventDispatcher: Succeeded to request next vsync, mLastVsyncCount=139111, mLastVsyncId=1487201
09-07 19:58:13.163 16016 16055 I android.vending: AssetManager2(0xb400007395eda2d8) locale list changing from [] to [en-IN]
09-07 19:58:13.167 16016 16016 D DisplayEventDispatcher: dispatcher 0xb4000073e5e37b50 ~ Vsync pulse: timestamp=10234094, displayId=4627039422300187648, count=139112, vsyncId=1487209
09-07 19:58:13.167 16016 16016 D DisplayEventDispatcher: Succeeded to request next vsync, mLastVsyncCount=139112, mLastVsyncId=1487209
09-07 19:58:13.175 16016 16016 D DisplayEventDispatcher: dispatcher 0xb4000073e5e37b50 ~ Vsync pulse: timestamp=10234102, displayId=4627039422300187648, count=139113, vsyncId=1487216
09-07 19:58:13.175 16016 16016 D DisplayEventDispatcher: Succeeded to request next vsync, mLastVsyncCount=139113, mLastVsyncId=1487216
09-07 19:58:13.183 16016 16016 D DisplayEventDispatcher: dispatcher 0xb4000073e5e37b50 ~ Vsync pulse: timestamp=10234110, displayId=4627039422300187648, count=139114, vsyncId=1487223
09-07 19:58:13.184 16016 16016 D DisplayEventDispatcher: Succeeded to request next vsync, mLastVsyncCount=139114, mLastVsyncId=1487223
09-07 19:58:13.188  3867 16482 I TFLite-in-PlayServices: Created interpreter.
09-07 19:58:13.192 16016 16016 D DisplayEventDispatcher: dispatcher 0xb4000073e5e37b50 ~ Vsync pulse: timestamp=10234119, displayId=4627039422300187648, count=139115, vsyncId=1487230
09-07 19:58:13.192 16016 16016 D DisplayEventDispatcher: Succeeded to request next vsync, mLastVsyncCount=139115, mLastVsyncId=1487230
09-07 19:58:13.195 16016 16055 I android.vending: AssetManager2(0xb400007395edd7f8) locale list changing from [] to [en-IN]
09-07 19:58:13.200 16016 16016 D DisplayEventDispatcher: dispatcher 0xb4000073e5e37b50 ~ Vsync pulse: timestamp=10234127, displayId=4627039422300187648, count=139116, vsyncId=1487237
09-07 19:58:13.200 16016 16016 D DisplayEventDispatcher: Succeeded to request next vsync, mLastVsyncCount=139116, mLastVsyncId=1487237
09-07 19:58:13.208 16016 16016 D DisplayEventDispatcher: dispatcher 0xb4000073e5e37b50 ~ Vsync pulse: timestamp=10234135, displayId=4627039422300187648, count=139117, vsyncId=1487244
09-07 19:58:13.209 16016 16016 D DisplayEventDispatcher: Succeeded to request next vsync, mLastVsyncCount=139117, mLastVsyncId=1487244
09-07 19:58:13.214 16016 16055 I android.vending: AssetManager2(0xb400007395edd1b8) locale list changing from [] to [en-IN]
09-07 19:58:13.217 16016 16016 D DisplayEventDispatcher: dispatcher 0xb4000073e5e37b50 ~ Vsync pulse: timestamp=10234144, displayId=4627039422300187648, count=139118, vsyncId=1487251
09-07 19:58:13.217 16016 16016 D DisplayEventDispatcher: Succeeded to request next vsync, mLastVsyncCount=139118, mLastVsyncId=1487251
09-07 19:58:13.225 16016 16016 D DisplayEventDispatcher: dispatcher 0xb4000073e5e37b50 ~ Vsync pulse: timestamp=10234152, displayId=4627039422300187648, count=139119, vsyncId=1487258
09-07 19:58:13.225 16016 16016 D DisplayEventDispatcher: Succeeded to request next vsync, mLastVsyncCount=139119, mLastVsyncId=1487258
09-07 19:58:13.233 16016 16016 D DisplayEventDispatcher: dispatcher 0xb4000073e5e37b50 ~ Vsync pulse: timestamp=10234160, displayId=4627039422300187648, count=139120, vsyncId=1487265
09-07 19:58:13.233 16016 16016 D DisplayEventDispatcher: Succeeded to request next vsync, mLastVsyncCount=139120, mLastVsyncId=1487265
09-07 19:58:13.241 16016 16016 D DisplayEventDispatcher: dispatcher 0xb4000073e5e37b50 ~ Vsync pulse: timestamp=10234169, displayId=4627039422300187648, count=139121, vsyncId=1487272
09-07 19:58:13.242 16016 16016 D DisplayEventDispatcher: Succeeded to request next vsync, mLastVsyncCount=139121, mLastVsyncId=1487272
09-07 19:58:13.250 16016 16016 D DisplayEventDispatcher: dispatcher 0xb4000073e5e37b50 ~ Vsync pulse: timestamp=10234177, displayId=4627039422300187648, count=139122, vsyncId=1487279
09-07 19:58:13.250 16016 16016 D DisplayEventDispatcher: Succeeded to request next vsync, mLastVsyncCount=139122, mLastVsyncId=1487279
09-07 19:58:13.258 16016 16016 D DisplayEventDispatcher: dispatcher 0xb4000073e5e37b50 ~ Vsync pulse: timestamp=10234185, displayId=4627039422300187648, count=139123, vsyncId=1487286
09-07 19:58:13.258 16016 16016 D DisplayEventDispatcher: Succeeded to request next vsync, mLastVsyncCount=139123, mLastVsyncId=1487286
09-07 19:58:13.267 16016 16016 D DisplayEventDispatcher: dispatcher 0xb4000073e5e37b50 ~ Vsync pulse: timestamp=10234193, displayId=4627039422300187648, count=139124, vsyncId=1487293
09-07 19:58:13.267 16016 16016 D DisplayEventDispatcher: Succeeded to request next vsync, mLastVsyncCount=139124, mLastVsyncId=1487293
09-07 19:58:13.275 16016 16016 D DisplayEventDispatcher: dispatcher 0xb4000073e5e37b50 ~ Vsync pulse: timestamp=10234202, displayId=4627039422300187648, count=139125, vsyncId=1487300
09-07 19:58:13.275 16016 16016 D DisplayEventDispatcher: Succeeded to request next vsync, mLastVsyncCount=139125, mLastVsyncId=1487300
09-07 19:58:13.283 16016 16016 D DisplayEventDispatcher: dispatcher 0xb4000073e5e37b50 ~ Vsync pulse: timestamp=10234210, displayId=4627039422300187648, count=139126, vsyncId=1487307
09-07 19:58:13.283 16016 16016 D DisplayEventDispatcher: Succeeded to request next vsync, mLastVsyncCount=139126, mLastVsyncId=1487307
09-07 19:58:13.291 16016 16016 D DisplayEventDispatcher: dispatcher 0xb4000073e5e37b50 ~ Vsync pulse: timestamp=10234218, displayId=4627039422300187648, count=139127, vsyncId=1487314
09-07 19:58:13.292 16016 16016 D DisplayEventDispatcher: Succeeded to request next vsync, mLastVsyncCount=139127, mLastVsyncId=1487314
09-07 19:58:13.300 16016 16016 D DisplayEventDispatcher: dispatcher 0xb4000073e5e37b50 ~ Vsync pulse: timestamp=10234227, displayId=4627039422300187648, count=139128, vsyncId=1487321
09-07 19:58:13.300 16016 16016 D DisplayEventDispatcher: Succeeded to request next vsync, mLastVsyncCount=139128, mLastVsyncId=1487321
09-07 19:58:13.308 16016 16016 D DisplayEventDispatcher: dispatcher 0xb4000073e5e37b50 ~ Vsync pulse: timestamp=10234235, displayId=4627039422300187648, count=139129, vsyncId=1487328
09-07 19:58:13.308 16016 16016 D DisplayEventDispatcher: Succeeded to request next vsync, mLastVsyncCount=139129, mLastVsyncId=1487328
09-07 19:58:13.316 16016 16016 D DisplayEventDispatcher: dispatcher 0xb4000073e5e37b50 ~ Vsync pulse: timestamp=10234243, displayId=4627039422300187648, count=139130, vsyncId=1487335
09-07 19:58:13.317 16016 16016 D DisplayEventDispatcher: Succeeded to request next vsync, mLastVsyncCount=139130, mLastVsyncId=1487335
09-07 19:58:13.325 16016 16016 D DisplayEventDispatcher: dispatcher 0xb4000073e5e37b50 ~ Vsync pulse: timestamp=10234252, displayId=4627039422300187648, count=139131, vsyncId=1487342
09-07 19:58:13.325  3867 16482 I TFLite-in-PlayServices: Created interpreter.
09-07 19:58:13.325 16016 16016 D DisplayEventDispatcher: Succeeded to request next vsync, mLastVsyncCount=139131, mLastVsyncId=1487342
09-07 19:58:13.333 16016 16016 D DisplayEventDispatcher: dispatcher 0xb4000073e5e37b50 ~ Vsync pulse: timestamp=10234260, displayId=4627039422300187648, count=139132, vsyncId=1487349
09-07 19:58:13.333 16016 16016 D DisplayEventDispatcher: Succeeded to request next vsync, mLastVsyncCount=139132, mLastVsyncId=1487349
09-07 19:58:13.341 16016 16016 D DisplayEventDispatcher: dispatcher 0xb4000073e5e37b50 ~ Vsync pulse: timestamp=10234268, displayId=4627039422300187648, count=139133, vsyncId=1487356
09-07 19:58:13.341 16016 16016 D DisplayEventDispatcher: Succeeded to request next vsync, mLastVsyncCount=139133, mLastVsyncId=1487356
09-07 19:58:13.344 16016 16055 I android.vending: AssetManager2(0xb400007395edc218) locale list changing from [] to [en-IN]
09-07 19:58:13.349 16016 16016 D DisplayEventDispatcher: dispatcher 0xb4000073e5e37b50 ~ Vsync pulse: timestamp=10234277, displayId=4627039422300187648, count=139134, vsyncId=1487363
09-07 19:58:13.350 16016 16016 D DisplayEventDispatcher: Succeeded to request next vsync, mLastVsyncCount=139134, mLastVsyncId=1487363
09-07 19:58:13.358 16016 16016 D DisplayEventDispatcher: dispatcher 0xb4000073e5e37b50 ~ Vsync pulse: timestamp=10234285, displayId=4627039422300187648, count=139135, vsyncId=1487370
09-07 19:58:13.358 16016 16016 D DisplayEventDispatcher: Succeeded to request next vsync, mLastVsyncCount=139135, mLastVsyncId=1487370
09-07 19:58:13.366 16016 16016 D DisplayEventDispatcher: dispatcher 0xb4000073e5e37b50 ~ Vsync pulse: timestamp=10234293, displayId=4627039422300187648, count=139136, vsyncId=1487377
09-07 19:58:13.366 16016 16016 D DisplayEventDispatcher: Succeeded to request next vsync, mLastVsyncCount=139136, mLastVsyncId=1487377
09-07 19:58:13.381  3867 16482 I SemanticLocation: (REDACTED) [Inferrer] %s%s
09-07 19:58:13.392 16016 16055 I android.vending: AssetManager2(0xb400007395edcb78) locale list changing from [] to [en-IN]
09-07 19:58:13.416 16016 16055 I android.vending: AssetManager2(0xb400007395eda918) locale list changing from [] to [en-IN]
09-07 19:58:13.446 16016 16055 I android.vending: AssetManager2(0xb400007395edc538) locale list changing from [] to [en-IN]
09-07 19:58:13.473 16016 16055 I android.vending: AssetManager2(0xb400007395edbbd8) locale list changing from [] to [en-IN]
09-07 19:58:13.498 16016 16055 I android.vending: AssetManager2(0xb400007395edac38) locale list changing from [] to [en-IN]
09-07 19:58:13.522 16016 16055 I android.vending: AssetManager2(0xb400007395eddb18) locale list changing from [] to [en-IN]
09-07 19:58:13.526  3867 19617 I DropBoxUtil: (REDACTED) Reading dropbox entry with tag %s and timestamp %d
09-07 19:58:13.530  3867 19617 I DropBoxUtil: (REDACTED) Reading dropbox entry with tag %s and timestamp %d
09-07 19:58:13.532  3867 19617 I DropBoxUtil: (REDACTED) Reading dropbox entry with tag %s and timestamp %d
09-07 19:58:13.542 16016 16055 I android.vending: AssetManager2(0xb400007395ed9978) locale list changing from [] to [en-IN]
09-07 19:58:13.549  3867 19617 I PlatformStatsUtil: (REDACTED) Uploading %d dropbox entries to Clearcut
09-07 19:58:13.575 16016 16055 I android.vending: AssetManager2(0xb400007395ee03b8) locale list changing from [] to [en-IN]
09-07 19:58:13.601 16016 16055 I android.vending: AssetManager2(0xb400007395ee51d8) locale list changing from [] to [en-IN]
09-07 19:58:13.626 16016 16055 I android.vending: AssetManager2(0xb400007395ee22f8) locale list changing from [] to [en-IN]
09-07 19:58:13.647 16016 16055 I android.vending: AssetManager2(0xb400007395ee3bf8) locale list changing from [] to [en-IN]
09-07 19:58:13.673 16016 16055 I android.vending: AssetManager2(0xb400007395ee5818) locale list changing from [] to [en-IN]
09-07 19:58:13.686  3867 16482 I TFLite-in-PlayServices: Created interpreter.
09-07 19:58:13.697 16016 16055 I android.vending: AssetManager2(0xb400007395edfa58) locale list changing from [] to [en-IN]
09-07 19:58:13.722 16016 16055 I android.vending: AssetManager2(0xb400007395ee3f18) locale list changing from [] to [en-IN]
09-07 19:58:13.761 16016 16055 I android.vending: AssetManager2(0xb400007395ee1998) locale list changing from [] to [en-IN]
09-07 19:58:13.805 16016 16055 I android.vending: AssetManager2(0xb400007395ec3218) locale list changing from [] to [en-IN]
09-07 19:58:13.813 16016 16055 I Finsky  : [136] Installer package name of package com.android.contacts is 
09-07 19:58:13.813 16016 16055 I Finsky  : [136] Installer package name of package com.android.settings is 
09-07 19:58:13.813 16016 16055 I Finsky  : [136] Installer package name of package com.iqoo.website is 
09-07 19:58:13.813 16016 16055 I Finsky  : [136] Installer package name of package com.vivo.gallery is 
09-07 19:58:13.813 16016 16055 I Finsky  : [136] Installer package name of package com.vivo.soundrecorder is 
09-07 19:58:13.813 16016 16055 I Finsky  : [136] Installer package name of package com.vivo.vhome is 
09-07 19:58:13.814 16016 16055 I Finsky  : [136] Installer package name of package com.google.android.apps.docs.editors.docs is 
09-07 19:58:13.814 16016 16055 I Finsky  : [136] Installer package name of package com.google.android.apps.docs.editors.sheets is 
09-07 19:58:13.814 16016 16055 I Finsky  : [136] Installer package name of package com.google.android.apps.docs.editors.slides is 
09-07 19:58:13.814 16016 16055 I Finsky  : [136] Installer package name of package com.xiaomi.calendar is android
09-07 19:58:13.814 16016 16055 I Finsky  : [136] Installer package name of package com.android.VideoPlayer is 
09-07 19:58:13.814 16016 16055 I Finsky  : [136] Installer package name of package com.android.bbk.lockscreen3 is 
09-07 19:58:13.814 16016 16055 I Finsky  : [136] Installer package name of package com.android.bbkmusic is 
09-07 19:58:13.814 16016 16055 I Finsky  : [136] Installer package name of package com.android.camera is 
09-07 19:58:13.814 16016 16055 I Finsky  : [136] Installer package name of package com.android.deskclock is 
09-07 19:58:13.815 16016 16055 I Finsky  : [136] Installer package name of package com.android.filemanager is 
09-07 19:58:13.815 16016 16055 I Finsky  : [136] Installer package name of package com.bbk.cloud is 
09-07 19:58:13.815 16016 16055 I Finsky  : [136] Installer package name of package com.vivo.Tips is 
09-07 19:58:13.815 16016 16055 I Finsky  : [136] Installer package name of package com.vivo.appstore is com.vivo.appstore
09-07 19:58:13.815 16016 16055 I Finsky  : [136] Installer package name of package com.vivo.browser is com.vivo.browser
09-07 19:58:13.815 16016 16055 I Finsky  : [136] Installer package name of package com.vivo.calculator is 
09-07 19:58:13.815 16016 16055 I Finsky  : [136] Installer package name of package com.vivo.compass is 
09-07 19:58:13.815 16016 16055 I Finsky  : [136] Installer package name of package com.vivo.easyshare is 
09-07 19:58:13.815 16016 16055 I Finsky  : [136] Installer package name of package com.vivo.feedback is 
09-07 19:58:13.815 16016 16055 I Finsky  : [136] Installer package name of package com.vivo.game is 
09-07 19:58:13.816 16016 16055 I Finsky  : [136] Installer package name of package com.vivo.imanager is 
09-07 19:58:13.816 16016 16055 I Finsky  : [136] Installer package name of package com.vivo.notes is 
09-07 19:58:13.816 16016 16055 I Finsky  : [136] Installer package name of package com.vivo.simplelauncher is 
09-07 19:58:13.816 16016 16055 I Finsky  : [136] Installer package name of package com.vivo.weather is 
09-07 19:58:13.817 16016 16055 I Finsky  : [136] Installer package name of package com.nianticlabs.pokemongo is com.google.android.packageinstaller
09-07 19:58:13.874  3867 16482 I TFLite-in-PlayServices: Created interpreter.
09-07 19:58:13.971  3867 16482 I SemanticLocation: (REDACTED) [Inferrer] %s%s
09-07 19:58:14.095 16016 16095 I cn_CronetUrlRequestContext: destroyNativeStreamLocked android.net.http.internal.org.chromium.net.impl.CronetBidirectionalStream@690ed9d
09-07 19:58:14.124 16016 16102 W HWUI    : Image decoding logging dropped!
09-07 19:58:14.134 16016 16102 W HWUI    : Image decoding logging dropped!
09-07 19:58:14.173 16016 16016 E Finsky  : [2] Failed to load an Item com.android.chrome, missing shared fields: [4], missing type-specific fields: [0, 0, 0, 0, 0, 0, 0, 0, 64]
09-07 19:58:14.174 16016 16016 E Finsky  : [2] Failed to load an Item com.android.vending, no data available.
09-07 19:58:14.174 16016 16016 E Finsky  : [2] Failed to load an Item com.bbk.theme, missing shared fields: [4], missing type-specific fields: [0, 0, 0, 0, 0, 0, 0, 0, 64]
09-07 19:58:14.174 16016 16016 E Finsky  : [2] Failed to load an Item com.google.android.apps.maps, missing shared fields: [], missing type-specific fields: [0, 0, 0, 0, 0, 0, 0, 0, 64]
09-07 19:58:14.174 16016 16016 E Finsky  : [2] Failed to load an Item com.google.android.apps.messaging, missing shared fields: [4], missing type-specific fields: [0, 0, 0, 0, 0, 0, 0, 0, 64]
09-07 19:58:14.174 16016 16016 E Finsky  : [2] Failed to load an Item com.google.android.apps.photos, missing shared fields: [4], missing type-specific fields: [0, 0, 0, 0, 0, 0, 0, 0, 64]
09-07 19:58:14.174 16016 16016 E Finsky  : [2] Failed to load an Item com.google.android.apps.tachyon, missing shared fields: [4], missing type-specific fields: [0, 0, 0, 0, 0, 0, 0, 0, 64]
09-07 19:58:14.174 16016 16016 E Finsky  : [2] Failed to load an Item com.google.android.calendar, missing shared fields: [4], missing type-specific fields: [0, 0, 0, 0, 0, 0, 0, 0, 64]
09-07 19:58:14.174 16016 16016 E Finsky  : [2] Failed to load an Item com.google.android.gm, missing shared fields: [4], missing type-specific fields: [0, 0, 0, 0, 0, 0, 0, 0, 64]
09-07 19:58:14.174 16016 16016 E Finsky  : [2] Failed to load an Item com.google.android.youtube, missing shared fields: [4], missing type-specific fields: [0, 0, 0, 0, 0, 0, 0, 0, 64]
09-07 19:58:14.174 16016 16016 E Finsky  : [2] Failed to load an Item com.vivo.exhealth, missing shared fields: [], missing type-specific fields: [0, 0, 0, 0, 0, 0, 0, 0, 64]
09-07 19:58:14.174 16016 16016 E Finsky  : [2] Failed to load an Item com.google.android.apps.docs, missing shared fields: [4], missing type-specific fields: [0, 0, 0, 0, 0, 0, 0, 0, 64]
09-07 19:58:14.174 16016 16016 E Finsky  : [2] Failed to load an Item com.google.android.apps.magazines, no data available.
09-07 19:58:14.174 16016 16016 E Finsky  : [2] Failed to load an Item com.google.android.apps.walletnfcrel, no data available.
09-07 19:58:14.174 16016 16016 E Finsky  : [2] Failed to load an Item com.google.android.apps.youtube.music, missing shared fields: [], missing type-specific fields: [0, 0, 0, 0, 0, 0, 0, 0, 64]
09-07 19:58:14.174 16016 16016 E Finsky  : [2] Failed to load an Item com.google.android.contacts, no data available.
09-07 19:58:14.174 16016 16016 E Finsky  : [2] Failed to load an Item com.google.android.dialer, no data available.
09-07 19:58:14.174 16016 16016 E Finsky  : [2] Failed to load an Item com.google.android.videos, missing shared fields: [4], missing type-specific fields: [0, 0, 0, 0, 0, 0, 0, 0, 64]
09-07 19:58:14.175 16016 16016 E Finsky  : [2] Failed to load an Item com.jio.myjio, no data available.
09-07 19:58:14.175 16016 16016 E Finsky  : [2] Failed to load an Item com.mi.android.globalFileexplorer, no data available.
09-07 19:58:14.175 16016 16016 E Finsky  : [2] Failed to load an Item com.snapchat.android, no data available.
09-07 19:58:14.175 16016 16016 E Finsky  : [2] Failed to load an Item com.spotify.music, no data available.
09-07 19:58:14.175 16016 16016 E Finsky  : [2] Failed to load an Item com.truecaller, missing shared fields: [], missing type-specific fields: [0, 0, 0, 0, 0, 0, 0, 0, 64]
09-07 19:58:14.175 16016 16016 E Finsky  : [2] Failed to load an Item com.google.android.apps.bard, missing shared fields: [4], missing type-specific fields: [0, 0, 0, 0, 0, 0, 0, 0, 64]
09-07 19:58:14.175 16016 16016 E Finsky  : [2] Failed to load an Item com.google.android.apps.nbu.files, missing shared fields: [4], missing type-specific fields: [0, 0, 0, 0, 0, 0, 0, 0, 64]
09-07 19:58:14.175 16016 16016 E Finsky  : [2] Failed to load an Item com.google.android.apps.safetyhub, missing shared fields: [4], missing type-specific fields: [0, 0, 0, 0, 0, 0, 0, 0, 64]
09-07 19:58:14.175 16016 16016 E Finsky  : [2] Failed to load an Item com.google.android.googlequicksearchbox, missing shared fields: [4], missing type-specific fields: [0, 0, 0, 0, 0, 0, 0, 0, 64]
09-07 19:58:14.175 16016 16016 E Finsky  : [2] Failed to load an Item archery.clash.tournament, no data available.
09-07 19:58:14.175 16016 16016 E Finsky  : [2] Failed to load an Item cloud.blynk, no data available.
09-07 19:58:14.175 16016 16016 E Finsky  : [2] Failed to load an Item com.alien.shooter.galaxy.attack, no data available.
09-07 19:58:14.175 16016 16016 E Finsky  : [2] Failed to load an Item com.allrcs.RemoteForHaier, no data available.
09-07 19:58:14.175 16016 16016 E Finsky  : [2] Failed to load an Item com.amanotes.pamadancingroad, no data available.
09-07 19:58:14.175 16016 16016 E Finsky  : [2] Failed to load an Item com.amazon.avod.thirdpartyclient, no data available.
09-07 19:58:14.175 16016 16016 E Finsky  : [2] Failed to load an Item com.application.zomato, missing shared fields: [], missing type-specific fields: [0, 0, 0, 0, 0, 0, 0, 0, 64]
09-07 19:58:14.175 16016 16016 E Finsky  : [2] Failed to load an Item com.aqa.link, no data available.
09-07 19:58:14.175 16016 16016 E Finsky  : [2] Failed to load an Item com.bharatpe.app, no data available.
09-07 19:58:14.175 16016 16016 E Finsky  : [2] Failed to load an Item com.bigbasket.mobileapp, no data available.
09-07 19:58:14.175 16016 16016 E Finsky  : [2] Failed to load an Item com.block.juggle, no data available.
09-07 19:58:14.175 16016 16016 E Finsky  : [2] Failed to load an Item com.broxcode.arduinobluetoothfree, no data available.
09-07 19:58:14.175 16016 16016 E Finsky  : [2] Failed to load an Item com.coindcx.btc, no data available.
09-07 19:58:14.175 16016 16016 E Finsky  : [2] Failed to load an Item com.convertx.reward, no data available.
09-07 19:58:14.176 16016 16016 E Finsky  : [2] Failed to load an Item com.cpplusworld.ezykamp, no data available.
09-07 19:58:14.176 16016 16016 E Finsky  : [2] Failed to load an Item com.document.reader.pdfreader.pdf, no data available.
09-07 19:58:14.176 16016 16016 E Finsky  : [2] Failed to load an Item com.dts.freefiremax, no data available.
09-07 19:58:14.176 16016 16016 E Finsky  : [2] Failed to load an Item com.eshare.clientv2, no data available.
09-07 19:58:14.176 16016 16016 E Finsky  : [2] Failed to load an Item com.facebook.katana, no data available.
09-07 19:58:14.176 16016 16016 E Finsky  : [2] Failed to load an Item com.flipkart.android, no data available.
09-07 19:58:14.232  3867 16482 I TFLite-in-PlayServices: Created interpreter.
09-07 19:58:14.270  3867 16482 I TFLite-in-PlayServices: Created interpreter.
09-07 19:58:14.298  3867 16482 I SemanticLocation: (REDACTED) [Inferrer] %s%s
09-07 19:58:14.386 12456 12496 W native  : W0000 00:00:1788791294.385954   12496 lag_detector.cc:58] Pipeline lagging by 3.159563481s. Continue processing samples.
09-07 19:58:14.604  3867 16482 I TFLite-in-PlayServices: Created interpreter.
09-07 19:58:14.633  3867 16482 I TFLite-in-PlayServices: Created interpreter.
09-07 19:58:14.656  3867 16482 I SemanticLocation: (REDACTED) [Inferrer] %s%s
09-07 19:58:15.005 16016 16016 W ratelimit: Single process limit 50/s drop 185 lines.
09-07 19:58:15.068 16016 16016 I cr_WVCFactoryProvider: version=151.0.7922.200 (792220003) minSdkVersion=29 multiprocess=true packageId=2 splits=config.arm64_v8a,config.en,phonesky_data_loader,phonesky_data_loader.config.arm64_v8a,phonesky_webrtc_native_lib,phonesky_webrtc_native_lib.config.arm64_v8a
09-07 19:58:15.117 16016 16016 I cr_LibraryLoader: Successfully loaded native library
09-07 19:58:15.125 16016 16016 I cr_CachingUmaRecorder: Flushed 43 samples from 22 histograms, 0 samples were dropped.
09-07 19:58:15.133 16016 16016 I cr_ChildProcLH: ScopedServiceBindingBatch.tryActivate: false
09-07 19:58:15.135 16016 16016 I cr_CombinedPProvider: #registerProvider() provider:WV.sj@fb55c72 isPolicyCacheEnabled:false policyProvidersSize:0
09-07 19:58:15.136 16016 16016 I cr_PolicyProvider: #setManagerAndSource() 0
09-07 19:58:15.137 16016 19626 I cr_policy: registerReceiver succeeded after 1ms
09-07 19:58:15.138 16016 16016 I cr_DisplayManager: Is Display Topology available: false
09-07 19:58:15.139 16016 16016 I android.vending: AssetManager2(0xb400007395f05ed8) locale list changing from [] to [en-IN]
09-07 19:58:15.142 16016 16016 I android.vending: AssetManager2(0xb400007395f00758) locale list changing from [] to [en-IN]
09-07 19:58:15.179 16016 16016 I cr_CombinedPProvider: #linkNativeInternal() 1
09-07 19:58:15.182 16016 16016 I cr_AppResProvider: #getApplicationRestrictionsFromUserManager() Bundle[EMPTY_PARCEL]
09-07 19:58:15.182 16016 16016 I cr_PolicyProvider: #notifySettingsAvailable() 0
09-07 19:58:15.182 16016 16016 I cr_CombinedPProvider: #onSettingsAvailable() 0
09-07 19:58:15.182 16016 16016 I cr_CombinedPProvider: #flushPolicies()
09-07 19:58:15.314 12742 19682 W adservices: Skip logging because Cobalt is disabled.
09-07 19:58:15.314 12742 19681 W adservices: Skip logging because Cobalt logger is null
09-07 19:58:15.342 16016 19669 W cr_media: BLUETOOTH_CONNECT permission is missing.
09-07 19:58:15.343 16016 19669 W cr_media: getBluetoothAdapter() requires BLUETOOTH permission
09-07 19:58:15.343 16016 19669 W cr_media: registerBluetoothIntentsIfNeeded: Requires BLUETOOTH permission
09-07 19:58:15.352 16016 19683 E libEGL  : eglQueryStringImpl display is EGL_NO_DISPLAY
09-07 19:58:15.384 16016 19764 I CameraManagerGlobal: Connecting to camera service
09-07 19:58:15.399 16016 19683 I libEGL  : skip_priority_level=0, isWorkaroundEnable=1
09-07 19:58:15.405  3867  9210 I FontLog : (REDACTED) Received query %s, URI %s
09-07 19:58:15.406  3867  9210 I FontLog : (REDACTED) Query [%s] resolved to %s
09-07 19:58:15.409  3867  9210 I FontLog : (REDACTED) Font PFD returned from cache for %s
09-07 19:58:15.410  3867  9210 I FontLog : (REDACTED) Fetch %s end status %s
09-07 19:58:15.417  3867  9210 I FontLog : (REDACTED) Pulling font file for id = %d, cache size = %d
09-07 19:58:15.421  3867  9210 I FontLog : (REDACTED) Received query %s, URI %s
09-07 19:58:15.421  3867  9210 I FontLog : (REDACTED) Query [%s] resolved to %s
09-07 19:58:15.422 16016 16016 I cr_AppResProvider: #getApplicationRestrictionsFromUserManager() Bundle[EMPTY_PARCEL]
09-07 19:58:15.422 16016 16016 I cr_PolicyProvider: #notifySettingsAvailable() 0
09-07 19:58:15.423 16016 16016 I cr_CombinedPProvider: #onSettingsAvailable() 0
09-07 19:58:15.423 16016 16016 I cr_CombinedPProvider: #flushPolicies()
09-07 19:58:15.424 16016 16016 I Choreographer: Skipped 42 frames!  The application may be doing too much work on its main thread.
09-07 19:58:15.426  3867  9210 I FontLog : (REDACTED) Fetch %s end status %s
09-07 19:58:15.428  3867  9210 I FontLog : (REDACTED) Pulling font file for id = %d, cache size = %d
09-07 19:58:15.430  3867  9210 I FontLog : (REDACTED) Received query %s, URI %s
09-07 19:58:15.430  3867  9210 I FontLog : (REDACTED) Query [%s] resolved to %s
09-07 19:58:15.431  3867  9210 I FontLog : (REDACTED) Font PFD returned from cache for %s
09-07 19:58:15.431  3867  9210 I FontLog : (REDACTED) Fetch %s end status %s
09-07 19:58:15.433  3867  5811 I FontLog : (REDACTED) Pulling font file for id = %d, cache size = %d
09-07 19:58:15.435  3867  5811 I FontLog : (REDACTED) Received query %s, URI %s
09-07 19:58:15.436  3867  5811 I FontLog : (REDACTED) Query [%s] resolved to %s
09-07 19:58:15.437  3867  5811 I FontLog : (REDACTED) Font PFD returned from cache for %s
09-07 19:58:15.438  3867  5811 I FontLog : (REDACTED) Fetch %s end status %s
09-07 19:58:15.439  3867  5811 I FontLog : (REDACTED) Pulling font file for id = %d, cache size = %d
09-07 19:58:15.443  3867  5811 I FontLog : (REDACTED) Received query %s, URI %s
09-07 19:58:15.443  3867  5811 I FontLog : (REDACTED) Query [%s] resolved to %s
09-07 19:58:15.443  3867 18798 W FontLog : Error updating last accessed time for {Google Sans, wdth 100.0, wght 400, ital 0.0, bestEffort false}, isVf false}. [CONTEXT service_id=132 ]
09-07 19:58:15.443  3867 18798 W FontLog : java.lang.IllegalStateException: The database '/data/user/0/com.google.android.gms/databases/metadata.db' is not open.
09-07 19:58:15.443  3867 18798 W FontLog : 	at android.database.sqlite.SQLiteDatabase.throwIfNotOpenLocked(SQLiteDatabase.java:2944)
09-07 19:58:15.443  3867 18798 W FontLog : 	at android.database.sqlite.SQLiteDatabase.createSession(SQLiteDatabase.java:630)
09-07 19:58:15.443  3867 18798 W FontLog : 	at android.database.sqlite.SQLiteDatabase$$ExternalSyntheticLambda0.get(D8$$SyntheticClass:0)
09-07 19:58:15.443  3867 18798 W FontLog : 	at java.lang.ThreadLocal$SuppliedThreadLocal.initialValue(ThreadLocal.java:357)
09-07 19:58:15.443  3867 18798 W FontLog : 	at java.lang.ThreadLocal.setInitialValue(ThreadLocal.java:225)
09-07 19:58:15.443  3867 18798 W FontLog : 	at java.lang.ThreadLocal.get(ThreadLocal.java:194)
09-07 19:58:15.443  3867 18798 W FontLog : 	at java.lang.ThreadLocal.get(ThreadLocal.java:172)
09-07 19:58:15.443  3867 18798 W FontLog : 	at android.database.sqlite.SQLiteDatabase.getThreadSession(SQLiteDatabase.java:624)
09-07 19:58:15.443  3867 18798 W FontLog : 	at android.database.sqlite.SQLiteProgram.<init>(SQLiteProgram.java:62)
09-07 19:58:15.443  3867 18798 W FontLog : 	at android.database.sqlite.SQLiteStatement.<init>(SQLiteStatement.java:34)
09-07 19:58:15.443  3867 18798 W FontLog : 	at android.database.sqlite.SQLiteDatabase.executeSql(SQLiteDatabase.java:2234)
09-07 19:58:15.443  3867 18798 W FontLog : 	at android.database.sqlite.SQLiteDatabase.execSQL(SQLiteDatabase.java:2211)
09-07 19:58:15.443  3867 18798 W FontLog : 	at cgqu.run(:com.google.android.gms@263234035@26.32.34 (260400-968093310):57)
09-07 19:58:15.443  3867 18798 W FontLog : 	at bnli.d(:com.google.android.gms@263234035@26.32.34 (260400-968093310):50)
09-07 19:58:15.443  3867 18798 W FontLog : 	at bnli.c(:com.google.android.gms@263234035@26.32.34 (260400-968093310):6)
09-07 19:58:15.443  3867 18798 W FontLog : 	at bnli.run(:com.google.android.gms@263234035@26.32.34 (260400-968093310):33)
09-07 19:58:15.443  3867 18798 W FontLog : 	at java.util.concurrent.ThreadPoolExecutor.runWorker(ThreadPoolExecutor.java:1100)
09-07 19:58:15.443  3867 18798 W FontLog : 	at java.util.concurrent.ThreadPoolExecutor$Worker.run(ThreadPoolExecutor.java:624)
09-07 19:58:15.443  3867 18798 W FontLog : 	at bnri.run(:com.google.android.gms@263234035@26.32.34 (260400-968093310):8)
09-07 19:58:15.443  3867 18798 W FontLog : 	at java.lang.Thread.run(Thread.java:1572)
09-07 19:58:15.445  3867  5811 I FontLog : (REDACTED) Font PFD returned from cache for %s
09-07 19:58:15.445  3867  5811 I FontLog : (REDACTED) Fetch %s end status %s
09-07 19:58:15.448  3867  5811 I FontLog : (REDACTED) Pulling font file for id = %d, cache size = %d
09-07 19:58:15.530 16016 19764 I DMABUFHEAPS: Using DMA-BUF heap named: system
09-07 19:58:15.533 16016 19764 E VivoJsonResourceManager: mmap ok
09-07 19:58:15.533 16016 19764 I DMABUFHEAPS: Using DMA-BUF heap named: system
09-07 19:58:15.533 16016 19764 E VivoJsonResourceManager: mmap ok
09-07 19:58:15.564 16016 19683 I libEGL  : skip_priority_level=0, isWorkaroundEnable=1
09-07 19:58:15.583 16016 19677 W MediaCodec-JNI: pid:16016,client name:com.android.vending
09-07 19:58:15.586 16016 19677 W AudioCapabilities: Unsupported mediaType audio/x-ms-wma
09-07 19:58:15.587 16016 19677 W AudioCapabilities: Unsupported mediaType audio/mpeg-L1
09-07 19:58:15.588 16016 19677 W AudioCapabilities: Unsupported mediaType audio/mpeg-L2
09-07 19:58:15.588 16016 19677 W AudioCapabilities: Unsupported mediaType audio/ra
09-07 19:58:15.589 16016 19677 W AudioCapabilities: Unsupported mediaType audio/alac
09-07 19:58:15.589 16016 19677 W AudioCapabilities: Unsupported mediaType audio/ape
09-07 19:58:15.590 16016 19677 W AudioCapabilities: Unsupported mediaType audio/x-ape
09-07 19:58:15.591 16016 19677 W AudioCapabilities: Unsupported mediaType audio/adpcm
09-07 19:58:15.591 16016 19677 W AudioCapabilities: Unsupported mediaType audio/x-ms-adpcm
09-07 19:58:15.592 16016 19677 W AudioCapabilities: Unsupported mediaType audio/pcm
09-07 19:58:15.592 16016 19677 W AudioCapabilities: Unsupported mediaType audio/dsd
09-07 19:58:15.593 16016 19677 W VideoCapabilities: Unsupported mime video/rv
09-07 19:58:15.594 16016 19677 W VideoCapabilities: Unsupported mime video/x-ms-wmv
09-07 19:58:16.675 16016 19655 W ratelimit: Single process limit 50/s drop 85 lines.
09-07 19:58:17.229 16016 19669 W cr_media: Requires MODIFY_AUDIO_SETTINGS and RECORD_AUDIO. No audio device will be available for recording
09-07 19:58:17.290 16016 16016 I PlayCore: UID: [10202]  PID: [16016] StandardIntegrity : warmUpIntegrityToken(868618676952)
09-07 19:58:17.291 16016 16016 I PlayCore: UID: [10202]  PID: [16016] StandardIntegrity : warmUpIntegrityToken(868618676952)
09-07 19:58:17.293 16016 19818 I PlayCore: UID: [10202]  PID: [16016] StandardIntegrity : Initiate binding to the service.
09-07 19:58:17.296 16016 19818 I PlayCore: UID: [10202]  PID: [16016] StandardIntegrity : Already connected to the service.
09-07 19:58:17.296 16016 19818 I PlayCore: UID: [10202]  PID: [16016] StandardIntegrity : Waiting to bind to the service.
09-07 19:58:17.433 16016 16016 I PlayCore: UID: [10202]  PID: [16016] StandardIntegrity : ServiceConnectionImpl.onServiceConnected(ComponentInfo{com.android.vending/com.google.android.finsky.expressintegrityservice.ExpressIntegrityService})
09-07 19:58:17.435 16016 19818 I PlayCore: UID: [10202]  PID: [16016] StandardIntegrity : linkToDeath
09-07 19:58:17.563 16016 19655 I cr_MediaCodecBridge: create MediaCodec video decoder, mime video/x-vnd.on2.vp9, decoder name c2.mtk.vp9.decoder, block_model=false
09-07 19:58:17.591 16016 19655 W libc    : Access denied finding property "vendor.debug.stagefright.mediacodec.trace"
09-07 19:58:17.592 16016 19655 W libc    : Access denied finding property "vendor.media.c2.frameworks.debug.log"
09-07 19:58:17.596 16016 19683 I libEGL  : skip_priority_level=0, isWorkaroundEnable=1
09-07 19:58:17.599 16016 19655 W libc    : Access denied finding property "vendor.debug.stagefright.BufferCount"
09-07 19:58:17.599 16016 19655 W libc    : Access denied finding property "vendor.media.c2.frameworks.debug.log"
09-07 19:58:17.599 16016 19655 W libc    : Access denied finding property "vendor.media.c2.frameworks.buffercount.trace"
09-07 19:58:17.601 16016 19655 I CCodecBufferChannel: Constructor 0xb4000074c5e58990
09-07 19:58:17.601 16016 19655 I CCodecBufferChannel: mIsVivoLogEnable = 0
09-07 19:58:17.601 16016 19655 I CCodecBufferChannel: CCodecBufferChannel[0xb4000074c5e58990], mNumOutputsSlotAdd: 0
09-07 19:58:17.601 16016 19655 W libc    : Access denied finding property "vendor.media.c2.frameworks.debug.log"
09-07 19:58:17.610 16016 19829 I ApexCodecsLazy: Failed to load libcom.android.media.swcodec.apexcodecs.so: dlopen failed: library "libcom.android.media.swcodec.apexcodecs.so" not found
09-07 19:58:17.610 16016 19829 I Codec2Client: Cache codec-service name runing in process:com.android.vending
09-07 19:58:17.610 16016 19829 I Codec2Client: Available Codec2 services: "default" "software" "vivocodec"
09-07 19:58:17.625 16016 19683 W Dawn    : Warning: maxDynamicUniformBuffersPerPipelineLayout artificially reduced from 32 to 16 to fit dynamic offset allocation limit.
09-07 19:58:17.625 16016 19683 W Dawn    : Warning: maxDynamicStorageBuffersPerPipelineLayout artificially reduced from 32 to 16 to fit dynamic offset allocation limit.
09-07 19:58:17.629 16016 19829 I CCodec  : setting up 'default' as default (vendor) store
09-07 19:58:17.630 16016 16051 W android.vending: Monitor::Inflate: Install failed 0x73ac1fc0
09-07 19:58:17.701 16016 19829 I CCodec  : Created component [c2.mtk.vp9.decoder] for [c2.mtk.vp9.decoder]
09-07 19:58:17.701 16016 19829 I CCodecBufferChannel: is C2 video Decoder,enable buffermanager timeOut.
09-07 19:58:17.734 19857 19857 I webview_service: Using generational CollectorTypeCC GC.
09-07 19:58:17.743 19857 19857 E webview_service: BBinder_init Processname  com.google.android.webview:webview_service  
09-07 19:58:17.743 19857 19857 E webview_service: BBinder_init hasGetProcessName  com.google.android.webview:webview_service
09-07 19:58:17.760 16016 19829 I CCodecConfig: query failed after returning 18 values (BAD_INDEX)
09-07 19:58:17.761 16016 19829 W ColorUtils: expected specified color aspects (2:0:0:0)
09-07 19:58:17.763 16016 19669 W cr_media: Requires MODIFY_AUDIO_SETTINGS and RECORD_AUDIO. No audio device will be available for recording
09-07 19:58:17.799 16016 19825 I MediaCodec: MediaCodec will operate in async mode
09-07 19:58:17.802 16016 19655 E MediaCodec: Media Quality Service not found.
09-07 19:58:17.821 16016 19825 I MediaCodec: [c2.mtk.vp9.decoder] setting surface generation to 16400385
09-07 19:58:17.826 16016 19829 W Codec2Client: query -- param skipped: index = 1107298332.
09-07 19:58:17.826 16016 19829 W CCodec  : This behavior is subject to change. It is recommended that app developers double check whether the requested max input size is in reasonable range.
09-07 19:58:17.826 16016 19829 I CCodecConfig: query failed after returning 19 values (BAD_INDEX)
09-07 19:58:17.827 16016 19829 E android.vending: Failed to query component interface for required system resources: 6
09-07 19:58:17.830 16016 19683 I libEGL  : skip_priority_level=0, isWorkaroundEnable=1
09-07 19:58:17.835 16016 19829 W Codec2Client: query -- param skipped: index = 1342179345.
09-07 19:58:17.835 16016 19829 W Codec2Client: query -- param skipped: index = 2415921170.
09-07 19:58:17.835 16016 19829 W Codec2Client: query -- param skipped: index = 1610614798.
09-07 19:58:17.837 19857 19857 I webview_service: AssetManager2(0xb400007395e23f38) locale list changing from [] to [en-IN]
09-07 19:58:17.842 16016 19829 I CCodecBufferChannel: [c2.mtk.vp9.decoder#71] Created output block pool with allocatorID 18 => poolID 33 - OK
09-07 19:58:17.860 16016 19829 I DMABUFHEAPS: Using DMA-BUF heap named: mtk_mm
09-07 19:58:17.871 19857 19857 I cr_WebViewApkApp: version=151.0.7922.200 (792220003) minSdkVersion=29 processName=com.google.android.webview:webview_service splits=<none>
09-07 19:58:17.873 16016 19825 I VivoVideoDumpInfo: property persist.sys.log.ctrl-->no
09-07 19:58:17.873 16016 19825 I VivoVideoDumpInfo: logger is not running,videoDump is disable.
09-07 19:58:17.978 19877 19877 I android.rkpdapp: AssetManager2(0xb400007395e23f38) locale list changing from [] to [en-IN]
09-07 19:58:18.012 19877 19877 E ShaderCache: Open /system/etc/shaders_cache/shaders_cache_size_coeffs.json failed
09-07 19:58:18.022 16016 16016 W ratelimit: Single process limit 50/s drop 11 lines.
09-07 19:58:18.022 16016 16016 W BitmapDrawable: BitmapDrawable cannot decode 
09-07 19:58:18.082 16016 16060 W BLASTBufferQueue: Unable to open /proc/vivo_rsc/frame_set_priority: No such file or directory
09-07 19:58:18.082 16016 16060 I BLASTBufferQueue: QoSAllocBuff Successful. Ret 0 
09-07 19:58:18.128 19877 19920 I RkpdRegistrationBinder: Key requested for : android.hardware.security.keymint.IRemotelyProvisionedComponent/default, clientUid: 1017, keyId: 10202, callback: 131837748
09-07 19:58:18.141  3867 15145 I NearbyMediums: No BLE Fast/GATT advertisements found in the latest cycle.
09-07 19:58:18.142  3867 15145 I NearbyMediums: Current Tracked Scanning Clients are : {NearbyConnections.EnvironmentMonitor, NearbySharing, NearbyConnections.TxAdvertisement}
09-07 19:58:18.153 19877 19920 I RkpdRegistrationBinder: Key successfully assigned to client
09-07 19:58:18.215  3867 18798 I NetworkScheduler.Stats: (REDACTED) Task %s/%s started execution. cause:%s exec_start_elapsed_seconds: %s
09-07 19:58:18.219 16016 19858 I Finsky  : [331] Integrity key attestation record generated successfully.
09-07 19:58:18.246 19877 19927 I RkpdRegistrationBinder: Key requested for : android.hardware.security.keymint.IRemotelyProvisionedComponent/default, clientUid: 1017, keyId: 10202, callback: 49221048
09-07 19:58:18.246  3867 19293 I NetworkScheduler.Stats: (REDACTED) Task %s/%s started execution. cause:%s exec_start_elapsed_seconds: %s
09-07 19:58:18.253 19877 19927 I RkpdRegistrationBinder: Key successfully assigned to client
09-07 19:58:18.306 14328 14358 I PlayGamesServices[GamesSyncAdapter]: Starting sync for a52584b5
09-07 19:58:18.306 14328 18648 I PlayGamesServices[GamesSyncAdapter]: Starting sync for 7a5c7801
09-07 19:58:18.330 14328 14358 I PlayGamesServices[GamesSyncAdapter]: Sync duration for a52584b5: 15
09-07 19:58:18.330 14328 18648 I PlayGamesServices[GamesSyncAdapter]: Sync duration for 7a5c7801: 15
09-07 19:58:18.354 16016 19858 I Finsky  : [331] Integrity key attestation record generated successfully.
09-07 19:58:18.360  3867 18798 I NetworkScheduler.Stats: (REDACTED) Task %s/%s finished executing. cause:%s result: %s elapsed_millis: %s uptime_millis: %s exec_start_elapsed_seconds: %s
09-07 19:58:18.365 14328 16471 W PlayGamesServices[UiUtils]: AppVersion: Cannot find the installed destination app.
09-07 19:58:18.365 14328 16471 I GetServiceValidatorImpl: (REDACTED) onGetService() from Client SDK version [%s], Module version [%s], PGA version [%s], Account [%s], Calling package [%s], Game package [%s]
09-07 19:58:18.366 14328 16471 I GetGamesServiceReqFacto: (REDACTED) Parsing request with ignored arguments. signInOptionsBundle [%s], isRetryingSignIn [%s], skipWelcomePopup [%s], requireGooglePlus [%s]
09-07 19:58:18.367 14328 16471 I GetGamesServiceReqFacto: Replacing request for `games` scope with `games_lite`
09-07 19:58:18.373  3867 18798 I NetworkScheduler.Stats: (REDACTED) Task %s/%s finished executing. cause:%s result: %s elapsed_millis: %s uptime_millis: %s exec_start_elapsed_seconds: %s
09-07 19:58:18.375 14328 19931 I SignInPerformer-1: (REDACTED) Handling request [%s], isFirstPartyCaller [%s]
09-07 19:58:18.376 14328 19931 I SignInPerformer-1: Successfully brokered first-party unauthenticated GamesService [CONTEXT service_id=1 ]
09-07 19:58:18.378 14328 19931 I GetGamesServiceV2Op: (REDACTED) Successfully brokered GamesService for request %s
09-07 19:58:18.378 14328 16471 W PlayGamesServices[UiUtils]: AppVersion: Cannot find the installed destination app.
09-07 19:58:18.378 14328 16471 W PlayGamesServices[UiUtils]: AppVersionName: Cannot find the installed destination app.
09-07 19:58:18.383 14328 16471 W PlayGamesServices[UiUtils]: AppVersion: Cannot find the installed destination app.
09-07 19:58:18.383 14328 16471 W PlayGamesServices[UiUtils]: AppVersionName: Cannot find the installed destination app.
09-07 19:58:18.440  3867 18798 I NetworkScheduler.Stats: (REDACTED) Task %s/%s started execution. cause:%s exec_start_elapsed_seconds: %s
09-07 19:58:18.453 14328 14358 I PlayGamesServices[GamesSyncAdapter]: Starting sync for c6525b72
09-07 19:58:18.457 14328 14358 I PlayGamesServices[GamesSyncAdapter]: Sync duration for c6525b72: 2
09-07 19:58:18.460 14328 16471 W PlayGamesServices[UiUtils]: AppVersion: Cannot find the installed destination app.
09-07 19:58:18.460 14328 16471 W PlayGamesServices[UiUtils]: AppVersionName: Cannot find the installed destination app.
09-07 19:58:18.490  3867 19293 I NetworkScheduler.Stats: (REDACTED) Task %s/%s started execution. cause:%s exec_start_elapsed_seconds: %s
09-07 19:58:18.496  3867 18798 I NetworkScheduler.Stats: (REDACTED) Task %s/%s finished executing. cause:%s result: %s elapsed_millis: %s uptime_millis: %s exec_start_elapsed_seconds: %s
09-07 19:58:18.500 14328 18648 I PlayGamesServices[GamesSyncAdapter]: Starting sync for 1ff0759f
09-07 19:58:18.503 14328 18648 I PlayGamesServices[GamesSyncAdapter]: Sync duration for 1ff0759f: 2
09-07 19:58:18.506 14328 16471 W PlayGamesServices[UiUtils]: AppVersion: Cannot find the installed destination app.
09-07 19:58:18.506 14328 16471 W PlayGamesServices[UiUtils]: AppVersionName: Cannot find the installed destination app.
09-07 19:58:18.554  3867 18798 I NetworkScheduler.Stats: (REDACTED) Task %s/%s started execution. cause:%s exec_start_elapsed_seconds: %s
09-07 19:58:18.557 14328 14358 I PlayGamesServices[GamesSyncAdapter]: Starting sync for b3c81c3
09-07 19:58:18.560 14328 14358 I PlayGamesServices[GamesSyncAdapter]: Sync duration for b3c81c3: 2
09-07 19:58:18.562  3867 19293 I NetworkScheduler.Stats: (REDACTED) Task %s/%s finished executing. cause:%s result: %s elapsed_millis: %s uptime_millis: %s exec_start_elapsed_seconds: %s
09-07 19:58:18.564 14328 16471 W PlayGamesServices[UiUtils]: AppVersion: Cannot find the installed destination app.
09-07 19:58:18.564 14328 16471 W PlayGamesServices[UiUtils]: AppVersionName: Cannot find the installed destination app.
09-07 19:58:18.577  3867 19293 I NetworkScheduler.Stats: (REDACTED) Task %s/%s finished executing. cause:%s result: %s elapsed_millis: %s uptime_millis: %s exec_start_elapsed_seconds: %s
09-07 19:58:18.606 16016 19818 I PlayCore: UID: [10202]  PID: [16016] StandardIntegrity : Leaving the connection open for other ongoing calls.
09-07 19:58:18.606 16016 16055 I PlayCore: UID: [10202]  PID: [16016] OnWarmUpIntegrityTokenCallback : onWarmUpExpressIntegrityToken
09-07 19:58:18.621 16016 16213 I IPCThreadState: oneway function results for code 2 on binder at 0xb400007555e9cc10 will be dropped but finished with status UNKNOWN_TRANSACTION
09-07 19:58:18.627 16016 16016 I PlayCore: UID: [10202]  PID: [16016] StandardIntegrity : requestExpressIntegrityToken(1931049915177185145)
09-07 19:58:18.627 16016 19818 I PlayCore: UID: [10202]  PID: [16016] StandardIntegrity : Already connected to the service.
09-07 19:58:18.633 16016 16040 I PlayCore: UID: [10202]  PID: [16016] OnRequestIntegrityTokenCallback : onRequestExpressIntegrityToken
09-07 19:58:18.634 16016 19818 I PlayCore: UID: [10202]  PID: [16016] StandardIntegrity : Leaving the connection open for other ongoing calls.
09-07 19:58:18.659  3867 16482 I NetworkScheduler.Stats: (REDACTED) Task %s/%s started execution. cause:%s exec_start_elapsed_seconds: %s
09-07 19:58:18.667 14328 18648 I PlayGamesServices[GamesSyncAdapter]: Starting sync for 13085513
09-07 19:58:18.671 14328 18648 I PlayGamesServices[GamesSyncAdapter]: Sync duration for 13085513: 2
09-07 19:58:18.675 14328 16471 W PlayGamesServices[UiUtils]: AppVersion: Cannot find the installed destination app.
09-07 19:58:18.676 14328 16471 W PlayGamesServices[UiUtils]: AppVersionName: Cannot find the installed destination app.
09-07 19:58:18.703  3867 19293 I NetworkScheduler.Stats: (REDACTED) Task %s/%s started execution. cause:%s exec_start_elapsed_seconds: %s
09-07 19:58:18.707  3867 19293 I NetworkScheduler.Stats: (REDACTED) Task %s/%s finished executing. cause:%s result: %s elapsed_millis: %s uptime_millis: %s exec_start_elapsed_seconds: %s
09-07 19:58:18.715  3867 19293 I NetworkScheduler.Stats: (REDACTED) Task %s/%s finished executing. cause:%s result: %s elapsed_millis: %s uptime_millis: %s exec_start_elapsed_seconds: %s
09-07 19:58:18.734 16016 16050 I PlayCore: UID: [10202]  PID: [16016] OnWarmUpIntegrityTokenCallback : onWarmUpExpressIntegrityToken
09-07 19:58:18.734 16016 19818 I PlayCore: UID: [10202]  PID: [16016] StandardIntegrity : Unbind from service.
09-07 19:58:19.594 12456 12496 I native  : I0000 00:00:1788791299.594082   12496 soda_impl.cc:1990] Adding hotword timeout event
09-07 19:58:19.610 12456 12558 W ProxyAndroidLoggerBackend: Too many Flogger logs received before configuration. Dropping old logs.
09-07 19:58:19.616 12456 12558 W ProxyAndroidLoggerBackend: Too many Flogger logs received before configuration. Dropping old logs.
09-07 19:58:19.623 12456 12558 W ProxyAndroidLoggerBackend: Too many Flogger logs received before configuration. Dropping old logs.
09-07 19:58:20.164  9706 10981 W BLASTBufferQueue: Unable to open /proc/vivo_rsc/frame_set_priority: No such file or directory
09-07 19:58:20.164  9706 10981 I BLASTBufferQueue: QoSAllocBuff Successful. Ret 0 
09-07 19:58:20.285  9706  9706 I cgno    : onStart
09-07 19:58:20.470  9706  9706 I cgfa    : onStart
09-07 19:58:20.526  9706  9706 I ceco    : (REDACTED) [%s] onStart()
09-07 19:58:20.530  9706  9706 I cefc    : Reloading theme data
09-07 19:58:20.590  9706  9706 I cgno    : onResume
09-07 19:58:20.594  9706  9706 W dytk    : missing event name
09-07 19:58:20.599  9706  9706 I cgfa    : onResume
09-07 19:58:20.923 16016 16102 W HWUI    : Image decoding logging dropped!
09-07 19:58:21.051 16016 19655 W cr_MediaCodecBridge: Releasing: c2.mtk.vp9.decoder
09-07 19:58:21.053 16016 19825 I MediaCodec: ++kWhatRelease   mState :6
09-07 19:58:21.054 16016 19825 I MediaCodec: [c2.mtk.vp9.decoder] setting surface generation to 16400386
09-07 19:58:21.064 16016 19655 W cr_MediaCodecBridge: Codec released
09-07 19:58:21.077 16016 20001 I hw-BpHwBinder: onLastStrongRef automatically unlinking death recipients
09-07 19:58:21.085 16016 19825 I CCodecBufferChannel: Destructor 0xb4000074c5e58990
09-07 19:58:21.153 16016 16016 I PlayCore: UID: [10202]  PID: [16016] StandardIntegrity : requestExpressIntegrityToken(1931049915177185145)
09-07 19:58:21.153 16016 19818 I PlayCore: UID: [10202]  PID: [16016] StandardIntegrity : Initiate binding to the service.
09-07 19:58:21.159 16016 16016 I PlayCore: UID: [10202]  PID: [16016] StandardIntegrity : ServiceConnectionImpl.onServiceConnected(ComponentInfo{com.android.vending/com.google.android.finsky.expressintegrityservice.ExpressIntegrityService})
09-07 19:58:21.159 16016 19818 I PlayCore: UID: [10202]  PID: [16016] StandardIntegrity : linkToDeath
09-07 19:58:21.167 16016 16038 I PlayCore: UID: [10202]  PID: [16016] OnRequestIntegrityTokenCallback : onRequestExpressIntegrityToken
09-07 19:58:21.167 16016 19818 I PlayCore: UID: [10202]  PID: [16016] StandardIntegrity : Unbind from service.
09-07 19:58:21.175 16016 16016 I PlayCore: UID: [10202]  PID: [16016] StandardIntegrity : requestExpressIntegrityToken(1931049915177185145)
09-07 19:58:21.175 16016 19818 I PlayCore: UID: [10202]  PID: [16016] StandardIntegrity : Initiate binding to the service.
09-07 19:58:21.181 16016 16016 I PlayCore: UID: [10202]  PID: [16016] StandardIntegrity : ServiceConnectionImpl.onServiceConnected(ComponentInfo{com.android.vending/com.google.android.finsky.expressintegrityservice.ExpressIntegrityService})
09-07 19:58:21.181 16016 19818 I PlayCore: UID: [10202]  PID: [16016] StandardIntegrity : linkToDeath
09-07 19:58:21.186 16016 16038 I PlayCore: UID: [10202]  PID: [16016] OnRequestIntegrityTokenCallback : onRequestExpressIntegrityToken
09-07 19:58:21.186 16016 19818 I PlayCore: UID: [10202]  PID: [16016] StandardIntegrity : Unbind from service.
09-07 19:58:21.330 16016 16060 I HWUI    : [destroy] CanvasContext will be destroyed.
09-07 19:58:21.365 16016 16016 I Finsky  : [2] Memory trim requested to level 20
09-07 19:58:21.366 16016 16016 I Finsky  : [2] Flushing in-memory image cache
09-07 19:58:21.449  8005  8005 I SubtypeOperator: SubtypeOperator$1.onUnbindInput():43 
09-07 19:58:21.450  8005  8005 I SubtypeOperator: SubtypeOperator$1.onBindInput():33 
09-07 19:58:21.451  8005  8005 I GoogleInputMethodService: GoogleInputMethodService.onFinishInput():2361 
09-07 19:58:21.458  8005 14942 I Module  : DeviceLockedStatusModuleProvider$Module.updateDeviceLockedStatusInternal():119 repeatCheckTimes = 0, locked = false
09-07 19:58:21.459  8005  8005 I GoogleInputMethodService: GoogleInputMethodService.onStartInput():1532 onStartInput(EditorInfo{EditorInfo{packageName=com.android.launcher3, inputType=0, inputTypeString=NULL, enableLearning=false, autoCorrection=false, autoComplete=false, imeOptions=0, privateImeOptions=null, actionName=UNSPECIFIED, actionLabel=null, initialSelStart=-1, initialSelEnd=-1, initialCapsMode=0, label=null, fieldId=0, fieldName=null, extras=null, hintText=null, hintLocales=[]}}, false)
09-07 19:58:21.460  8005  8005 I LatinIMEBase: LatinIMEBase.updateInputViewCoverNavigation():316 Update input view padding, isNavbarOverInputWindow=true, bottom inset=132
09-07 19:58:21.462  8005 14954 I Module  : DeviceLockedStatusModuleProvider$Module.updateDeviceLockedStatusInternal():119 repeatCheckTimes = 1, locked = false
09-07 19:58:21.491 16016 16060 I HWUI    : [destroy] CanvasContext will be destroyed.
09-07 19:58:21.510 16016 16060 I HWUI    : [destroy] CanvasContext will be destroyed.
09-07 19:58:21.528 16016 16060 I HWUI    : [setStopped] CanvasContext will be destroyed.
09-07 19:58:21.598 16016 16060 I HWUI    : [setStopped] CanvasContext will be destroyed.
09-07 19:58:21.600 16016 16060 I HWUI    : [setStopped] CanvasContext will be destroyed.
09-07 19:58:21.602 16016 18905 W FA      : Failed to retrieve Firebase Instance Id
09-07 19:58:22.114 16016 16216 I android.vending: Explicit concurrent copying GC freed 16MB AllocSpace bytes, 31(976KB) LOS objects, 37% free, 40MB/64MB, paused 581us,214us total 1.213s
09-07 19:58:23.610 16016 18905 I FA      : Application backgrounded at: timestamp_millis: 1788791301607
09-07 19:58:23.611 16016 18905 W FA      : Failed to retrieve Firebase Instance Id
09-07 19:58:26.109  3867 16482 I CastDatabase: Saving the database
09-07 19:58:26.129  3867 16482 I SQLiteCastStore: [CastNetworkInfo] saved: 1, skipped: 0, [CastDeviceInfo]: saved 1, skipped 0, [ProbedNetworks]: saved 0, skipped: 0, [ProbedSocketAddress]: saved 1, skipped: 0, [Network-Device pairs]: saved: 1
09-07 19:58:28.148  3867 19543 I NearbyMediums: No BLE Fast/GATT advertisements found in the latest cycle.
09-07 19:58:28.148  3867 19543 I NearbyMediums: Current Tracked Scanning Clients are : {NearbyConnections.EnvironmentMonitor, NearbySharing, NearbyConnections.TxAdvertisement}
09-07 19:58:31.486 16016 16016 I Finsky  : [2] SCH: Received scheduling request: Id: 16-16161616, Constraints: [{ L: 60000, D: 60000, C: CHARGING_NONE, I: IDLE_NONE, N: NET_NONE, B: BATTERY_ANY }]
09-07 19:58:31.554 16016 16048 I Finsky  : [129] WM::SCH: Logging work initialize for 16-16161616
09-07 19:58:31.567 16016 16052 I Finsky  : [133] SCH: Scheduling phonesky job Id: 16-16161616, CT: 1788791311488, Constraints: [{ L: 60000, D: 60000, C: CHARGING_NONE, I: IDLE_NONE, N: NET_NONE, B: BATTERY_ANY }]
09-07 19:58:31.574 16016 16050 I Finsky  : [131] SCH: Scheduling 1 system job(s)
09-07 19:58:31.574 16016 16050 W JobInfo : Job 'com.android.vending/com.google.android.finsky.scheduler.process.mainimpl.PhoneskyJobServiceMain#9941' has a deadline with no functional constraints. The deadline won't improve job execution latency. Consider removing the deadline.
09-07 19:58:31.574 16016 16050 I Finsky  : [131] SCH: Scheduling system job Id: 9941, L: 59914, D: 59914, C: false, I: false, N: 0
09-07 19:58:31.629 16016 16146 I Finsky  : [189] Triggered update for experiment package com.google.android.finsky.regular.
09-07 19:58:31.658 16016 16145 I android.vending: AssetManager2(0xb400007395f110f8) locale list changing from [] to [en-IN]
09-07 19:58:31.701 16016 16146 I Finsky  : [189] Regular flags synced
09-07 19:58:31.703 16016 16146 I Finsky  : [189] Writing flags config, size 1.
09-07 19:58:31.704 16016 16146 I Finsky  : [189] Started writing experiment flags into file [0tWwJsvdIlhZBsrq7AFAL3lmlRM9oOr2tTum-arehmI].
09-07 19:58:31.715 16016 16146 I Finsky  : [189] Finished writing experiment flags into file [0tWwJsvdIlhZBsrq7AFAL3lmlRM9oOr2tTum-arehmI], numFlags=2076.
09-07 19:58:31.720 16016 16146 I Finsky  : [189] Successfully applied new configurations for package com.google.android.finsky.regular.
09-07 19:58:31.720 16016 20031 I Finsky  : [332] Triggered update for experiment package com.google.android.finsky.stable_new.
09-07 19:58:31.796 16016 16045 I Finsky  : [126] Skipping RPC call to retrieve flag name to ID mapping.
09-07 19:58:31.796 16016 20031 I Finsky  : [332] Successfully applied new configurations for package com.google.android.finsky.stable_new.
09-07 19:58:31.797 16016 20031 I Finsky  : [332] [EExp] Exporting experiments for package com.google.android.finsky.stable_new.
09-07 19:58:31.797 16016 20031 I Finsky  : [332] [EExp] Exporting experiments for namespace com.google.android.finsky.stable_new.
09-07 19:58:31.797 16016 20031 I Finsky  : [332] [EExp] Invalid namespace for exporting experiments: com.google.android.finsky.stable_new.
09-07 19:58:31.798 16016 20031 I Finsky  : [332] [EExp] Successfully exported experiments for package com.google.android.finsky.stable_new.
09-07 19:58:31.798 16016 16146 I Finsky  : [189] Triggered update for experiment package com.google.android.finsky.regular.
09-07 19:58:31.828 16016 16146 I Finsky  : [189] Already at the latest configurations for experiment package com.google.android.finsky.regular.
09-07 19:58:31.829 16016 16146 I Finsky  : [189] Triggered update for experiment package com.google.android.finsky.stable.
09-07 19:58:31.864 16016 16146 I Finsky  : [189] Writing flags config, size 1.
09-07 19:58:31.864 16016 16146 I Finsky  : [189] Started writing experiment flags into file [8uKij9Tp4PZyjSvh8NyLyFvuCv94NONrKvkkdzEKIoQ].
09-07 19:58:31.872 16016 16146 I Finsky  : [189] Finished writing experiment flags into file [8uKij9Tp4PZyjSvh8NyLyFvuCv94NONrKvkkdzEKIoQ], numFlags=2591.
09-07 19:58:31.877 16016 16146 I Finsky  : [189] Successfully applied new configurations for package com.google.android.finsky.stable.
09-07 19:58:31.877 16016 16146 I Finsky  : [189] [EExp] Exporting experiments for package com.google.android.finsky.stable.
09-07 19:58:31.877 16016 16146 I Finsky  : [189] [EExp] Exporting experiments for namespace com.google.android.finsky.stable.
09-07 19:58:31.908 16016 16146 I Finsky  : [189] [EExp] Successfully exported experiments for package com.google.android.finsky.stable.
09-07 19:58:31.909 16016 16146 I Finsky  : [189] Triggered update for experiment package com.google.android.finsky.regular.
09-07 19:58:31.953 16016 16146 I Finsky  : [189] Regular flags synced
09-07 19:58:31.954 16016 16146 I Finsky  : [189] Writing flags config, size 1.
09-07 19:58:31.955 16016 16146 I Finsky  : [189] Started writing experiment flags into file [4QHnNQO5ip_tgTgbVOrF3m6jfW58Yzww8rhY6jDYz7U].
09-07 19:58:31.968 16016 16146 I Finsky  : [189] Finished writing experiment flags into file [4QHnNQO5ip_tgTgbVOrF3m6jfW58Yzww8rhY6jDYz7U], numFlags=2075.
09-07 19:58:31.973 16016 16146 I Finsky  : [189] Successfully applied new configurations for package com.google.android.finsky.regular.
09-07 19:58:31.973 16016 16146 I Finsky  : [189] [EExp] Exporting experiments for package com.google.android.finsky.regular.
09-07 19:58:31.973 16016 16146 I Finsky  : [189] [EExp] Exporting experiments for namespace com.google.android.finsky.regular.
09-07 19:58:31.976 16016 16146 I Finsky  : [189] [EExp] Successfully exported experiments for package com.google.android.finsky.regular.
09-07 19:58:31.976 16016 16146 I Finsky  : [189] Triggered update for experiment package com.google.android.finsky.regular.
09-07 19:58:32.000 16016 16146 I Finsky  : [189] Already at the latest configurations for experiment package com.google.android.finsky.regular.
09-07 19:58:32.000 16016 16146 I Finsky  : [189] Triggered update for experiment package com.google.android.finsky.regular.
09-07 19:58:32.023 16016 16146 I Finsky  : [189] Already at the latest configurations for experiment package com.google.android.finsky.regular.
09-07 19:58:32.023 16016 16146 I Finsky  : [189] Triggered update for experiment package com.google.android.finsky.regular.
09-07 19:58:32.044 16016 16146 I Finsky  : [189] Already at the latest configurations for experiment package com.google.android.finsky.regular.
09-07 19:58:32.045 16016 16146 I Finsky  : [189] Triggered update for experiment package com.google.android.finsky.regular.
09-07 19:58:32.066 16016 16146 I Finsky  : [189] Already at the latest configurations for experiment package com.google.android.finsky.regular.
